Pair;Direction;Status;Signal_Time;Entry_Time;RSI_5m;RSI_SMA_5m;RSI_Diff_5m;RSI_15m;RSI_SMA_15m;RSI_Diff_15m;Avg_Diff_15m;Signal_Price;Entry_Price;Quality;Confidence;Total_Score;Base_Score;Technical_Score;Volume_Score;Volatility_Score;Bonus_Score;Penalty_Score;Score_Percentage;Volume_Quality;Volume_Ratio;Current_Volume;Avg_Volume;Volatility_Quality;Volatility_Ratio;Current_ATR;Avg_ATR;Primary_Passed_5m;Primary_Failed_5m;Confirmation_Passed_15m;Confirmation_Failed_15m;Skip_Reason;Comment
BTC/USDT;Short;open;2025-07-29 13:35:00;2025-07-29 13:45:00;57,23385783325465;59,73988300904746;-2,506025175792807;53,53778309454767;49,66588217626842;3,871900918279252;6,116304349603446;118924,8;118924,8;Excellent;100.0%;205,0;50,0;125,0;12,0;10,0;8,0;0,0;92,76018099547511;Very High;2,713984924772611;237,274821;87,42672769999999;Optimal;1,068443128342812;243,09399400913858;227,52169728133757;"RSI Cross SMA Down: Prev: RSI=60.74 vs SMA=60.39, Curr: RSI=57.23 vs SMA=59.74; RSI Entry Zone: RSI_SMA=60.39 > 60.0; Position Delay: Delay >= 12 candles";;"RSI-SMA Difference: RSI-SMA=3.87 >= 2.0; RSI Above 50: RSI=53.54 >= 50; SMA Not Increasing: SMA: 49.12 -> 49.67; No SMA Downtrend: SMA changes: ['0.549', '0.392', '-0.124']";;;5m cross, 15m confirmed
BTC/USDT;Long;open;2025-07-29 14:40:00;2025-07-29 14:50:00;40,17215330433493;38,530984268239656;1,6411690360952704;40,181933684122235;49,1987283718228;-9,016794687700568;-9,947552840963295;118268,9;118268,9;Excellent;100.0%;184,0;50,0;125,0;-5,0;10,0;8,0;-4,0;83,2579185520362;Low;1,0020528055282916;114,577752;114,343028;Optimal;1,1455573751679387;278,9631576138846;243,517403546015;"RSI Cross SMA Up: Prev: RSI=31.50 vs SMA=40.00, Curr: RSI=40.17 vs SMA=38.53; RSI Entry Zone: RSI_SMA=40.00 < 40.0; Position Delay: Delay >= 12 candles";;"SMA-RSI Difference: SMA-RSI=9.02 >= 2.0; RSI Below 50: RSI=40.18 <= 50; SMA Not Falling: SMA: 49.32 -> 49.20; No SMA Uptrend: SMA changes: ['-0.126', '0.148', '-0.433']";;;5m cross, 15m confirmed
BTC/USDT;Long;open;2025-07-29 15:10:00;2025-07-29 15:20:00;33,012215926489745;32,58562399632337;0,4265919301663743;31,74235888757967;47,47919282161365;-15,736833934033982;-13,519562526974967;117785,4;117785,4;Excellent;100.0%;196,0;50,0;125,0;3,0;10,0;8,0;0,0;88,68778280542986;Normal;1,1796880927854987;145,788602;123,58232899999999;Optimal;1,1860502988444104;303,6728246772787;256,03705422371416;"RSI Cross SMA Up: Prev: RSI=28.84 vs SMA=32.51, Curr: RSI=33.01 vs SMA=32.59; RSI Entry Zone: RSI_SMA=32.51 < 40.0; Position Delay: Delay >= 12 candles";;"SMA-RSI Difference: SMA-RSI=15.74 >= 2.0; RSI Below 50: RSI=31.74 <= 50; SMA Not Falling: SMA: 48.31 -> 47.48; No SMA Uptrend: SMA changes: ['-0.833', '-0.886', '-0.126']";;;5m cross, 15m confirmed
BTC/USDT;Long;open;2025-07-29 15:45:00;2025-07-29 15:55:00;31,56144080520191;30,47398857656221;1,0874522286397017;26,293845172744;42,386273742833374;-16,092428570089375;-17,157630066382314;117542,5;117542,5;Excellent;100.0%;196,0;50,0;125,0;3,0;10,0;8,0;0,0;88,68778280542986;Normal;1,4658500761407613;199,852625;136,3390624;Optimal;1,127459104029662;308,83844599707754;273,9243001304927;"RSI Cross SMA Up: Prev: RSI=25.78 vs SMA=30.47, Curr: RSI=31.56 vs SMA=30.47; RSI Entry Zone: RSI_SMA=30.47 < 40.0; Position Delay: Delay >= 12 candles";;"SMA-RSI Difference: SMA-RSI=16.09 >= 2.0; RSI Below 50: RSI=26.29 <= 50; SMA Not Falling: SMA: 44.68 -> 42.39; No SMA Uptrend: SMA changes: ['-2.295', '-1.317', '-1.481']";;;5m cross, 15m confirmed
BTC/USDT;Long;open;2025-07-29 16:05:00;2025-07-29 16:15:00;32,49883126609858;29,32204726378415;3,1767840023144274;28,00984239086671;40,04986239359913;-12,040020002732419;-15,255583697758404;117463,7;117463,7;Excellent;100.0%;194,0;50,0;125,0;-5,0;10,0;18,0;-4,0;87,78280542986425;Low;0,8016501830076396;109,336359;136,389115;Optimal;1,0815182924218114;300,37141414014366;277,7312378762739;"RSI Cross SMA Up: Prev: RSI=27.65 vs SMA=29.26, Curr: RSI=32.50 vs SMA=29.32; RSI Entry Zone: RSI_SMA=29.26 < 40.0; Position Delay: Delay >= 12 candles";;"SMA-RSI Difference: SMA-RSI=12.04 >= 2.0; RSI Below 50: RSI=28.01 <= 50; SMA Not Falling: SMA: 42.39 -> 40.05; No SMA Uptrend: SMA changes: ['-2.336', '-2.295', '-1.317']";;;5m cross, 15m confirmed
BTC/USDT;Long;open;2025-07-29 16:40:00;2025-07-29 16:50:00;43,80017556857453;29,393864797317544;14,406310771256987;31,53596749943047;36,27325123115945;-4,737283731728979;-9,419610812601734;117460,4;117460,4;Excellent;100.0%;206,0;50,0;125,0;3,0;10,0;18,0;0,0;93,21266968325791;Normal;1,7992899106674536;265,425956;147,51705905;Optimal;1,0995476785484712;315,63045402900036;287,05481370818654;"RSI Cross SMA Up: Prev: RSI=21.98 vs SMA=28.22, Curr: RSI=43.80 vs SMA=29.39; RSI Entry Zone: RSI_SMA=28.22 < 40.0; Position Delay: Delay >= 12 candles";;"SMA-RSI Difference: SMA-RSI=4.74 >= 2.0; RSI Below 50: RSI=31.54 <= 50; SMA Not Falling: SMA: 37.96 -> 36.27; No SMA Uptrend: SMA changes: ['-1.687', '-2.089', '-2.336']";;;5m cross, 15m confirmed
BTC/USDT;Short;open;2025-07-29 23:40:00;2025-07-29 23:50:00;51,95441109615769;64,10697874608408;-12,15256764992639;51,61134408037334;47,966813985457634;3,6445300949157087;7,12231408385784;117754,6;117754,6;Excellent;100.0%;194,0;50,0;125,0;-5,0;10,0;18,0;-4,0;87,78280542986425;Low;0,456907922874877;29,858588;65,34924544999998;Optimal;0,8373152685271092;264,63479380371183;316,05155638594914;"RSI Cross SMA Down: Prev: RSI=67.81 vs SMA=64.74, Curr: RSI=51.95 vs SMA=64.11; RSI Entry Zone: RSI_SMA=64.74 > 60.0; Position Delay: Delay >= 12 candles";;"RSI-SMA Difference: RSI-SMA=3.64 >= 2.0; RSI Above 50: RSI=51.61 >= 50; SMA Not Increasing: SMA: 46.80 -> 47.97; No SMA Downtrend: SMA changes: ['1.163', '1.068', '0.864']";;;5m cross, 15m confirmed
BTC/USDT;Short;skip;2025-07-30 07:30:00;2025-07-30 07:40:00;55,372528316543026;59,97975444072845;-4,6072261241854235;56,80447642839341;55,07043118704941;1,734045241343999;3,287036230174157;118265,5;118265,5;Excellent;100.0%;157,0;50,0;90,0;-5,0;10,0;16,0;-4,0;78,1094527363184;Low;1,0727973354260845;50,978962;47,51965754999999;Optimal;0,9563100810198242;192,77476272145373;201,5818577546267;"RSI Cross SMA Down: Prev: RSI=63.34 vs SMA=60.04, Curr: RSI=55.37 vs SMA=59.98; RSI Entry Zone: RSI_SMA=60.04 > 60.0; Position Delay: Delay >= 12 candles";;"RSI Above 50: RSI=56.80 >= 50; SMA Not Increasing: SMA: 55.37 -> 55.07; No SMA Downtrend: SMA changes: ['-0.302', '0.155', '-0.167']";RSI-SMA Difference: RSI-SMA=1.73 >= 2.0;RSI-SMA різниця 1.73 < 2.0;5m cross, 15m rejected
BTC/USDT;Long;open;2025-07-30 12:20:00;2025-07-30 12:30:00;47,23175862852897;33,49156304419425;13,740195584334721;42,69984041455579;47,14881718309248;-4,448976768536696;-11,503658380118118;117796,2;117796,2;Excellent;100.0%;211,0;50,0;125,0;8,0;10,0;18,0;0,0;95,47511312217195;High;2,129362654438141;198,653708;93,29256695000001;Optimal;1,241136109532809;259,5680838985289;209,1374845231407;"RSI Cross SMA Up: Prev: RSI=30.49 vs SMA=33.17, Curr: RSI=47.23 vs SMA=33.49; RSI Entry Zone: RSI_SMA=33.17 < 40.0; Position Delay: Delay >= 12 candles";;"SMA-RSI Difference: SMA-RSI=4.45 >= 2.0; RSI Below 50: RSI=42.70 <= 50; SMA Not Falling: SMA: 48.31 -> 47.15; No SMA Uptrend: SMA changes: ['-1.165', '-1.837', '-1.278']";;;5m cross, 15m confirmed
BTC/USDT;Short;open;2025-07-30 15:05:00;2025-07-30 15:15:00;61,37989763251988;61,90410846754612;-0,5242108350262455;58,040361715681726;45,52364384550966;12,516717870172066;16,38691403608177;118357,9;118357,9;Excellent;100.0%;196,0;50,0;125,0;3,0;10,0;8,0;0,0;88,68778280542986;Normal;1,3929420090300917;237,662177;170,61885954999997;Optimal;1,2077986589981013;351,7486799544185;291,23122246732964;"RSI Cross SMA Down: Prev: RSI=69.84 vs SMA=61.08, Curr: RSI=61.38 vs SMA=61.90; RSI Entry Zone: RSI_SMA=61.08 > 60.0; Position Delay: Delay >= 12 candles";;"RSI-SMA Difference: RSI-SMA=12.52 >= 2.0; RSI Above 50: RSI=58.04 >= 50; SMA Not Increasing: SMA: 44.26 -> 45.52; No SMA Downtrend: SMA changes: ['1.265', '1.860', '0.599']";;;5m cross, 15m confirmed
BTC/USDT;Long;open;2025-07-30 19:25:00;2025-07-30 19:35:00;32,61602984555128;29,96454873344686;2,6514811121044204;27,32956366421655;40,70194055609047;-13,37237689187392;-17,891610480537686;116451,3;116451,3;Excellent;100.0%;196,0;50,0;125,0;3,0;10,0;8,0;0,0;88,68778280542986;Normal;1,5568143161725296;326,927658;209,99784920000002;Optimal;1,1999080754327938;399,2064683917629;332,6975428911698;"RSI Cross SMA Up: Prev: RSI=25.76 vs SMA=30.93, Curr: RSI=32.62 vs SMA=29.96; RSI Entry Zone: RSI_SMA=30.93 < 40.0; Position Delay: Delay >= 12 candles";;"SMA-RSI Difference: SMA-RSI=13.37 >= 2.0; RSI Below 50: RSI=27.33 <= 50; SMA Not Falling: SMA: 42.35 -> 40.70; No SMA Uptrend: SMA changes: ['-1.646', '-2.180', '-2.099']";;;5m cross, 15m confirmed
BTC/USDT;Short;open;2025-07-30 23:20:00;2025-07-30 23:30:00;61,88642015454175;62,49124878795285;-0,6048286334110955;55,9209722645851;48,59274493421475;7,328227330370353;7,679264401919684;117500,4;117500,4;Excellent;100.0%;184,0;50,0;125,0;-5,0;10,0;8,0;-4,0;83,2579185520362;Low;0,1106625626059998;19,207041;173,564036;Optimal;0,7842784996830923;269,3215013483172;343,400337325508;"RSI Cross SMA Down: Prev: RSI=67.47 vs SMA=62.37, Curr: RSI=61.89 vs SMA=62.49; RSI Entry Zone: RSI_SMA=62.37 > 60.0; Position Delay: Delay >= 12 candles";;"RSI-SMA Difference: RSI-SMA=7.33 >= 2.0; RSI Above 50: RSI=55.92 >= 50; SMA Not Increasing: SMA: 47.40 -> 48.59; No SMA Downtrend: SMA changes: ['1.196', '1.437', '1.885']";;;5m cross, 15m confirmed
BTC/USDT;Short;open;2025-07-31 00:50:00;2025-07-31 01:00:00;71,9345173187611;76,50525541302314;-4,57073809426204;72,29478879367844;57,66445773186949;14,630331061808945;14,38881166107177;118312,2;118312,2;Excellent;100.0%;215,0;50,0;125,0;12,0;10,0;18,0;0,0;97,28506787330316;Very High;2,776538617718552;215,944902;77,7748599;Optimal;0,8821674175012458;252,05525871734397;285,7227026489992;"RSI Cross SMA Down: Prev: RSI=88.08 vs SMA=76.57, Curr: RSI=71.93 vs SMA=76.51; RSI Entry Zone: RSI_SMA=76.57 > 60.0; Position Delay: Delay >= 12 candles";;"RSI-SMA Difference: RSI-SMA=14.63 >= 2.0; RSI Above 50: RSI=72.29 >= 50; SMA Not Increasing: SMA: 55.55 -> 57.66; No SMA Downtrend: SMA changes: ['2.112', '1.910', '1.463']";;;5m cross, 15m confirmed
BTC/USDT;Short;skip;2025-07-31 03:35:00;2025-07-31 03:45:00;61,44094284223834;61,52014054604961;-0,07919770381126767;65,92040298395881;66,0020703298171;-0,0816673458582926;-0,621864380612711;118430,0;118430,0;Excellent;100.0%;141,0;50,0;90,0;-5,0;10,0;0,0;-4,0;70,1492537313433;Low;0,6388663099949641;52,547654;82,25140875;Optimal;0,8675929138141903;207,73050003474296;239,43314511583475;"RSI Cross SMA Down: Prev: RSI=61.66 vs SMA=60.97, Curr: RSI=61.44 vs SMA=61.52; RSI Entry Zone: RSI_SMA=60.97 > 60.0; Position Delay: Delay >= 12 candles";;"RSI Above 50: RSI=65.92 >= 50; SMA Not Increasing: SMA: 65.80 -> 66.00; No SMA Downtrend: SMA changes: ['0.202', '0.261', '0.323']";RSI-SMA Difference: RSI-SMA=-0.08 >= 2.0;RSI-SMA різниця -0.08 < 2.0;5m cross, 15m rejected
BTC/USDT;Short;skip;2025-07-31 03:55:00;2025-07-31 04:05:00;59,78125166156923;62,60345057698114;-2,82219891541191;65,45600915100677;65,92499178226862;-0,46898263126185213;-0,3467263152643625;118458,9;118458,9;Excellent;100.0%;159,0;50,0;90,0;3,0;10,0;6,0;0,0;79,1044776119403;Normal;1,6214042190470468;141,093433;87,01928325;Optimal;0,8688726162195048;205,47832146083255;236,48843066878538;"RSI Cross SMA Down: Prev: RSI=67.26 vs SMA=62.83, Curr: RSI=59.78 vs SMA=62.60; RSI Entry Zone: RSI_SMA=62.83 > 60.0; Position Delay: Delay >= 12 candles";;"RSI Above 50: RSI=65.46 >= 50; SMA Not Increasing: SMA: 66.00 -> 65.92; No SMA Downtrend: SMA changes: ['-0.077', '0.202', '0.261']";RSI-SMA Difference: RSI-SMA=-0.47 >= 2.0;RSI-SMA різниця -0.47 < 2.0;5m cross, 15m rejected
BTC/USDT;Short;skip;2025-07-31 07:30:00;2025-07-31 07:40:00;60,24524921512228;66,34913524930555;-6,103886034183269;61,34312193709045;61,73612561159185;-0,3930036745014007;5,11974535818679;118721,7;118721,7;Excellent;100.0%;157,0;50,0;90,0;-5,0;10,0;16,0;-4,0;78,1094527363184;Low;1,0348417830134575;69,562813;67,22072315;Optimal;0,975762114459136;165,4268101845362;169,53600445558612;"RSI Cross SMA Down: Prev: RSI=69.05 vs SMA=65.52, Curr: RSI=60.25 vs SMA=66.35; RSI Entry Zone: RSI_SMA=65.52 > 60.0; Position Delay: Delay >= 12 candles";;"RSI Above 50: RSI=61.34 >= 50; SMA Not Increasing: SMA: 61.98 -> 61.74; No SMA Downtrend: SMA changes: ['-0.241', '0.384', '0.184']";RSI-SMA Difference: RSI-SMA=-0.39 >= 2.0;RSI-SMA різниця -0.39 < 2.0;5m cross, 15m rejected
BTC/USDT;Long;open;2025-07-31 18:20:00;2025-07-31 18:30:00;39,592249769690376;36,53579985788723;3,056449911803149;44,60172853455671;46,717970704031345;-2,1162421694746314;-7,399926942266421;117722,6;117722,6;Excellent;100.0%;192,0;50,0;125,0;-5,0;10,0;16,0;-4,0;86,87782805429865;Low;0,8167551875120768;123,546298;151,26478519999998;Optimal;1,1927867336781697;343,38604141386503;287,88553034537296;"RSI Cross SMA Up: Prev: RSI=33.30 vs SMA=37.03, Curr: RSI=39.59 vs SMA=36.54; RSI Entry Zone: RSI_SMA=37.03 < 40.0; Position Delay: Delay >= 12 candles";;"SMA-RSI Difference: SMA-RSI=2.12 >= 2.0; RSI Below 50: RSI=44.60 <= 50; SMA Not Falling: SMA: 46.24 -> 46.72; No SMA Uptrend: SMA changes: ['0.473', '-0.419', '-0.035']";;;5m cross, 15m confirmed
BTC/USDT;Long;open;2025-07-31 20:15:00;2025-07-31 20:25:00;32,23691831381355;22,975630165289676;9,261288148523871;30,12333342827162;36,73210001713654;-6,608766588864917;-10,329590625798998;116822,3;116822,3;Excellent;100.0%;194,0;50,0;125,0;-5,0;10,0;18,0;-4,0;87,78280542986425;Low;0,9456604200869863;138,039237;145,9712536;Optimal;1,050449508504441;345,68240944802403;329,08046188739075;"RSI Cross SMA Up: Prev: RSI=20.11 vs SMA=23.23, Curr: RSI=32.24 vs SMA=22.98; RSI Entry Zone: RSI_SMA=23.23 < 40.0; Position Delay: Delay >= 12 candles";;"SMA-RSI Difference: SMA-RSI=6.61 >= 2.0; RSI Below 50: RSI=30.12 <= 50; SMA Not Falling: SMA: 38.56 -> 36.73; No SMA Uptrend: SMA changes: ['-1.829', '-2.250', '-2.033']";;;5m cross, 15m confirmed
BTC/USDT;Long;open;2025-07-31 22:40:00;2025-07-31 22:50:00;38,51159460334777;37,14298678223549;1,3686078211122776;27,376185933625706;29,876002405490237;-2,4998164718645306;-2,354374283791625;116212,0;116212,0;Excellent;100.0%;176,0;50,0;125,0;-5,0;10,0;0,0;-4,0;79,63800904977376;Low;0,5948736571349933;88,359892;148,53556035;Optimal;0,9851250447181978;336,6955988946561;341,77955448383744;"RSI Cross SMA Up: Prev: RSI=34.05 vs SMA=37.96, Curr: RSI=38.51 vs SMA=37.14; RSI Entry Zone: RSI_SMA=37.96 < 40.0; Position Delay: Delay >= 12 candles";;"SMA-RSI Difference: SMA-RSI=2.50 >= 2.0; RSI Below 50: RSI=27.38 <= 50; SMA Not Falling: SMA: 30.40 -> 29.88; No SMA Uptrend: SMA changes: ['-0.520', '-0.824', '-1.032']";;;5m cross, 15m confirmed
BTC/USDT;Long;skip;2025-07-31 23:00:00;2025-07-31 23:10:00;39,39201408724456;35,55921659723513;3,8327974900094333;35,573409938976994;29,68304831367231;5,890361625304685;-0,37252512891785255;116114,5;116114,5;Excellent;100.0%;165,0;50,0;90,0;-5,0;10,0;24,0;-4,0;82,08955223880598;Low;1,0371567861454376;148,656878;143,331153;Optimal;0,9932017793460286;338,39518476120895;340,7114161475068;"RSI Cross SMA Up: Prev: RSI=34.54 vs SMA=35.29, Curr: RSI=39.39 vs SMA=35.56; RSI Entry Zone: RSI_SMA=35.29 < 40.0; Position Delay: Delay >= 12 candles";;"RSI Below 50: RSI=35.57 <= 50; SMA Not Falling: SMA: 29.31 -> 29.68; No SMA Uptrend: SMA changes: ['0.375', '-0.568', '-0.520']";SMA-RSI Difference: SMA-RSI=-5.89 >= 2.0;SMA-RSI diff -5.89 < 2.0;5m cross, 15m rejected
BTC/USDT;Long;open;2025-08-01 00:00:00;2025-08-01 00:10:00;38,31837476782482;37,76147293341108;0,5569018344137433;23,202126178806267;29,43843844082837;-6,236312262022103;-3,5164565265363734;115763,3;115763,3;Excellent;100.0%;196,0;50,0;125,0;3,0;10,0;8,0;0,0;88,68778280542986;Normal;1,5202835502314775;242,232084;159,3334901;Optimal;1,0540257890332914;360,4155240515649;341,94184601699646;"RSI Cross SMA Up: Prev: RSI=37.60 vs SMA=37.78, Curr: RSI=38.32 vs SMA=37.76; RSI Entry Zone: RSI_SMA=37.78 < 40.0; Position Delay: Delay >= 12 candles";;"SMA-RSI Difference: SMA-RSI=6.24 >= 2.0; RSI Below 50: RSI=23.20 <= 50; SMA Not Falling: SMA: 29.77 -> 29.44; No SMA Uptrend: SMA changes: ['-0.335', '-0.166', '0.065']";;;5m cross, 15m confirmed
BTC/USDT;Long;skip;2025-08-01 00:15:00;2025-08-01 00:25:00;45,694534270979894;37,49396962358999;8,200564647389903;35,61660783686959;30,033046592389674;5,583561244479917;-0,8762733619917888;115821,7;115821,7;Excellent;100.0%;182,0;50,0;90,0;8,0;10,0;24,0;0,0;90,54726368159204;High;1,8204856565681324;301,313092;165,5124779;Optimal;1,1003111252600895;379,0572723335955;344,5000815055784;"RSI Cross SMA Up: Prev: RSI=28.34 vs SMA=37.10, Curr: RSI=45.69 vs SMA=37.49; RSI Entry Zone: RSI_SMA=37.10 < 40.0; Position Delay: Delay >= 12 candles";;"RSI Below 50: RSI=35.62 <= 50; SMA Not Falling: SMA: 29.44 -> 30.03; No SMA Uptrend: SMA changes: ['0.595', '-0.335', '-0.166']";SMA-RSI Difference: SMA-RSI=-5.58 >= 2.0;SMA-RSI diff -5.58 < 2.0;5m cross, 15m rejected
BTC/USDT;Long;skip;2025-08-01 00:55:00;2025-08-01 01:05:00;43,04040989883983;38,9505625708163;4,089847328023531;31,38210444889272;29,99805654141762;1,3840479074751002;3,015976630063328;115416,8;115416,8;Excellent;100.0%;172,0;50,0;90,0;12,0;10,0;10,0;0,0;85,57213930348259;Very High;4,019562223890386;783,981509;195,0415158;Optimal;1,2369716030193774;439,10805624682433;354,9863676538625;"RSI Cross SMA Up: Prev: RSI=32.86 vs SMA=38.37, Curr: RSI=43.04 vs SMA=38.95; RSI Entry Zone: RSI_SMA=38.37 < 40.0; Position Delay: Delay >= 12 candles";;"RSI Below 50: RSI=31.38 <= 50; SMA Not Falling: SMA: 30.30 -> 30.00; No SMA Uptrend: SMA changes: ['-0.297', '0.262', '0.595']";SMA-RSI Difference: SMA-RSI=-1.38 >= 2.0;SMA-RSI diff -1.38 < 2.0;5m cross, 15m rejected
BTC/USDT;Long;skip;2025-08-01 01:20:00;2025-08-01 01:30:00;43,44370527869881;40,25783452214019;3,1858707565586144;35,33207963516874;29,53527106120774;5,796808573960998;0,7696302747551194;115153,1;115153,1;Excellent;100.0%;173,0;50,0;90,0;3,0;6,0;24,0;0,0;86,06965174129353;Normal;1,6027475029126326;342,90115;213,94583325;High;1,3054749051484413;491,47735462098706;376,4739963079587;"RSI Cross SMA Up: Prev: RSI=36.37 vs SMA=39.18, Curr: RSI=43.44 vs SMA=40.26; RSI Entry Zone: RSI_SMA=39.18 < 40.0; Position Delay: Delay >= 12 candles";;"RSI Below 50: RSI=35.33 <= 50; SMA Not Falling: SMA: 29.27 -> 29.54; No SMA Uptrend: SMA changes: ['0.264', '-0.727', '-0.297']";SMA-RSI Difference: SMA-RSI=-5.80 >= 2.0;SMA-RSI diff -5.80 < 2.0;5m cross, 15m rejected
BTC/USDT;Long;open;2025-08-01 07:15:00;2025-08-01 07:25:00;38,95915447927324;35,46662802704218;3,4925264522310613;33,45357038334686;41,59702123816556;-8,143450854818703;-6,443179215062638;115112,9;115112,9;Excellent;100.0%;206,0;50,0;125,0;3,0;10,0;18,0;0,0;93,21266968325791;Normal;1,278856590917723;114,075804;89,20140445;Optimal;0,9450568509407457;319,77975746500755;338,3709214389447;"RSI Cross SMA Up: Prev: RSI=29.71 vs SMA=36.20, Curr: RSI=38.96 vs SMA=35.47; RSI Entry Zone: RSI_SMA=36.20 < 40.0; Position Delay: Delay >= 12 candles";;"SMA-RSI Difference: SMA-RSI=8.14 >= 2.0; RSI Below 50: RSI=33.45 <= 50; SMA Not Falling: SMA: 42.36 -> 41.60; No SMA Uptrend: SMA changes: ['-0.761', '-0.816', '-0.846']";;;5m cross, 15m confirmed
BTC/USDT;Long;open;2025-08-01 07:40:00;2025-08-01 07:50:00;32,14637237608052;31,956735784475246;0,18963659160527513;32,277677766241126;40,99844450400326;-8,720766737762133;-7,817610356578197;114756,9;114756,9;Excellent;100.0%;201,0;50,0;125,0;8,0;10,0;8,0;0,0;90,9502262443439;High;2,5797618477348068;249,274638;96,62699610000001;Optimal;0,9477766971692526;316,20977478893576;333,6332025606528;"RSI Cross SMA Up: Prev: RSI=25.02 vs SMA=32.12, Curr: RSI=32.15 vs SMA=31.96; RSI Entry Zone: RSI_SMA=32.12 < 40.0; Position Delay: Delay >= 12 candles";;"SMA-RSI Difference: SMA-RSI=8.72 >= 2.0; RSI Below 50: RSI=32.28 <= 50; SMA Not Falling: SMA: 41.60 -> 41.00; No SMA Uptrend: SMA changes: ['-0.599', '-0.761', '-0.816']";;;5m cross, 15m confirmed
BTC/USDT;Long;open;2025-08-01 08:35:00;2025-08-01 08:45:00;36,06920007420175;35,20029057159822;0,868909502603536;35,69880061809582;38,17869626343106;-2,4798956453352403;-5,062277499957919;114478,8;114478,8;Excellent;100.0%;188,0;50,0;125,0;3,0;10,0;0,0;0,0;85,06787330316742;Normal;1,709769167094905;209,32235;122,42725745;Optimal;1,0937763815103319;362,95226410211484;331,83406611956207;"RSI Cross SMA Up: Prev: RSI=34.60 vs SMA=34.74, Curr: RSI=36.07 vs SMA=35.20; RSI Entry Zone: RSI_SMA=34.74 < 40.0; Position Delay: Delay >= 12 candles";;"SMA-RSI Difference: SMA-RSI=2.48 >= 2.0; RSI Below 50: RSI=35.70 <= 50; SMA Not Falling: SMA: 39.17 -> 38.18; No SMA Uptrend: SMA changes: ['-0.996', '-1.051', '-0.658']";;;5m cross, 15m confirmed
BTC/USDT;Short;open;2025-08-01 12:55:00;2025-08-01 13:05:00;63,464209652632206;65,79312731547448;-2,3289176628422723;59,76736543728062;51,05957940255398;8,707786034726638;9,695786932373437;115722,3;115722,3;Excellent;100.0%;196,0;50,0;125,0;3,0;10,0;8,0;0,0;88,68778280542986;Normal;1,1823630333090729;126,828519;107,26698604999999;Optimal;1,016041273996115;335,293041870876;329,9994305862795;"RSI Cross SMA Down: Prev: RSI=71.31 vs SMA=65.72, Curr: RSI=63.46 vs SMA=65.79; RSI Entry Zone: RSI_SMA=65.72 > 60.0; Position Delay: Delay >= 12 candles";;"RSI-SMA Difference: RSI-SMA=8.71 >= 2.0; RSI Above 50: RSI=59.77 >= 50; SMA Not Increasing: SMA: 50.46 -> 51.06; No SMA Downtrend: SMA changes: ['0.595', '1.293', '1.436']";;;5m cross, 15m confirmed
BTC/USDT;Short;open;2025-08-01 13:10:00;2025-08-01 13:20:00;62,65467640732981;66,12697847605565;-3,4723020687258455;60,58222422310823;51,84342504483173;8,738799178276494;10,208928850524314;115770,7;115770,7;Excellent;100.0%;194,0;50,0;125,0;-5,0;10,0;18,0;-4,0;87,78280542986425;Low;1,0702788361013027;110,518663;103,26156069999999;Optimal;1,0162123706202582;333,75782459438403;328,4331447280756;"RSI Cross SMA Down: Prev: RSI=67.19 vs SMA=66.32, Curr: RSI=62.65 vs SMA=66.13; RSI Entry Zone: RSI_SMA=66.32 > 60.0; Position Delay: Delay >= 12 candles";;"RSI-SMA Difference: RSI-SMA=8.74 >= 2.0; RSI Above 50: RSI=60.58 >= 50; SMA Not Increasing: SMA: 51.06 -> 51.84; No SMA Downtrend: SMA changes: ['0.784', '0.595', '1.293']";;;5m cross, 15m confirmed
BTC/USDT;Long;open;2025-08-01 18:25:00;2025-08-01 18:35:00;38,58871442381861;34,997644794019145;3,5910696297994633;37,15358390040448;45,53126235124738;-8,3776784508429;-8,776394477747756;114153,6;114153,6;Excellent;100.0%;206,0;50,0;125,0;3,0;10,0;18,0;0,0;93,21266968325791;Normal;1,6599308783809117;252,540632;152,13924585;Optimal;1,0196637314789732;493,75941840280103;484,2375021877328;"RSI Cross SMA Up: Prev: RSI=30.44 vs SMA=34.63, Curr: RSI=38.59 vs SMA=35.00; RSI Entry Zone: RSI_SMA=34.63 < 40.0; Position Delay: Delay >= 12 candles";;"SMA-RSI Difference: SMA-RSI=8.38 >= 2.0; RSI Below 50: RSI=37.15 <= 50; SMA Not Falling: SMA: 46.75 -> 45.53; No SMA Uptrend: SMA changes: ['-1.219', '-1.093', '-1.166']";;;5m cross, 15m confirmed
BTC/USDT;Long;open;2025-08-01 19:05:00;2025-08-01 19:15:00;37,70904818650688;35,045746547751214;2,6633016387556623;32,07168696130542;42,77395788744338;-10,702270926137963;-9,378822875195999;113885,2;113885,2;Excellent;100.0%;184,0;50,0;125,0;-5,0;10,0;8,0;-4,0;83,2579185520362;Low;0,7627116774036722;85,011248;111,45921915;Optimal;0,9747475344832189;468,4228288013672;480,55810579681076;"RSI Cross SMA Up: Prev: RSI=31.75 vs SMA=34.92, Curr: RSI=37.71 vs SMA=35.05; RSI Entry Zone: RSI_SMA=34.92 < 40.0; Position Delay: Delay >= 12 candles";;"SMA-RSI Difference: SMA-RSI=10.70 >= 2.0; RSI Below 50: RSI=32.07 <= 50; SMA Not Falling: SMA: 44.03 -> 42.77; No SMA Uptrend: SMA changes: ['-1.258', '-0.756', '-0.744']";;;5m cross, 15m confirmed
BTC/USDT;Long;open;2025-08-01 19:30:00;2025-08-01 19:40:00;42,15467502972655;36,43299042233419;5,721684607392355;27,87609081673817;39,30813679595178;-11,432045979213612;-11,373982490476463;113763,8;113763,8;Excellent;100.0%;206,0;50,0;125,0;3,0;10,0;18,0;0,0;93,21266968325791;Normal;1,3909150059663218;155,751473;111,97770699999998;Optimal;1,0121033408082691;485,60488809913824;479,7977326221772;"RSI Cross SMA Up: Prev: RSI=30.33 vs SMA=35.60, Curr: RSI=42.15 vs SMA=36.43; RSI Entry Zone: RSI_SMA=35.60 < 40.0; Position Delay: Delay >= 12 candles";;"SMA-RSI Difference: SMA-RSI=11.43 >= 2.0; RSI Below 50: RSI=27.88 <= 50; SMA Not Falling: SMA: 41.21 -> 39.31; No SMA Uptrend: SMA changes: ['-1.898', '-1.568', '-1.258']";;;5m cross, 15m confirmed
BTC/USDT;Long;open;2025-08-01 19:45:00;2025-08-01 19:55:00;39,01174211375042;35,60437290753961;3,4073692062108094;29,77819520818082;37,58335286094084;-7,805157652760023;-10,408278066017148;113448,9;113448,9;Excellent;100.0%;206,0;50,0;125,0;3,0;10,0;18,0;0,0;93,21266968325791;Normal;1,1862578125251655;133,477878;112,52012555000002;Optimal;0,9941197424085343;478,11168180634246;480,93973131242984;"RSI Cross SMA Up: Prev: RSI=33.36 vs SMA=35.89, Curr: RSI=39.01 vs SMA=35.60; RSI Entry Zone: RSI_SMA=35.89 < 40.0; Position Delay: Delay >= 12 candles";;"SMA-RSI Difference: SMA-RSI=7.81 >= 2.0; RSI Below 50: RSI=29.78 <= 50; SMA Not Falling: SMA: 39.31 -> 37.58; No SMA Uptrend: SMA changes: ['-1.725', '-1.898', '-1.568']";;;5m cross, 15m confirmed
BTC/USDT;Long;skip;2025-08-01 23:05:00;2025-08-01 23:15:00;45,230780536314214;38,76108280887919;6,469697727435026;37,83543813580154;38,11165943341608;-0,2762212976145406;-3,259857593475805;113291,3;113291,3;Excellent;100.0%;157,0;50,0;90,0;-5,0;10,0;16,0;-4,0;78,1094527363184;Low;0,5767934001483636;59,760097;103,60745630000001;Optimal;0,9979344125881451;444,09609233202315;445,01531035517553;"RSI Cross SMA Up: Prev: RSI=37.88 vs SMA=39.22, Curr: RSI=45.23 vs SMA=38.76; RSI Entry Zone: RSI_SMA=39.22 < 40.0; Position Delay: Delay >= 12 candles";;"RSI Below 50: RSI=37.84 <= 50; SMA Not Falling: SMA: 37.40 -> 38.11; No SMA Uptrend: SMA changes: ['0.711', '0.299', '-0.034']";SMA-RSI Difference: SMA-RSI=0.28 >= 2.0;SMA-RSI diff 0.28 < 2.0;5m cross, 15m rejected
BTC/USDT;Short;open;2025-08-02 04:05:00;2025-08-02 04:15:00;61,19713360672427;61,610362690636045;-0,41322908391177293;53,665871525308326;50,71113934630695;2,9547321790013754;3,9927513071246588;113893,3;113893,3;Excellent;100.0%;176,0;50,0;125,0;-5,0;10,0;0,0;-4,0;79,63800904977376;Low;0,4914533988025058;19,473601;39,6245118;Optimal;0,7744387961792991;238,55093412542027;308,0307124363003;"RSI Cross SMA Down: Prev: RSI=67.23 vs SMA=61.19, Curr: RSI=61.20 vs SMA=61.61; RSI Entry Zone: RSI_SMA=61.19 > 60.0; Position Delay: Delay >= 12 candles";;"RSI-SMA Difference: RSI-SMA=2.95 >= 2.0; RSI Above 50: RSI=53.67 >= 50; SMA Not Increasing: SMA: 50.28 -> 50.71; No SMA Downtrend: SMA changes: ['0.434', '0.694', '0.922']";;;5m cross, 15m confirmed
BTC/USDT;Short;skip;2025-08-02 05:05:00;2025-08-02 05:15:00;58,867002809455535;64,90613346955676;-6,039130660101229;53,29955141430962;53,11375000853913;0,18580140577049065;4,379635508525586;113983,6;113983,6;Excellent;100.0%;163,0;50,0;90,0;3,0;10,0;10,0;0,0;81,09452736318407;Normal;1,3611873623908017;49,121601;36,08731785;Optimal;0,7660039478388698;204,7932405652894;267,3527220624299;"RSI Cross SMA Down: Prev: RSI=67.32 vs SMA=65.37, Curr: RSI=58.87 vs SMA=64.91; RSI Entry Zone: RSI_SMA=65.37 > 60.0; Position Delay: Delay >= 12 candles";;"RSI Above 50: RSI=53.30 >= 50; SMA Not Increasing: SMA: 52.57 -> 53.11; No SMA Downtrend: SMA changes: ['0.541', '0.889', '0.560']";RSI-SMA Difference: RSI-SMA=0.19 >= 2.0;RSI-SMA різниця 0.19 < 2.0;5m cross, 15m rejected
BTC/USDT;Long;open;2025-08-02 06:45:00;2025-08-02 06:55:00;39,2707246875231;38,76605688281946;0,5046678047036366;46,31488096141132;52,65868494887609;-6,343803987464774;-10,523271037176533;113668,5;113668,5;Excellent;100.0%;184,0;50,0;125,0;-5,0;10,0;8,0;-4,0;83,2579185520362;Low;0,9308866486159135;35,330771;37,953891649999996;Optimal;0,9042541286280109;191,89635728261368;212,21507450982884;"RSI Cross SMA Up: Prev: RSI=28.35 vs SMA=39.99, Curr: RSI=39.27 vs SMA=38.77; RSI Entry Zone: RSI_SMA=39.99 < 40.0; Position Delay: Delay >= 12 candles";;"SMA-RSI Difference: SMA-RSI=6.34 >= 2.0; RSI Below 50: RSI=46.31 <= 50; SMA Not Falling: SMA: 53.09 -> 52.66; No SMA Uptrend: SMA changes: ['-0.430', '-0.986', '-0.630']";;;5m cross, 15m confirmed
BTC/USDT;Long;skip;2025-08-02 15:00:00;2025-08-02 15:10:00;40,360230912521395;36,09468029763922;4,265550614882173;41,96559058944027;42,00841859384434;-0,04282800440407186;-6,847849566843114;113207,6;113207,6;Excellent;100.0%;151,0;50,0;90,0;-5,0;10,0;10,0;-4,0;75,12437810945273;Low;0,9091328559404553;66,839928;73,52052845;Optimal;1,051973820662344;177,14780489663931;168,3956400978719;"RSI Cross SMA Up: Prev: RSI=32.89 vs SMA=36.58, Curr: RSI=40.36 vs SMA=36.09; RSI Entry Zone: RSI_SMA=36.58 < 40.0; Position Delay: Delay >= 12 candles";;"RSI Below 50: RSI=41.97 <= 50; SMA Not Falling: SMA: 42.78 -> 42.01; No SMA Uptrend: SMA changes: ['-0.769', '-1.419', '-0.719']";SMA-RSI Difference: SMA-RSI=0.04 >= 2.0;SMA-RSI diff 0.04 < 2.0;5m cross, 15m rejected
BTC/USDT;Long;skip;2025-08-02 16:15:00;2025-08-02 16:25:00;37,81437278075605;34,51485727173639;3,2995155090196633;36,32472103047361;37,15937341089203;-0,8346523804184187;-5,460334304583623;112929,6;112929,6;Excellent;100.0%;151,0;50,0;90,0;-5,0;10,0;10,0;-4,0;75,12437810945273;Low;0,7960697524353647;69,229878;86,96458795;Optimal;1,1312121603721874;199,3197397726538;176,2001388908994;"RSI Cross SMA Up: Prev: RSI=25.88 vs SMA=35.05, Curr: RSI=37.81 vs SMA=34.51; RSI Entry Zone: RSI_SMA=35.05 < 40.0; Position Delay: Delay >= 12 candles";;"RSI Below 50: RSI=36.32 <= 50; SMA Not Falling: SMA: 37.89 -> 37.16; No SMA Uptrend: SMA changes: ['-0.734', '-1.031', '-1.281']";SMA-RSI Difference: SMA-RSI=0.83 >= 2.0;SMA-RSI diff 0.83 < 2.0;5m cross, 15m rejected
BTC/USDT;Long;open;2025-08-02 18:40:00;2025-08-02 18:50:00;36,30697835311462;35,49572293287277;0,8112554202418494;33,88169191591152;38,734179262977435;-4,852487347065917;-7,640659631162966;112513,7;112513,7;Excellent;100.0%;184,0;50,0;125,0;-5,0;10,0;8,0;-4,0;83,2579185520362;Low;1,1498403880958954;113,279503;98,5175892;Optimal;1,2253424215770825;262,36734341352013;214,1175713771821;"RSI Cross SMA Up: Prev: RSI=35.82 vs SMA=37.16, Curr: RSI=36.31 vs SMA=35.50; RSI Entry Zone: RSI_SMA=37.16 < 40.0; Position Delay: Delay >= 12 candles";;"SMA-RSI Difference: SMA-RSI=4.85 >= 2.0; RSI Below 50: RSI=33.88 <= 50; SMA Not Falling: SMA: 39.31 -> 38.73; No SMA Uptrend: SMA changes: ['-0.577', '-0.366', '-0.031']";;;5m cross, 15m confirmed
BTC/USDT;Long;open;2025-08-02 18:55:00;2025-08-02 19:05:00;33,21160521312382;32,27672181375854;0,9348833993652761;31,001571304815002;38,00603842708977;-7,004467122274768;-7,201133951257371;112340,7;112340,7;Excellent;100.0%;196,0;50,0;125,0;3,0;10,0;8,0;0,0;88,68778280542986;Normal;1,5972185191512613;168,012168;105,1904708;Optimal;1,25097033588577;276,64824745541176;221,14692852370993;"RSI Cross SMA Up: Prev: RSI=30.25 vs SMA=32.92, Curr: RSI=33.21 vs SMA=32.28; RSI Entry Zone: RSI_SMA=32.92 < 40.0; Position Delay: Delay >= 12 candles";;"SMA-RSI Difference: SMA-RSI=7.00 >= 2.0; RSI Below 50: RSI=31.00 <= 50; SMA Not Falling: SMA: 38.73 -> 38.01; No SMA Uptrend: SMA changes: ['-0.728', '-0.577', '-0.366']";;;5m cross, 15m confirmed
BTC/USDT;Long;skip;2025-08-02 19:15:00;2025-08-02 19:25:00;41,32177029781729;31,747333654702196;9,574436643115092;45,16542118365338;38,40804151161607;6,75737967203731;-3,5276945957035792;112364,7;112364,7;Excellent;100.0%;161,0;50,0;90,0;-5,0;6,0;24,0;-4,0;80,09950248756219;Low;0,9781112559536668;104,791364;107,13644624999999;High;1,3293175291099595;315,96915214267585;237,69275979850505;"RSI Cross SMA Up: Prev: RSI=26.46 vs SMA=31.29, Curr: RSI=41.32 vs SMA=31.75; RSI Entry Zone: RSI_SMA=31.29 < 40.0; Position Delay: Delay >= 12 candles";;"RSI Below 50: RSI=45.17 <= 50; SMA Not Falling: SMA: 37.42 -> 38.41; No SMA Uptrend: SMA changes: ['0.987', '-0.585', '-0.728']";SMA-RSI Difference: SMA-RSI=-6.76 >= 2.0;SMA-RSI diff -6.76 < 2.0;5m cross, 15m rejected
BTC/USDT;Short;open;2025-08-03 03:10:00;2025-08-03 03:20:00;65,08680290972201;65,4317936636807;-0,34499075395868317;61,49078214656348;55,635466370639044;5,8553157759244385;7,351387133955304;113469,4;113469,4;Excellent;100.0%;184,0;50,0;125,0;-5,0;10,0;8,0;-4,0;83,2579185520362;Low;0,5709110735062451;25,67148;44,965812;Optimal;0,851607940541516;272,7363756031582;320,2604891515361;"RSI Cross SMA Down: Prev: RSI=66.60 vs SMA=65.47, Curr: RSI=65.09 vs SMA=65.43; RSI Entry Zone: RSI_SMA=65.47 > 60.0; Position Delay: Delay >= 12 candles";;"RSI-SMA Difference: RSI-SMA=5.86 >= 2.0; RSI Above 50: RSI=61.49 >= 50; SMA Not Increasing: SMA: 54.78 -> 55.64; No SMA Downtrend: SMA changes: ['0.851', '1.571', '1.056']";;;5m cross, 15m confirmed
BTC/USDT;Short;open;2025-08-03 03:55:00;2025-08-03 04:05:00;62,30451385667639;68,76574139198867;-6,4612275353122826;62,491749676171366;59,34049888421066;3,151250791960706;5,66980971679511;113607,8;113607,8;Excellent;100.0%;194,0;50,0;125,0;-5,0;10,0;18,0;-4,0;87,78280542986425;Low;0,7851888268373644;36,220168;46,129245299999994;Optimal;0,8129770452376462;251,30317682220743;309,1147262943291;"RSI Cross SMA Down: Prev: RSI=72.37 vs SMA=69.00, Curr: RSI=62.30 vs SMA=68.77; RSI Entry Zone: RSI_SMA=69.00 > 60.0; Position Delay: Delay >= 12 candles";;"RSI-SMA Difference: RSI-SMA=3.15 >= 2.0; RSI Above 50: RSI=62.49 >= 50; SMA Not Increasing: SMA: 58.00 -> 59.34; No SMA Downtrend: SMA changes: ['1.341', '1.226', '1.138']";;;5m cross, 15m confirmed
BTC/USDT;Short;skip;2025-08-03 08:20:00;2025-08-03 08:30:00;55,6908325288495;59,74278920451662;-4,051956675667121;57,9142693851658;59,11940962572164;-1,205140240555835;2,008743333637021;113721,7;113721,7;Excellent;100.0%;151,0;50,0;90,0;-5,0;10,0;10,0;-4,0;75,12437810945273;Low;0,97833680594345;22,119806;22,6096022;Optimal;0,8112333010799131;148,30898586072377;182,81915407478337;"RSI Cross SMA Down: Prev: RSI=65.66 vs SMA=60.11, Curr: RSI=55.69 vs SMA=59.74; RSI Entry Zone: RSI_SMA=60.11 > 60.0; Position Delay: Delay >= 12 candles";;"RSI Above 50: RSI=57.91 >= 50; SMA Not Increasing: SMA: 59.06 -> 59.12; No SMA Downtrend: SMA changes: ['0.061', '0.613', '0.126']";RSI-SMA Difference: RSI-SMA=-1.21 >= 2.0;RSI-SMA різниця -1.21 < 2.0;5m cross, 15m rejected
BTC/USDT;Short;open;2025-08-03 11:25:00;2025-08-03 11:35:00;60,10838859238596;68,95831235226709;-8,84992375988113;62,83644836323158;60,605476200539;2,2309721626925807;7,827800560114182;114008,7;114008,7;Excellent;100.0%;203,0;50,0;125,0;8,0;10,0;10,0;0,0;91,8552036199095;High;2,664980642993269;63,113843;23,6826647;Optimal;1,0634536826122332;142,454840146315;133,95490793392483;"RSI Cross SMA Down: Prev: RSI=69.58 vs SMA=69.02, Curr: RSI=60.11 vs SMA=68.96; RSI Entry Zone: RSI_SMA=69.02 > 60.0; Position Delay: Delay >= 12 candles";;"RSI-SMA Difference: RSI-SMA=2.23 >= 2.0; RSI Above 50: RSI=62.84 >= 50; SMA Not Increasing: SMA: 60.48 -> 60.61; No SMA Downtrend: SMA changes: ['0.121', '1.005', '0.298']";;;5m cross, 15m confirmed
BTC/USDT;Short;open;2025-08-03 19:40:00;2025-08-03 19:50:00;55,16459940938808;66,6652666299443;-11,500667220556217;64,55404369645493;60,95138431475736;3,6026593816975634;7,760080441865941;114415,9;114415,9;Excellent;100.0%;211,0;50,0;125,0;8,0;10,0;18,0;0,0;95,47511312217195;High;2,650965008753878;83,583935;31,529625900000003;Optimal;1,1344586687651892;197,16939375040292;173,80042056976262;"RSI Cross SMA Down: Prev: RSI=73.21 vs SMA=66.87, Curr: RSI=55.16 vs SMA=66.67; RSI Entry Zone: RSI_SMA=66.87 > 60.0; Position Delay: Delay >= 12 candles";;"RSI-SMA Difference: RSI-SMA=3.60 >= 2.0; RSI Above 50: RSI=64.55 >= 50; SMA Not Increasing: SMA: 59.83 -> 60.95; No SMA Downtrend: SMA changes: ['1.123', '1.071', '0.869']";;;5m cross, 15m confirmed
BTC/USDT;Short;open;2025-08-04 01:15:00;2025-08-04 01:25:00;58,24965754893574;61,55493948180473;-3,3052819328689935;64,69608196551366;54,67727385009031;10,018808115423347;11,467297006768817;114660,4;114660,4;Excellent;100.0%;194,0;50,0;125,0;-5,0;10,0;18,0;-4,0;87,78280542986425;Low;1,1077859670221828;40,228027;36,31389835;Optimal;1,1626290463728455;220,5118004886774;189,66651588193773;"RSI Cross SMA Down: Prev: RSI=63.69 vs SMA=60.27, Curr: RSI=58.25 vs SMA=61.55; RSI Entry Zone: RSI_SMA=60.27 > 60.0; Position Delay: Delay >= 12 candles";;"RSI-SMA Difference: RSI-SMA=10.02 >= 2.0; RSI Above 50: RSI=64.70 >= 50; SMA Not Increasing: SMA: 54.25 -> 54.68; No SMA Downtrend: SMA changes: ['0.423', '0.456', '0.479']";;;5m cross, 15m confirmed
BTC/USDT;Short;open;2025-08-04 01:35:00;2025-08-04 01:45:00;63,013205446523;65,72384834052035;-2,7106428939973455;60,61942300143618;55,46498797716402;5,154435024272161;7,996188225259488;114818,2;114818,2;Excellent;100.0%;184,0;50,0;125,0;-5,0;10,0;8,0;-4,0;83,2579185520362;Low;1,0185912896927276;37,695769;37,00774725;Optimal;1,1528089827769488;221,32524331091534;191,98778515567696;"RSI Cross SMA Down: Prev: RSI=65.57 vs SMA=65.24, Curr: RSI=63.01 vs SMA=65.72; RSI Entry Zone: RSI_SMA=65.24 > 60.0; Position Delay: Delay >= 12 candles";;"RSI-SMA Difference: RSI-SMA=5.15 >= 2.0; RSI Above 50: RSI=60.62 >= 50; SMA Not Increasing: SMA: 54.68 -> 55.46; No SMA Downtrend: SMA changes: ['0.788', '0.423', '0.456']";;;5m cross, 15m confirmed
BTC/USDT;Long;open;2025-08-04 05:35:00;2025-08-04 05:45:00;38,20517184306305;35,421683933983765;2,783487909079284;41,30810781825175;50,799580911056914;-9,491473092805165;-10,079958699896588;114296,9;114296,9;Excellent;100.0%;184,0;50,0;125,0;-5,0;10,0;8,0;-4,0;83,2579185520362;Low;0,7465749763810399;32,002435;42,8656679;Optimal;0,8486688891146627;176,56208679600317;208,0459046639426;"RSI Cross SMA Up: Prev: RSI=33.46 vs SMA=36.13, Curr: RSI=38.21 vs SMA=35.42; RSI Entry Zone: RSI_SMA=36.13 < 40.0; Position Delay: Delay >= 12 candles";;"SMA-RSI Difference: SMA-RSI=9.49 >= 2.0; RSI Below 50: RSI=41.31 <= 50; SMA Not Falling: SMA: 51.49 -> 50.80; No SMA Uptrend: SMA changes: ['-0.686', '-1.361', '-1.230']";;;5m cross, 15m confirmed
BTC/USDT;Long;open;2025-08-04 06:25:00;2025-08-04 06:35:00;42,281825510340724;39,51802136561091;2,7638041447298107;42,70134237008558;48,012788776534364;-5,311446406448788;-4,885893067141258;114259,0;114259,0;Excellent;100.0%;184,0;50,0;125,0;-5,0;10,0;8,0;-4,0;83,2579185520362;Low;1,0639595002228408;38,013123;35,7279793;Optimal;0,915463854892512;179,31621891064887;195,87471198598337;"RSI Cross SMA Up: Prev: RSI=33.73 vs SMA=38.75, Curr: RSI=42.28 vs SMA=39.52; RSI Entry Zone: RSI_SMA=38.75 < 40.0; Position Delay: Delay >= 12 candles";;"SMA-RSI Difference: SMA-RSI=5.31 >= 2.0; RSI Below 50: RSI=42.70 <= 50; SMA Not Falling: SMA: 49.20 -> 48.01; No SMA Uptrend: SMA changes: ['-1.189', '-0.803', '-0.795']";;;5m cross, 15m confirmed
BTC/USDT;Short;open;2025-08-04 07:55:00;2025-08-04 08:05:00;61,92808836995144;62,42549692081684;-0,49740855086540137;58,05717020177767;47,92518033618757;10,1319898655901;9,537626997137126;114676,2;114676,2;Excellent;100.0%;201,0;50,0;125,0;8,0;10,0;8,0;0,0;90,9502262443439;High;2,2736914840988134;86,926107;38,231267349999996;Optimal;0,9627109737936617;176,0646312048827;182,88420512241788;"RSI Cross SMA Down: Prev: RSI=65.94 vs SMA=61.57, Curr: RSI=61.93 vs SMA=62.43; RSI Entry Zone: RSI_SMA=61.57 > 60.0; Position Delay: Delay >= 12 candles";;"RSI-SMA Difference: RSI-SMA=10.13 >= 2.0; RSI Above 50: RSI=58.06 >= 50; SMA Not Increasing: SMA: 47.52 -> 47.93; No SMA Downtrend: SMA changes: ['0.404', '0.468', '0.106']";;;5m cross, 15m confirmed
BTC/USDT;Short;open;2025-08-04 14:35:00;2025-08-04 14:45:00;59,37177599663215;65,79915476421387;-6,427378767581715;58,984279153865764;54,44013366081143;4,54414549305433;14,632553508077143;115116,9;115116,9;Excellent;100.0%;207,0;50,0;125,0;8,0;6,0;18,0;0,0;93,66515837104072;High;2,567195382045189;196,255035;76,44725305;High;1,3744975337345255;264,05521793945564;192,11036139294816;"RSI Cross SMA Down: Prev: RSI=68.50 vs SMA=64.18, Curr: RSI=59.37 vs SMA=65.80; RSI Entry Zone: RSI_SMA=64.18 > 60.0; Position Delay: Delay >= 12 candles";;"RSI-SMA Difference: RSI-SMA=4.54 >= 2.0; RSI Above 50: RSI=58.98 >= 50; SMA Not Increasing: SMA: 53.37 -> 54.44; No SMA Downtrend: SMA changes: ['1.070', '2.317', '1.887']";;;5m cross, 15m confirmed
BTC/USDT;Short;skip;2025-08-04 17:30:00;2025-08-04 17:40:00;53,335664831858296;60,29191849878613;-6,956253666927836;56,163007462764675;58,11673167072903;-1,9537242079643562;3,31452218349749;115290,2;115290,2;Excellent;100.0%;157,0;50,0;90,0;-5,0;10,0;16,0;-4,0;78,1094527363184;Low;0,5882338102387279;80,950543;137,61627025;Optimal;1,0693863059614208;309,5884057803549;289,5010007651282;"RSI Cross SMA Down: Prev: RSI=62.16 vs SMA=60.31, Curr: RSI=53.34 vs SMA=60.29; RSI Entry Zone: RSI_SMA=60.31 > 60.0; Position Delay: Delay >= 12 candles";;"RSI Above 50: RSI=56.16 >= 50; SMA Not Increasing: SMA: 59.14 -> 58.12; No SMA Downtrend: SMA changes: ['-1.023', '-0.094', '0.449']";RSI-SMA Difference: RSI-SMA=-1.95 >= 2.0;RSI-SMA різниця -1.95 < 2.0;5m cross, 15m rejected
BTC/USDT;Long;open;2025-08-04 20:05:00;2025-08-04 20:15:00;40,44330142156635;37,85518148189512;2,5881199396712304;43,65695864826698;53,314129318790144;-9,657170670523165;-9,273549374376707;114789,9;114789,9;Excellent;100.0%;184,0;50,0;125,0;-5,0;10,0;8,0;-4,0;83,2579185520362;Low;0,7097536737425378;67,82807;95,56564835;Optimal;0,892910273472681;254,65362916363094;285,195093761481;"RSI Cross SMA Up: Prev: RSI=30.48 vs SMA=37.77, Curr: RSI=40.44 vs SMA=37.86; RSI Entry Zone: RSI_SMA=37.77 < 40.0; Position Delay: Delay >= 12 candles";;"SMA-RSI Difference: SMA-RSI=9.66 >= 2.0; RSI Below 50: RSI=43.66 <= 50; SMA Not Falling: SMA: 54.29 -> 53.31; No SMA Uptrend: SMA changes: ['-0.977', '-0.612', '-0.808']";;;5m cross, 15m confirmed
BTC/USDT;Long;open;2025-08-04 20:20:00;2025-08-04 20:30:00;43,575409109292806;37,06215532044655;6,5132537888462565;44,4930203766725;52,10121757885402;-7,608197202181522;-8,744768281198345;114782,5;114782,5;Excellent;100.0%;194,0;50,0;125,0;-5,0;10,0;18,0;-4,0;87,78280542986425;Low;0,3654926460118163;34,023034;93,0881493;Optimal;0,8911862494442858;251,26408422337138;281,94340339076297;"RSI Cross SMA Up: Prev: RSI=34.11 vs SMA=36.99, Curr: RSI=43.58 vs SMA=37.06; RSI Entry Zone: RSI_SMA=36.99 < 40.0; Position Delay: Delay >= 12 candles";;"SMA-RSI Difference: SMA-RSI=7.61 >= 2.0; RSI Below 50: RSI=44.49 <= 50; SMA Not Falling: SMA: 53.31 -> 52.10; No SMA Uptrend: SMA changes: ['-1.213', '-0.977', '-0.612']";;;5m cross, 15m confirmed
BTC/USDT;Long;open;2025-08-05 00:55:00;2025-08-05 01:05:00;40,288017875232896;39,68137558313689;0,6066422920960051;44,798265140774745;52,5066773457909;-7,7084122050161525;-8,264849905780055;114891,3;114891,3;Excellent;100.0%;184,0;50,0;125,0;-5,0;10,0;8,0;-4,0;83,2579185520362;Low;0,6309525966730801;26,417743;41,8696161;Optimal;0,9009457381316744;200,11762877870837;222,11951320586735;"RSI Cross SMA Up: Prev: RSI=38.63 vs SMA=39.93, Curr: RSI=40.29 vs SMA=39.68; RSI Entry Zone: RSI_SMA=39.93 < 40.0; Position Delay: Delay >= 12 candles";;"SMA-RSI Difference: SMA-RSI=7.71 >= 2.0; RSI Below 50: RSI=44.80 <= 50; SMA Not Falling: SMA: 52.99 -> 52.51; No SMA Uptrend: SMA changes: ['-0.487', '-0.574', '-0.189']";;;5m cross, 15m confirmed
BTC/USDT;Long;open;2025-08-05 02:45:00;2025-08-05 02:55:00;47,034793306153965;38,09755396765076;8,937239338503204;41,946124478283735;44,35750297481767;-2,411378496533935;-6,43979121225086;114765,6;114765,6;Excellent;100.0%;186,0;50,0;125,0;-5,0;10,0;10,0;-4,0;84,16289592760181;Low;0,5210177366758733;18,383316;35,28347445;Optimal;0,9393029857309588;186,09258736166402;198,11774282485445;"RSI Cross SMA Up: Prev: RSI=36.25 vs SMA=37.51, Curr: RSI=47.03 vs SMA=38.10; RSI Entry Zone: RSI_SMA=37.51 < 40.0; Position Delay: Delay >= 12 candles";;"SMA-RSI Difference: SMA-RSI=2.41 >= 2.0; RSI Below 50: RSI=41.95 <= 50; SMA Not Falling: SMA: 45.46 -> 44.36; No SMA Uptrend: SMA changes: ['-1.098', '-1.439', '-1.468']";;;5m cross, 15m confirmed
BTC/USDT;Long;skip;2025-08-05 04:05:00;2025-08-05 04:15:00;40,174404849802045;30,613448195793712;9,560956654008333;36,76692514961007;38,69595211081776;-1,9290269612076898;-7,226306651103845;114354,4;114354,4;Excellent;100.0%;172,0;50,0;90,0;12,0;10,0;10,0;0,0;85,57213930348259;Very High;2,8539572294376176;110,955914;38,8779176;Optimal;1,0100529309798774;197,37961961398946;195,4151248514339;"RSI Cross SMA Up: Prev: RSI=27.00 vs SMA=30.93, Curr: RSI=40.17 vs SMA=30.61; RSI Entry Zone: RSI_SMA=30.93 < 40.0; Position Delay: Delay >= 12 candles";;"RSI Below 50: RSI=36.77 <= 50; SMA Not Falling: SMA: 39.27 -> 38.70; No SMA Uptrend: SMA changes: ['-0.575', '-1.097', '-1.267']";SMA-RSI Difference: SMA-RSI=1.93 >= 2.0;SMA-RSI diff 1.93 < 2.0;5m cross, 15m rejected
BTC/USDT;Short;open;2025-08-05 10:00:00;2025-08-05 10:10:00;60,17026032603839;61,473430731602285;-1,3031704055638968;56,93562687385248;46,53527275657136;10,400354117281118;13,267441696205877;114624,9;114624,9;Excellent;100.0%;184,0;50,0;125,0;-5,0;10,0;8,0;-4,0;83,2579185520362;Low;0,9786676681451747;51,495474;52,617937299999994;Optimal;1,046461889864243;219,94267678410299;210,17743590512984;"RSI Cross SMA Down: Prev: RSI=65.27 vs SMA=60.78, Curr: RSI=60.17 vs SMA=61.47; RSI Entry Zone: RSI_SMA=60.78 > 60.0; Position Delay: Delay >= 12 candles";;"RSI-SMA Difference: RSI-SMA=10.40 >= 2.0; RSI Above 50: RSI=56.94 >= 50; SMA Not Increasing: SMA: 45.43 -> 46.54; No SMA Downtrend: SMA changes: ['1.104', '0.861', '1.111']";;;5m cross, 15m confirmed
BTC/USDT;Short;open;2025-08-05 10:45:00;2025-08-05 10:55:00;61,05227240925966;65,23790323161269;-4,185630822353033;59,793878510938754;51,674661241843765;8,119217269094989;13,276331151911778;114871,8;114871,8;Excellent;100.0%;194,0;50,0;125,0;-5,0;10,0;18,0;-4,0;87,78280542986425;Low;0,547644214068086;31,280392;57,118090900000006;Optimal;1,0410733084271526;230,78781373712644;221,6825768838501;"RSI Cross SMA Down: Prev: RSI=68.47 vs SMA=65.46, Curr: RSI=61.05 vs SMA=65.24; RSI Entry Zone: RSI_SMA=65.46 > 60.0; Position Delay: Delay >= 12 candles";;"RSI-SMA Difference: RSI-SMA=8.12 >= 2.0; RSI Above 50: RSI=59.79 >= 50; SMA Not Increasing: SMA: 50.22 -> 51.67; No SMA Downtrend: SMA changes: ['1.452', '1.708', '1.979']";;;5m cross, 15m confirmed
BTC/USDT;Long;open;2025-08-05 13:10:00;2025-08-05 13:20:00;37,948393525855444;37,337370278169644;0,6110232476858002;38,09608327766553;54,03969213991566;-15,94360886225013;-20,129361596034965;114045,1;114045,1;Excellent;100.0%;196,0;50,0;125,0;3,0;10,0;8,0;0,0;88,68778280542986;Normal;1,6391229088040626;105,543849;64,39044224999999;Optimal;1,2056506887787106;287,3079848193384;238,30118250118787;"RSI Cross SMA Up: Prev: RSI=34.78 vs SMA=38.28, Curr: RSI=37.95 vs SMA=37.34; RSI Entry Zone: RSI_SMA=38.28 < 40.0; Position Delay: Delay >= 12 candles";;"SMA-RSI Difference: SMA-RSI=15.94 >= 2.0; RSI Below 50: RSI=38.10 <= 50; SMA Not Falling: SMA: 55.64 -> 54.04; No SMA Uptrend: SMA changes: ['-1.598', '-1.524', '-1.423']";;;5m cross, 15m confirmed
BTC/USDT;Long;open;2025-08-05 14:55:00;2025-08-05 15:05:00;32,39178405650358;32,023918474099744;0,36786558240383727;30,73099211864168;42,01551130288912;-11,284519184247436;-16,015845158336862;113032,2;113032,2;Excellent;100.0%;201,0;50,0;125,0;8,0;10,0;8,0;0,0;90,9502262443439;High;2,0818714069160795;228,751794;109,87796519999999;Optimal;1,2832798229323759;369,07804424537534;287,6052733393786;"RSI Cross SMA Up: Prev: RSI=21.03 vs SMA=33.55, Curr: RSI=32.39 vs SMA=32.02; RSI Entry Zone: RSI_SMA=33.55 < 40.0; Position Delay: Delay >= 12 candles";;"SMA-RSI Difference: SMA-RSI=11.28 >= 2.0; RSI Below 50: RSI=30.73 <= 50; SMA Not Falling: SMA: 44.19 -> 42.02; No SMA Uptrend: SMA changes: ['-2.174', '-2.380', '-2.181']";;;5m cross, 15m confirmed
BTC/USDT;Long;open;2025-08-05 15:50:00;2025-08-05 16:00:00;36,37298527410006;33,04638832157924;3,3265969525208163;33,10144741363682;35,191384823561215;-2,0899374099243957;-4,871748643037026;112872,3;112872,3;Excellent;100.0%;186,0;50,0;125,0;-5,0;10,0;10,0;-4,0;84,16289592760181;Low;0,7700872144320258;93,978024;122,03555939999998;Optimal;1,129778069992904;376,7112120390504;333,4382406992698;"RSI Cross SMA Up: Prev: RSI=31.36 vs SMA=31.91, Curr: RSI=36.37 vs SMA=33.05; RSI Entry Zone: RSI_SMA=31.91 < 40.0; Position Delay: Delay >= 12 candles";;"SMA-RSI Difference: SMA-RSI=2.09 >= 2.0; RSI Below 50: RSI=33.10 <= 50; SMA Not Falling: SMA: 36.13 -> 35.19; No SMA Uptrend: SMA changes: ['-0.939', '-2.110', '-1.794']";;;5m cross, 15m confirmed
BTC/USDT;Short;open;2025-08-05 23:55:00;2025-08-06 00:05:00;62,311068705142375;64,73541978920622;-2,4243510840638436;60,47163064209938;55,507723889733604;4,963906752365773;5,614414698684371;114123,0;114123,0;Excellent;100.0%;190,0;50,0;125,0;-5,0;10,0;14,0;-4,0;85,97285067873304;Low;0,5273098053502128;25,945135;49,20283055;Optimal;0,8493269944969869;218,23546015081237;256,95104661080757;"RSI Cross SMA Down: Prev: RSI=66.33 vs SMA=64.64, Curr: RSI=62.31 vs SMA=64.74; RSI Entry Zone: RSI_SMA=64.64 > 60.0; Position Delay: Delay >= 12 candles";;"RSI-SMA Difference: RSI-SMA=4.96 >= 2.0; RSI Above 50: RSI=60.47 >= 50; SMA Not Increasing: SMA: 55.52 -> 55.51; No SMA Downtrend: SMA changes: ['-0.011', '0.438', '0.606']";;;5m cross, 15m confirmed
BTC/USDT;Short;open;2025-08-06 06:00:00;2025-08-06 06:10:00;55,609342946219044;64,17718257675526;-8,567839630536213;57,29729719290912;48,00320824958357;9,294088943325548;15,34736354459451;113988,8;113988,8;Excellent;100.0%;194,0;50,0;125,0;-5,0;10,0;18,0;-4,0;87,78280542986425;Low;0,7844575545670888;49,243854;62,77440215;Optimal;1,131544313353607;238,53611132633938;210,80580628732037;"RSI Cross SMA Down: Prev: RSI=63.77 vs SMA=63.16, Curr: RSI=55.61 vs SMA=64.18; RSI Entry Zone: RSI_SMA=63.16 > 60.0; Position Delay: Delay >= 12 candles";;"RSI-SMA Difference: RSI-SMA=9.29 >= 2.0; RSI Above 50: RSI=57.30 >= 50; SMA Not Increasing: SMA: 47.15 -> 48.00; No SMA Downtrend: SMA changes: ['0.855', '1.254', '1.640']";;;5m cross, 15m confirmed
BTC/USDT;Short;open;2025-08-06 15:45:00;2025-08-06 15:55:00;65,21558271346265;66,07529648486245;-0,8597137713997967;72,11347798028531;58,06578571417255;14,047692266112762;12,650151076407177;115136,8;115136,8;Excellent;100.0%;196,0;50,0;125,0;3,0;10,0;8,0;0,0;88,68778280542986;Normal;1,2429923810283314;145,995912;117,45519459999998;Optimal;1,2411948013999832;355,33208394865585;286,2822850594165;"RSI Cross SMA Down: Prev: RSI=68.10 vs SMA=65.23, Curr: RSI=65.22 vs SMA=66.08; RSI Entry Zone: RSI_SMA=65.23 > 60.0; Position Delay: Delay >= 12 candles";;"RSI-SMA Difference: RSI-SMA=14.05 >= 2.0; RSI Above 50: RSI=72.11 >= 50; SMA Not Increasing: SMA: 56.50 -> 58.07; No SMA Downtrend: SMA changes: ['1.563', '1.618', '0.652']";;;5m cross, 15m confirmed
BTC/USDT;Short;open;2025-08-06 16:05:00;2025-08-06 16:15:00;68,09260123389339;68,1602718204769;-0,06767058658350322;66,21612282294097;59,220431539641446;6,995691283299529;11,385118113979209;115368,0;115368,0;Excellent;100.0%;196,0;50,0;125,0;3,0;10,0;8,0;0,0;88,68778280542986;Normal;1,735226838954771;217,691257;125,45406290000001;Optimal;1,2301546810135668;364,2869350951802;296,13099939190704;"RSI Cross SMA Down: Prev: RSI=71.27 vs SMA=68.75, Curr: RSI=68.09 vs SMA=68.16; RSI Entry Zone: RSI_SMA=68.75 > 60.0; Position Delay: Delay >= 12 candles";;"RSI-SMA Difference: RSI-SMA=7.00 >= 2.0; RSI Above 50: RSI=66.22 >= 50; SMA Not Increasing: SMA: 58.07 -> 59.22; No SMA Downtrend: SMA changes: ['1.155', '1.563', '1.618']";;;5m cross, 15m confirmed
BTC/USDT;Short;skip;2025-08-06 18:20:00;2025-08-06 18:30:00;56,77003922583225;65,34129745054109;-8,571258224708842;62,484524519201905;66,24936099740215;-3,7648364782002446;0,9864619128820754;115464,8;115464,8;Excellent;100.0%;165,0;50,0;90,0;-5,0;10,0;24,0;-4,0;82,08955223880598;Low;0,6567599204495367;82,703747;125,9269094;Optimal;0,8790674158284822;292,3554756328666;332,5745788874844;"RSI Cross SMA Down: Prev: RSI=68.34 vs SMA=65.36, Curr: RSI=56.77 vs SMA=65.34; RSI Entry Zone: RSI_SMA=65.36 > 60.0; Position Delay: Delay >= 12 candles";;"RSI Above 50: RSI=62.48 >= 50; SMA Not Increasing: SMA: 67.03 -> 66.25; No SMA Downtrend: SMA changes: ['-0.785', '1.005', '1.256']";RSI-SMA Difference: RSI-SMA=-3.76 >= 2.0;RSI-SMA різниця -3.76 < 2.0;5m cross, 15m rejected
BTC/USDT;Long;open;2025-08-07 03:25:00;2025-08-07 03:35:00;36,17606865069855;33,784720102545975;2,391348548152571;35,44203491638524;42,12062801767889;-6,67859310129365;-8,821507757949718;114519,3;114519,3;Excellent;100.0%;184,0;50,0;125,0;-5,0;10,0;8,0;-4,0;83,2579185520362;Low;0,8168855185071852;25,630916;31,3763868;Optimal;1,04478318410102;166,61160772799454;159,47003192950018;"RSI Cross SMA Up: Prev: RSI=31.23 vs SMA=34.41, Curr: RSI=36.18 vs SMA=33.78; RSI Entry Zone: RSI_SMA=34.41 < 40.0; Position Delay: Delay >= 12 candles";;"SMA-RSI Difference: SMA-RSI=6.68 >= 2.0; RSI Below 50: RSI=35.44 <= 50; SMA Not Falling: SMA: 42.93 -> 42.12; No SMA Uptrend: SMA changes: ['-0.807', '-1.015', '-0.867']";;;5m cross, 15m confirmed
BTC/USDT;Long;skip;2025-08-07 05:15:00;2025-08-07 05:25:00;39,62222625020922;37,85227913799668;1,7699471122125416;38,51651567939008;36,564370676502286;1,9521450028877965;-3,209971674600323;114375,5;114375,5;Excellent;100.0%;141,0;50,0;90,0;-5,0;10,0;0,0;-4,0;70,1492537313433;Low;1,0711117862204438;40,194651;37,526102800000004;Optimal;0,9361658433027269;149,2126251782043;159,38695717822037;"RSI Cross SMA Up: Prev: RSI=37.56 vs SMA=38.72, Curr: RSI=39.62 vs SMA=37.85; RSI Entry Zone: RSI_SMA=38.72 < 40.0; Position Delay: Delay >= 12 candles";;"RSI Below 50: RSI=38.52 <= 50; SMA Not Falling: SMA: 36.65 -> 36.56; No SMA Uptrend: SMA changes: ['-0.088', '-1.266', '-1.746']";SMA-RSI Difference: SMA-RSI=-1.95 >= 2.0;SMA-RSI diff -1.95 < 2.0;5m cross, 15m rejected
BTC/USDT;Short;open;2025-08-07 07:30:00;2025-08-07 07:40:00;59,700599987953716;60,042423344142094;-0,3418233561883781;52,7933898011743;44,29847102284224;8,494918778332057;12,696580233458278;114791,0;114791,0;Excellent;100.0%;184,0;50,0;125,0;-5,0;10,0;8,0;-4,0;83,2579185520362;Low;0,6749296282046856;22,316971;33,0656265;Optimal;0,9722269551813638;141,22509355762196;145,25938908089333;"RSI Cross SMA Down: Prev: RSI=65.32 vs SMA=60.11, Curr: RSI=59.70 vs SMA=60.04; RSI Entry Zone: RSI_SMA=60.11 > 60.0; Position Delay: Delay >= 12 candles";;"RSI-SMA Difference: RSI-SMA=8.49 >= 2.0; RSI Above 50: RSI=52.79 >= 50; SMA Not Increasing: SMA: 43.29 -> 44.30; No SMA Downtrend: SMA changes: ['1.005', '1.493', '1.307']";;;5m cross, 15m confirmed
BTC/USDT;Short;open;2025-08-07 08:30:00;2025-08-07 08:40:00;63,46866911270678;64,16519138105193;-0,6965222683451486;62,26997400353467;52,28230448059414;9,987669522940529;13,812577948245961;115038,4;115038,4;Excellent;100.0%;184,0;50,0;125,0;-5,0;10,0;8,0;-4,0;83,2579185520362;Low;1,111932646224572;40,367889;36,3042574;Optimal;1,0516529917813762;151,8516138353611;144,39326947393775;"RSI Cross SMA Down: Prev: RSI=75.34 vs SMA=64.54, Curr: RSI=63.47 vs SMA=64.17; RSI Entry Zone: RSI_SMA=64.54 > 60.0; Position Delay: Delay >= 12 candles";;"RSI-SMA Difference: RSI-SMA=9.99 >= 2.0; RSI Above 50: RSI=62.27 >= 50; SMA Not Increasing: SMA: 50.08 -> 52.28; No SMA Downtrend: SMA changes: ['2.200', '2.582', '1.933']";;;5m cross, 15m confirmed
BTC/USDT;Short;open;2025-08-07 11:30:00;2025-08-07 11:40:00;70,27624219349559;81,23081632652006;-10,954574133024465;78,16122989769042;69,80034497436615;8,360884923324264;13,234582257271265;116543,2;116543,2;Excellent;100.0%;206,0;50,0;125,0;3,0;10,0;18,0;0,0;93,21266968325791;Normal;1,1860169983235813;110,147198;92,87151715;Optimal;1,2711729712714879;229,56659134737433;180,594298758375;"RSI Cross SMA Down: Prev: RSI=85.12 vs SMA=81.47, Curr: RSI=70.28 vs SMA=81.23; RSI Entry Zone: RSI_SMA=81.47 > 60.0; Position Delay: Delay >= 12 candles";;"RSI-SMA Difference: RSI-SMA=8.36 >= 2.0; RSI Above 50: RSI=78.16 >= 50; SMA Not Increasing: SMA: 68.60 -> 69.80; No SMA Downtrend: SMA changes: ['1.199', '2.087', '2.079']";;;5m cross, 15m confirmed
BTC/USDT;Short;open;2025-08-07 20:10:00;2025-08-07 20:20:00;67,4163743705621;67,72116155535629;-0,3047871847941934;66,85143859814286;56,7822165713338;10,069222026809065;12,922932402767595;117290,4;117290,4;Excellent;100.0%;196,0;50,0;125,0;3,0;10,0;8,0;0,0;88,68778280542986;Normal;1,2558348739019791;120,257814;95,75925665;Optimal;0,9774220237342959;296,8830777078114;303,7409332905687;"RSI Cross SMA Down: Prev: RSI=71.52 vs SMA=67.29, Curr: RSI=67.42 vs SMA=67.72; RSI Entry Zone: RSI_SMA=67.29 > 60.0; Position Delay: Delay >= 12 candles";;"RSI-SMA Difference: RSI-SMA=10.07 >= 2.0; RSI Above 50: RSI=66.85 >= 50; SMA Not Increasing: SMA: 55.34 -> 56.78; No SMA Downtrend: SMA changes: ['1.439', '0.586', '0.321']";;;5m cross, 15m confirmed
BTC/USDT;Short;open;2025-08-07 20:25:00;2025-08-07 20:35:00;69,01264768460902;70,24451261165594;-1,2318649270469137;68,57123745762183;58,07862199971572;10,492615457906112;12,242171933501682;117412,6;117412,6;Excellent;100.0%;196,0;50,0;125,0;3,0;10,0;8,0;0,0;88,68778280542986;Normal;1,3189814915401177;131,117114;99,4078498;Optimal;0,9635550041435269;290,7342864429669;301,73086662695636;"RSI Cross SMA Down: Prev: RSI=71.24 vs SMA=69.45, Curr: RSI=69.01 vs SMA=70.24; RSI Entry Zone: RSI_SMA=69.45 > 60.0; Position Delay: Delay >= 12 candles";;"RSI-SMA Difference: RSI-SMA=10.49 >= 2.0; RSI Above 50: RSI=68.57 >= 50; SMA Not Increasing: SMA: 56.78 -> 58.08; No SMA Downtrend: SMA changes: ['1.296', '1.439', '0.586']";;;5m cross, 15m confirmed
BTC/USDT;Long;open;2025-08-08 06:10:00;2025-08-08 06:20:00;43,79841417894845;35,09099925347657;8,70741492547188;38,58636053632753;42,17233853557591;-3,585977999248378;-4,696853276105746;116571,4;116571,4;Excellent;100.0%;194,0;50,0;125,0;-5,0;10,0;18,0;-4,0;87,78280542986425;Low;1,1411819706162063;48,480581;42,4827786;Optimal;0,8219428502944541;164,52719863579793;200,16865962987262;"RSI Cross SMA Up: Prev: RSI=22.53 vs SMA=34.67, Curr: RSI=43.80 vs SMA=35.09; RSI Entry Zone: RSI_SMA=34.67 < 40.0; Position Delay: Delay >= 12 candles";;"SMA-RSI Difference: SMA-RSI=3.59 >= 2.0; RSI Below 50: RSI=38.59 <= 50; SMA Not Falling: SMA: 42.40 -> 42.17; No SMA Uptrend: SMA changes: ['-0.232', '-0.426', '-0.467']";;;5m cross, 15m confirmed
BTC/USDT;Long;open;2025-08-08 15:55:00;2025-08-08 16:05:00;42,544042104107525;38,59377029365056;3,950271810456968;39,3951358024418;45,16433719098341;-5,76920138854161;-11,493713100655583;116201,8;116201,8;Excellent;100.0%;206,0;50,0;125,0;3,0;10,0;18,0;0,0;93,21266968325791;Normal;1,7273132246549106;135,644924;78,5294306;Optimal;1,2482624400724913;257,52539223262454;206,30709053271607;"RSI Cross SMA Up: Prev: RSI=38.84 vs SMA=39.08, Curr: RSI=42.54 vs SMA=38.59; RSI Entry Zone: RSI_SMA=39.08 < 40.0; Position Delay: Delay >= 12 candles";;"SMA-RSI Difference: SMA-RSI=5.77 >= 2.0; RSI Below 50: RSI=39.40 <= 50; SMA Not Falling: SMA: 45.70 -> 45.16; No SMA Uptrend: SMA changes: ['-0.537', '-1.358', '-1.595']";;;5m cross, 15m confirmed
BTC/USDT;Short;open;2025-08-08 18:25:00;2025-08-08 18:35:00;52,85685190866382;61,59666648321014;-8,739814574546322;53,43625911316158;43,81168764812544;9,62457146503614;13,55934341280276;116595,6;116595,6;Excellent;100.0%;194,0;50,0;125,0;-5,0;10,0;18,0;-4,0;87,78280542986425;Low;1,1071531240421453;109,783222;99,1581197;Optimal;0,9851664726747763;245,2713559365321;248,96437580808865;"RSI Cross SMA Down: Prev: RSI=65.13 vs SMA=61.61, Curr: RSI=52.86 vs SMA=61.60; RSI Entry Zone: RSI_SMA=61.61 > 60.0; Position Delay: Delay >= 12 candles";;"RSI-SMA Difference: RSI-SMA=9.62 >= 2.0; RSI Above 50: RSI=53.44 >= 50; SMA Not Increasing: SMA: 43.02 -> 43.81; No SMA Downtrend: SMA changes: ['0.788', '1.046', '0.423']";;;5m cross, 15m confirmed
BTC/USDT;Short;open;2025-08-08 21:35:00;2025-08-08 21:45:00;61,72814007361147;61,74332450534134;-0,01518443172987105;63,019065886298;53,78379382045012;9,23527206584788;6,842330993688857;116848,4;116848,4;Excellent;100.0%;196,0;50,0;125,0;3,0;10,0;8,0;0,0;88,68778280542986;Normal;1,2372225147662748;84,047036;67,9320292;Optimal;0,8691328670496609;198,44363086812115;228,32369870184922;"RSI Cross SMA Down: Prev: RSI=62.60 vs SMA=61.02, Curr: RSI=61.73 vs SMA=61.74; RSI Entry Zone: RSI_SMA=61.02 > 60.0; Position Delay: Delay >= 12 candles";;"RSI-SMA Difference: RSI-SMA=9.24 >= 2.0; RSI Above 50: RSI=63.02 >= 50; SMA Not Increasing: SMA: 53.47 -> 53.78; No SMA Downtrend: SMA changes: ['0.316', '0.075', '0.439']";;;5m cross, 15m confirmed
BTC/USDT;Short;open;2025-08-08 21:55:00;2025-08-08 22:05:00;63,03553483005369;63,21501571195459;-0,1794808819009006;61,51022680739571;54,36050579860971;7,149721008786003;7,140079063723593;116926,0;116926,0;Excellent;100.0%;184,0;50,0;125,0;-5,0;10,0;8,0;-4,0;83,2579185520362;Low;0,25592533338735324;16,966957;66,29651225;Optimal;0,8390929578106838;188,16194294896965;224,24445491702335;"RSI Cross SMA Down: Prev: RSI=66.64 vs SMA=63.44, Curr: RSI=63.04 vs SMA=63.22; RSI Entry Zone: RSI_SMA=63.44 > 60.0; Position Delay: Delay >= 12 candles";;"RSI-SMA Difference: RSI-SMA=7.15 >= 2.0; RSI Above 50: RSI=61.51 >= 50; SMA Not Increasing: SMA: 53.78 -> 54.36; No SMA Downtrend: SMA changes: ['0.577', '0.316', '0.075']";;;5m cross, 15m confirmed
BTC/USDT;Short;open;2025-08-08 22:15:00;2025-08-08 22:25:00;60,71593941663576;62,07076328877213;-1,3548238721363646;62,05010319683749;56,236474356233835;5,813628840603656;6,396418219698698;116914,8;116914,8;Excellent;100.0%;184,0;50,0;125,0;-5,0;10,0;8,0;-4,0;83,2579185520362;Low;0,2270241700618765;14,259686;62,811312099999995;Optimal;0,8439579188945504;181,27126713457076;214,7870919583373;"RSI Cross SMA Down: Prev: RSI=62.21 vs SMA=62.18, Curr: RSI=60.72 vs SMA=62.07; RSI Entry Zone: RSI_SMA=62.18 > 60.0; Position Delay: Delay >= 12 candles";;"RSI-SMA Difference: RSI-SMA=5.81 >= 2.0; RSI Above 50: RSI=62.05 >= 50; SMA Not Increasing: SMA: 55.40 -> 56.24; No SMA Downtrend: SMA changes: ['0.839', '1.037', '0.577']";;;5m cross, 15m confirmed
BTC/USDT;Short;open;2025-08-08 22:30:00;2025-08-08 22:40:00;58,01442843181896;62,169990305146335;-4,155561873327372;60,77686769102315;56,75040581738629;4,026461873636862;5,3553318413156505;116901,3;116901,3;Excellent;100.0%;194,0;50,0;125,0;-5,0;10,0;18,0;-4,0;87,78280542986425;Low;0,573210567759509;35,103958;61,240947000000006;Optimal;0,8386169836788763;176,0447480535304;209,92270783886434;"RSI Cross SMA Down: Prev: RSI=62.63 vs SMA=62.31, Curr: RSI=58.01 vs SMA=62.17; RSI Entry Zone: RSI_SMA=62.31 > 60.0; Position Delay: Delay >= 12 candles";;"RSI-SMA Difference: RSI-SMA=4.03 >= 2.0; RSI Above 50: RSI=60.78 >= 50; SMA Not Increasing: SMA: 56.24 -> 56.75; No SMA Downtrend: SMA changes: ['0.514', '0.839', '1.037']";;;5m cross, 15m confirmed
BTC/USDT;Long;open;2025-08-09 01:05:00;2025-08-09 01:15:00;44,30073513735397;38,60823393867902;5,692501198674947;44,97389983404312;53,3017698068673;-8,327869972824182;-9,91138422566465;116640,3;116640,3;Excellent;100.0%;194,0;50,0;125,0;-5,0;10,0;18,0;-4,0;87,78280542986425;Low;0,7813382722868233;23,147595;29,62557425;Optimal;0,8375523568908152;131,7522485596172;157,30628357218347;"RSI Cross SMA Up: Prev: RSI=31.36 vs SMA=38.09, Curr: RSI=44.30 vs SMA=38.61; RSI Entry Zone: RSI_SMA=38.09 < 40.0; Position Delay: Delay >= 12 candles";;"SMA-RSI Difference: SMA-RSI=8.33 >= 2.0; RSI Below 50: RSI=44.97 <= 50; SMA Not Falling: SMA: 54.59 -> 53.30; No SMA Uptrend: SMA changes: ['-1.289', '-1.097', '-0.994']";;;5m cross, 15m confirmed
BTC/USDT;Long;open;2025-08-09 01:30:00;2025-08-09 01:40:00;40,61581720916009;37,26391036995767;3,351906839202421;48,39567673530601;50,94802408205931;-2,552347346753301;-6,995959308277851;116567,5;116567,5;Excellent;100.0%;186,0;50,0;125,0;-5,0;10,0;10,0;-4,0;84,16289592760181;Low;0,6222168250735867;17,009584;27,337068550000005;Optimal;0,8533905780657399;126,8552551355897;148,64853022295443;"RSI Cross SMA Up: Prev: RSI=36.68 vs SMA=37.55, Curr: RSI=40.62 vs SMA=37.26; RSI Entry Zone: RSI_SMA=37.55 < 40.0; Position Delay: Delay >= 12 candles";;"SMA-RSI Difference: SMA-RSI=2.55 >= 2.0; RSI Below 50: RSI=48.40 <= 50; SMA Not Falling: SMA: 51.89 -> 50.95; No SMA Uptrend: SMA changes: ['-0.945', '-1.409', '-1.289']";;;5m cross, 15m confirmed
BTC/USDT;Long;open;2025-08-09 03:10:00;2025-08-09 03:20:00;45,09673752166381;35,328630156115686;9,768107365548126;41,126386152493886;43,509401772738606;-2,38301562024472;-5,214952982900705;116447,5;116447,5;Excellent;100.0%;198,0;50,0;125,0;3,0;10,0;10,0;0,0;89,59276018099548;Normal;1,3703717384194218;22,86468;16,685020100000003;Optimal;0,900147769823207;116,63886480996439;129,57746352343102;"RSI Cross SMA Up: Prev: RSI=31.03 vs SMA=34.83, Curr: RSI=45.10 vs SMA=35.33; RSI Entry Zone: RSI_SMA=34.83 < 40.0; Position Delay: Delay >= 12 candles";;"SMA-RSI Difference: SMA-RSI=2.38 >= 2.0; RSI Below 50: RSI=41.13 <= 50; SMA Not Falling: SMA: 44.12 -> 43.51; No SMA Uptrend: SMA changes: ['-0.607', '-1.175', '-1.351']";;;5m cross, 15m confirmed
BTC/USDT;Short;open;2025-08-09 09:40:00;2025-08-09 09:50:00;61,29203900981816;64,94740977898019;-3,655370769162026;65,46467121293203;59,16046376278405;6,304207450147985;9,48117305952764;117271,9;117271,9;Excellent;100.0%;211,0;50,0;125,0;8,0;10,0;18,0;0,0;95,47511312217195;High;1,8617894600213274;98,235755;52,76415895;Optimal;1,1004752267924125;187,14888080521993;170,06187531427517;"RSI Cross SMA Down: Prev: RSI=64.75 vs SMA=64.58, Curr: RSI=61.29 vs SMA=64.95; RSI Entry Zone: RSI_SMA=64.58 > 60.0; Position Delay: Delay >= 12 candles";;"RSI-SMA Difference: RSI-SMA=6.30 >= 2.0; RSI Above 50: RSI=65.46 >= 50; SMA Not Increasing: SMA: 58.00 -> 59.16; No SMA Downtrend: SMA changes: ['1.162', '0.739', '0.545']";;;5m cross, 15m confirmed
BTC/USDT;Short;skip;2025-08-09 10:35:00;2025-08-09 10:45:00;61,62772348882271;69,53016473282888;-7,9024412440061695;64,0320482321279;64,54271717471168;-0,5106689425837772;7,572007118887065;117587,8;117587,8;Excellent;100.0%;163,0;50,0;90,0;3,0;10,0;10,0;0,0;81,09452736318407;Normal;1,5685944079192269;95,315693;60,76503429999999;Optimal;1,2022038124696561;214,94601688561607;178,7933249388538;"RSI Cross SMA Down: Prev: RSI=71.84 vs SMA=69.72, Curr: RSI=61.63 vs SMA=69.53; RSI Entry Zone: RSI_SMA=69.72 > 60.0; Position Delay: Delay >= 12 candles";;"RSI Above 50: RSI=64.03 >= 50; SMA Not Increasing: SMA: 63.94 -> 64.54; No SMA Downtrend: SMA changes: ['0.602', '1.611', '1.750']";RSI-SMA Difference: RSI-SMA=-0.51 >= 2.0;RSI-SMA різниця -0.51 < 2.0;5m cross, 15m rejected
BTC/USDT;Long;skip;2025-08-09 17:05:00;2025-08-09 17:15:00;43,38525278237478;38,56153852222381;4,823714260150965;42,36580516516974;42,911760727652286;-0,545955562482547;-3,624583335845292;116708,5;116708,5;Excellent;100.0%;151,0;50,0;90,0;-5,0;10,0;10,0;-4,0;75,12437810945273;Low;0,6759635401140255;27,986287;41,40206585;Optimal;0,9238835902362229;166,59068745743474;180,31566878987434;"RSI Cross SMA Up: Prev: RSI=37.07 vs SMA=38.86, Curr: RSI=43.39 vs SMA=38.56; RSI Entry Zone: RSI_SMA=38.86 < 40.0; Position Delay: Delay >= 12 candles";;"RSI Below 50: RSI=42.37 <= 50; SMA Not Falling: SMA: 43.20 -> 42.91; No SMA Uptrend: SMA changes: ['-0.288', '-0.728', '-0.229']";SMA-RSI Difference: SMA-RSI=0.55 >= 2.0;SMA-RSI diff 0.55 < 2.0;5m cross, 15m rejected
BTC/USDT;Short;open;2025-08-10 03:40:00;2025-08-10 03:50:00;82,64525611521957;88,65105197874632;-6,005795863526757;80,50048624313808;61,20040499995398;19,300081243184103;24,921487486313254;118213,4;118213,4;Excellent;100.0%;211,0;50,0;125,0;12,0;6,0;18,0;0,0;95,47511312217195;Very High;2,719554238409795;189,653383;69,73693715;High;1,6673102837543707;247,87758282576573;148,66913809684343;"RSI Cross SMA Down: Prev: RSI=94.62 vs SMA=88.12, Curr: RSI=82.65 vs SMA=88.65; RSI Entry Zone: RSI_SMA=88.12 > 60.0; Position Delay: Delay >= 12 candles";;"RSI-SMA Difference: RSI-SMA=19.30 >= 2.0; RSI Above 50: RSI=80.50 >= 50; SMA Not Increasing: SMA: 58.88 -> 61.20; No SMA Downtrend: SMA changes: ['2.325', '3.219', '2.954']";;;5m cross, 15m confirmed
BTC/USDT;Short;skip;2025-08-10 12:50:00;2025-08-10 13:00:00;51,816315711441696;63,31607204636448;-11,499756334922786;59,178234180894066;57,34151388360176;1,8367202972923025;5,58228889558715;118458,1;118458,1;Excellent;100.0%;151,0;50,0;90,0;-5,0;10,0;10,0;-4,0;75,12437810945273;Low;0,9637969025764022;61,376919;63,68241985000001;Optimal;0,9962331743039905;235,0561236074565;235,94488687016107;"RSI Cross SMA Down: Prev: RSI=67.31 vs SMA=64.06, Curr: RSI=51.82 vs SMA=63.32; RSI Entry Zone: RSI_SMA=64.06 > 60.0; Position Delay: Delay >= 12 candles";;"RSI Above 50: RSI=59.18 >= 50; SMA Not Increasing: SMA: 57.33 -> 57.34; No SMA Downtrend: SMA changes: ['0.009', '0.387', '0.223']";RSI-SMA Difference: RSI-SMA=1.84 >= 2.0;RSI-SMA різниця 1.84 < 2.0;5m cross, 15m rejected
BTC/USDT;Short;open;2025-08-10 23:10:00;2025-08-10 23:20:00;56,82042119142333;63,89548094446763;-7,0750597530443;59,52419049940177;51,4995264835678;8,02466401583397;10,80396069520055;118944,6;118944,6;Excellent;100.0%;211,0;50,0;125,0;8,0;10,0;18,0;0,0;95,47511312217195;High;2,3841324678868454;120,39281;50,497533849999996;Optimal;1,0564352269435242;238,03623543795416;225,32023674242672;"RSI Cross SMA Down: Prev: RSI=65.29 vs SMA=64.14, Curr: RSI=56.82 vs SMA=63.90; RSI Entry Zone: RSI_SMA=64.14 > 60.0; Position Delay: Delay >= 12 candles";;"RSI-SMA Difference: RSI-SMA=8.02 >= 2.0; RSI Above 50: RSI=59.52 >= 50; SMA Not Increasing: SMA: 51.12 -> 51.50; No SMA Downtrend: SMA changes: ['0.383', '0.978', '0.516']";;;5m cross, 15m confirmed
BTC/USDT;Short;open;2025-08-11 00:00:00;2025-08-11 00:10:00;60,03505478180538;62,87426636894579;-2,8392115871404116;63,80370098712076;56,3600676157988;7,443633371321965;10,267088478163942;119194,3;119194,3;Excellent;100.0%;196,0;50,0;125,0;3,0;10,0;8,0;0,0;88,68778280542986;Normal;1,234930358613434;73,667121;59,652854500000004;Optimal;0,9539978531690122;226,00194763492868;236,8998492860232;"RSI Cross SMA Down: Prev: RSI=66.13 vs SMA=63.16, Curr: RSI=60.04 vs SMA=62.87; RSI Entry Zone: RSI_SMA=63.16 > 60.0; Position Delay: Delay >= 12 candles";;"RSI-SMA Difference: RSI-SMA=7.44 >= 2.0; RSI Above 50: RSI=63.80 >= 50; SMA Not Increasing: SMA: 55.71 -> 56.36; No SMA Downtrend: SMA changes: ['0.648', '1.927', '1.807']";;;5m cross, 15m confirmed
BTC/USDT;Short;skip;2025-08-11 00:30:00;2025-08-11 00:40:00;62,10890839443408;63,802697129511834;-1,693788735077753;61,17062784860629;59,40745271023561;1,763175138370677;6,314555118934261;119325,3;119325,3;Excellent;100.0%;141,0;50,0;90,0;-5,0;10,0;0,0;-4,0;70,1492537313433;Low;0,983445659249735;62,980874;64,04103105;Optimal;0,9951526059659668;236,09351607297506;237,2435289397707;"RSI Cross SMA Down: Prev: RSI=68.34 vs SMA=63.26, Curr: RSI=62.11 vs SMA=63.80; RSI Entry Zone: RSI_SMA=63.26 > 60.0; Position Delay: Delay >= 12 candles";;"RSI Above 50: RSI=61.17 >= 50; SMA Not Increasing: SMA: 58.05 -> 59.41; No SMA Downtrend: SMA changes: ['1.354', '1.694', '0.648']";RSI-SMA Difference: RSI-SMA=1.76 >= 2.0;RSI-SMA різниця 1.76 < 2.0;5m cross, 15m rejected
BTC/USDT;Short;open;2025-08-11 03:00:00;2025-08-11 03:10:00;79,37588743441549;82,28820494875215;-2,9123175143366637;86,77099147105949;71,60963018360371;15,161361287455776;16,192431628658905;121748,0;121748,0;Excellent;100.0%;192,0;50,0;125,0;3,0;6,0;8,0;0,0;86,87782805429865;Normal;1,2400228959316286;149,851062;120,84539930000001;High;1,3205925528597935;380,25797671473254;287,9449652288811;"RSI Cross SMA Down: Prev: RSI=84.28 vs SMA=81.40, Curr: RSI=79.38 vs SMA=82.29; RSI Entry Zone: RSI_SMA=81.40 > 60.0; Position Delay: Delay >= 12 candles";;"RSI-SMA Difference: RSI-SMA=15.16 >= 2.0; RSI Above 50: RSI=86.77 >= 50; SMA Not Increasing: SMA: 70.13 -> 71.61; No SMA Downtrend: SMA changes: ['1.483', '1.797', '1.866']";;;5m cross, 15m confirmed
BTC/USDT;Short;skip;2025-08-11 05:15:00;2025-08-11 05:25:00;62,52334126541205;63,42830937893175;-0,9049681135197005;72,34290737671239;80,13685762497752;-7,7939502482651335;-2,314062095675922;122073,5;122073,5;Excellent;100.0%;155,0;50,0;90,0;-5,0;10,0;14,0;-4,0;77,11442786069652;Low;0,840297181106796;141,166788;167,9962651;Optimal;0,9784217004452394;361,2022758855455;369,16830005014936;"RSI Cross SMA Down: Prev: RSI=72.14 vs SMA=63.33, Curr: RSI=62.52 vs SMA=63.43; RSI Entry Zone: RSI_SMA=63.33 > 60.0; Position Delay: Delay >= 12 candles";;"RSI Above 50: RSI=72.34 >= 50; SMA Not Increasing: SMA: 80.19 -> 80.14; No SMA Downtrend: SMA changes: ['-0.054', '0.780', '1.481']";RSI-SMA Difference: RSI-SMA=-7.79 >= 2.0;RSI-SMA різниця -7.79 < 2.0;5m cross, 15m rejected
BTC/USDT;Long;open;2025-08-11 09:40:00;2025-08-11 09:50:00;42,63244196570564;39,16977167315702;3,4626702925486157;48,88402227732423;58,8598890110671;-9,975866733742869;-12,535971611180194;121422,9;121422,9;Excellent;100.0%;194,0;50,0;125,0;-5,0;10,0;18,0;-4,0;87,78280542986425;Low;0,6868162179846938;96,641676;140,70965925000002;Optimal;0,9464527845989081;279,69835092267675;295,5227724763983;"RSI Cross SMA Up: Prev: RSI=27.85 vs SMA=39.26, Curr: RSI=42.63 vs SMA=39.17; RSI Entry Zone: RSI_SMA=39.26 < 40.0; Position Delay: Delay >= 12 candles";;"SMA-RSI Difference: SMA-RSI=9.98 >= 2.0; RSI Below 50: RSI=48.88 <= 50; SMA Not Falling: SMA: 60.49 -> 58.86; No SMA Uptrend: SMA changes: ['-1.631', '-1.878', '-1.361']";;;5m cross, 15m confirmed
BTC/USDT;Long;open;2025-08-11 10:10:00;2025-08-11 10:20:00;41,256550827499055;36,78067636311223;4,475874464386827;45,52410223715212;55,24048639095685;-9,716384153804732;-9,303886395623472;121293,7;121293,7;Excellent;100.0%;194,0;50,0;125,0;-5,0;10,0;18,0;-4,0;87,78280542986425;Low;0,7083597678176992;83,859825;118,38592310000001;Optimal;0,9507753720914348;275,6276597241445;289,8977695623754;"RSI Cross SMA Up: Prev: RSI=34.31 vs SMA=36.93, Curr: RSI=41.26 vs SMA=36.78; RSI Entry Zone: RSI_SMA=36.93 < 40.0; Position Delay: Delay >= 12 candles";;"SMA-RSI Difference: SMA-RSI=9.72 >= 2.0; RSI Below 50: RSI=45.52 <= 50; SMA Not Falling: SMA: 57.23 -> 55.24; No SMA Uptrend: SMA changes: ['-1.988', '-1.632', '-1.631']";;;5m cross, 15m confirmed
BTC/USDT;Long;open;2025-08-11 10:55:00;2025-08-11 11:05:00;42,32481986060689;38,886341415687625;3,4384784449192622;42,932555718149935;50,14424440507832;-7,211688686928383;-8,445467776406147;121176,0;121176,0;Excellent;100.0%;194,0;50,0;125,0;-5,0;10,0;18,0;-4,0;87,78280542986425;Low;0,8959089274122249;104,569919;116,71936265;Optimal;0,9504804422181277;270,6436473811755;284,7440466524244;"RSI Cross SMA Up: Prev: RSI=32.62 vs SMA=39.05, Curr: RSI=42.32 vs SMA=38.89; RSI Entry Zone: RSI_SMA=39.05 < 40.0; Position Delay: Delay >= 12 candles";;"SMA-RSI Difference: SMA-RSI=7.21 >= 2.0; RSI Below 50: RSI=42.93 <= 50; SMA Not Falling: SMA: 51.54 -> 50.14; No SMA Uptrend: SMA changes: ['-1.393', '-1.624', '-2.079']";;;5m cross, 15m confirmed
BTC/USDT;Long;open;2025-08-11 11:40:00;2025-08-11 11:50:00;34,97212233395601;34,43299602861022;0,5391263053457891;35,212986340090666;45,55138734228371;-10,338401002193045;-12,927961516892895;120675,6;120675,6;Excellent;100.0%;201,0;50,0;125,0;8,0;10,0;8,0;0,0;90,9502262443439;High;1,9466521858017216;241,056964;123,83155335;Optimal;1,0857352584992954;307,7808284608035;283,47686606974383;"RSI Cross SMA Up: Prev: RSI=34.20 vs SMA=34.63, Curr: RSI=34.97 vs SMA=34.43; RSI Entry Zone: RSI_SMA=34.63 < 40.0; Position Delay: Delay >= 12 candles";;"SMA-RSI Difference: SMA-RSI=10.34 >= 2.0; RSI Below 50: RSI=35.21 <= 50; SMA Not Falling: SMA: 46.96 -> 45.55; No SMA Uptrend: SMA changes: ['-1.407', '-1.623', '-1.562']";;;5m cross, 15m confirmed
BTC/USDT;Long;open;2025-08-11 11:55:00;2025-08-11 12:05:00;35,65518161166359;33,56067639371662;2,094505217946974;33,0552443416815;43,880163936379354;-10,824919594697853;-12,791777515816399;120546,6;120546,6;Excellent;100.0%;196,0;50,0;125,0;3,0;10,0;8,0;0,0;88,68778280542986;Normal;1,2577841885886456;153,550204;122,07992865000001;Optimal;1,1090898418224306;315,63219785646015;284,5866817586397;"RSI Cross SMA Up: Prev: RSI=30.27 vs SMA=33.45, Curr: RSI=35.66 vs SMA=33.56; RSI Entry Zone: RSI_SMA=33.45 < 40.0; Position Delay: Delay >= 12 candles";;"SMA-RSI Difference: SMA-RSI=10.82 >= 2.0; RSI Below 50: RSI=33.06 <= 50; SMA Not Falling: SMA: 45.55 -> 43.88; No SMA Uptrend: SMA changes: ['-1.671', '-1.407', '-1.623']";;;5m cross, 15m confirmed
BTC/USDT;Long;open;2025-08-11 12:30:00;2025-08-11 12:40:00;32,4874488563071;31,272354128930544;1,2150947273765524;21,43290898265755;37,884473682279804;-16,451564699622253;-14,23813179724744;120229,5;120229,5;Excellent;100.0%;201,0;50,0;125,0;8,0;10,0;8,0;0,0;90,9502262443439;High;1,989647781172204;252,433225;126,87332269999999;Optimal;1,210321139664309;359,1279295519829;296,7211905854917;"RSI Cross SMA Up: Prev: RSI=29.18 vs SMA=31.05, Curr: RSI=32.49 vs SMA=31.27; RSI Entry Zone: RSI_SMA=31.05 < 40.0; Position Delay: Delay >= 12 candles";;"SMA-RSI Difference: SMA-RSI=16.45 >= 2.0; RSI Below 50: RSI=21.43 <= 50; SMA Not Falling: SMA: 39.94 -> 37.88; No SMA Uptrend: SMA changes: ['-2.051', '-1.971', '-1.974']";;;5m cross, 15m confirmed
BTC/USDT;Long;open;2025-08-11 13:05:00;2025-08-11 13:15:00;27,679127369368047;26,89818430271364;0,7809430666544053;22,298308883936386;34,428855964289724;-12,130547080353338;-13,87267374776692;119619,5;119619,5;Excellent;100.0%;196,0;50,0;125,0;3,0;10,0;8,0;0,0;88,68778280542986;Normal;1,2019372145752993;151,453249;126,00762100000001;Optimal;1,145965006285231;351,9235719096173;307,09800908355436;"RSI Cross SMA Up: Prev: RSI=21.75 vs SMA=27.47, Curr: RSI=27.68 vs SMA=26.90; RSI Entry Zone: RSI_SMA=27.47 < 40.0; Position Delay: Delay >= 12 candles";;"SMA-RSI Difference: SMA-RSI=12.13 >= 2.0; RSI Below 50: RSI=22.30 <= 50; SMA Not Falling: SMA: 36.33 -> 34.43; No SMA Uptrend: SMA changes: ['-1.899', '-1.557', '-2.051']";;;5m cross, 15m confirmed
BTC/USDT;Long;open;2025-08-11 18:10:00;2025-08-11 18:20:00;38,5777405755015;36,38096116679957;2,1967794087019286;34,9753734871222;43,3877974803511;-8,412423993228899;-7,442190922673539;119502,3;119502,3;Excellent;100.0%;184,0;50,0;125,0;-5,0;10,0;8,0;-4,0;83,2579185520362;Low;1,0407649495107638;91,184396;87,6128621;Optimal;0,9340797160536007;362,67248261976755;388,26716434013235;"RSI Cross SMA Up: Prev: RSI=30.71 vs SMA=36.85, Curr: RSI=38.58 vs SMA=36.38; RSI Entry Zone: RSI_SMA=36.85 < 40.0; Position Delay: Delay >= 12 candles";;"SMA-RSI Difference: SMA-RSI=8.41 >= 2.0; RSI Below 50: RSI=34.98 <= 50; SMA Not Falling: SMA: 43.87 -> 43.39; No SMA Uptrend: SMA changes: ['-0.478', '-0.127', '-0.046']";;;5m cross, 15m confirmed
BTC/USDT;Long;open;2025-08-11 20:20:00;2025-08-11 20:30:00;35,35293402043585;34,58025562327222;0,7726783971636308;30,939531950489197;36,31901344822934;-5,379481497740144;-7,3254364882630965;118787,8;118787,8;Excellent;100.0%;184,0;50,0;125,0;-5,0;10,0;8,0;-4,0;83,2579185520362;Low;0,8787747394413866;66,957871;76,19457865000001;Optimal;0,984854368108611;350,30278249114;355,6899312574386;"RSI Cross SMA Up: Prev: RSI=28.93 vs SMA=35.23, Curr: RSI=35.35 vs SMA=34.58; RSI Entry Zone: RSI_SMA=35.23 < 40.0; Position Delay: Delay >= 12 candles";;"SMA-RSI Difference: SMA-RSI=5.38 >= 2.0; RSI Below 50: RSI=30.94 <= 50; SMA Not Falling: SMA: 37.10 -> 36.32; No SMA Uptrend: SMA changes: ['-0.785', '-1.059', '-1.482']";;;5m cross, 15m confirmed
BTC/USDT;Long;open;2025-08-12 10:20:00;2025-08-12 10:30:00;47,14779719396548;36,23986204374385;10,907935150221633;43,06636158007868;46,168585444792136;-3,1022238647134586;-8,895005683327676;118559,7;118559,7;Excellent;100.0%;211,0;50,0;125,0;8,0;10,0;18,0;0,0;95,47511312217195;High;2,678853394427673;150,445367;56,160358499999994;Optimal;1,0412799369018768;227,8652737369977;218,8319064467581;"RSI Cross SMA Up: Prev: RSI=35.05 vs SMA=35.48, Curr: RSI=47.15 vs SMA=36.24; RSI Entry Zone: RSI_SMA=35.48 < 40.0; Position Delay: Delay >= 12 candles";;"SMA-RSI Difference: SMA-RSI=3.10 >= 2.0; RSI Below 50: RSI=43.07 <= 50; SMA Not Falling: SMA: 46.49 -> 46.17; No SMA Uptrend: SMA changes: ['-0.323', '-1.233', '-1.085']";;;5m cross, 15m confirmed
BTC/USDT;Short;skip;2025-08-12 13:35:00;2025-08-12 13:45:00;63,771629906926094;64,64028039307713;-0,86865048615104;49,287646599398464;48,17315641105541;1,114490188343055;8,320981966964155;119336,6;119336,6;Excellent;100.0%;119,0;50,0;55,0;8,0;6,0;0,0;0,0;65,74585635359117;High;1,8187690739439106;289,250355;159,036328;High;1,3217818620431931;347,91015365600003;263,21298819928205;"RSI Cross SMA Down: Prev: RSI=71.56 vs SMA=63.62, Curr: RSI=63.77 vs SMA=64.64; RSI Entry Zone: RSI_SMA=63.62 > 60.0; Position Delay: Delay >= 12 candles";;"SMA Not Increasing: SMA: 47.06 -> 48.17; No SMA Downtrend: SMA changes: ['1.112', '1.620', '1.202']";"RSI-SMA Difference: RSI-SMA=1.11 >= 2.0; RSI Above 50: RSI=49.29 >= 50";RSI-SMA різниця 1.11 < 2.0;5m cross, 15m rejected
BTC/USDT;Short;open;2025-08-12 15:40:00;2025-08-12 15:50:00;61,03512082390908;62,3836479770037;-1,348527153094615;63,56580561082278;57,78324976082238;5,782555850000399;7,3249307862407464;119677,3;119677,3;Excellent;100.0%;184,0;50,0;125,0;-5,0;10,0;8,0;-4,0;83,2579185520362;Low;0,7618458779684147;131,664694;172,82326755;Optimal;1,0686911068675895;354,8270463998004;332,02021062926593;"RSI Cross SMA Down: Prev: RSI=65.21 vs SMA=62.13, Curr: RSI=61.04 vs SMA=62.38; RSI Entry Zone: RSI_SMA=62.13 > 60.0; Position Delay: Delay >= 12 candles";;"RSI-SMA Difference: RSI-SMA=5.78 >= 2.0; RSI Above 50: RSI=63.57 >= 50; SMA Not Increasing: SMA: 56.27 -> 57.78; No SMA Downtrend: SMA changes: ['1.516', '1.445', '1.283']";;;5m cross, 15m confirmed
BTC/USDT;Short;open;2025-08-12 16:05:00;2025-08-12 16:15:00;63,59077633064037;65,20730676489451;-1,6165304342541447;64,16482688033008;59,604179810218966;4,560647070111116;6,0536120034714;119892,2;119892,2;Excellent;100.0%;184,0;50,0;125,0;-5,0;10,0;8,0;-4,0;83,2579185520362;Low;0,9543371182984202;153,475272;160,8187181;Optimal;1,03550171024434;357,03352470186763;344,79279094345577;"RSI Cross SMA Down: Prev: RSI=69.11 vs SMA=65.14, Curr: RSI=63.59 vs SMA=65.21; RSI Entry Zone: RSI_SMA=65.14 > 60.0; Position Delay: Delay >= 12 candles";;"RSI-SMA Difference: RSI-SMA=4.56 >= 2.0; RSI Above 50: RSI=64.16 >= 50; SMA Not Increasing: SMA: 59.30 -> 59.60; No SMA Downtrend: SMA changes: ['0.301', '1.520', '1.516']";;;5m cross, 15m confirmed
BTC/USDT;Long;open;2025-08-13 01:50:00;2025-08-13 02:00:00;37,703578652431;33,30758107632808;4,395997576102921;40,944439746459004;51,51105473177561;-10,566614985316605;-11,740397893730131;119490,3;119490,3;Excellent;100.0%;194,0;50,0;125,0;-5,0;10,0;18,0;-4,0;87,78280542986425;Low;0,5886682769766;34,446295;58,515629849999996;Optimal;0,9516527185206315;246,56384320206783;259,0901474913639;"RSI Cross SMA Up: Prev: RSI=31.87 vs SMA=33.66, Curr: RSI=37.70 vs SMA=33.31; RSI Entry Zone: RSI_SMA=33.66 < 40.0; Position Delay: Delay >= 12 candles";;"SMA-RSI Difference: SMA-RSI=10.57 >= 2.0; RSI Below 50: RSI=40.94 <= 50; SMA Not Falling: SMA: 52.31 -> 51.51; No SMA Uptrend: SMA changes: ['-0.801', '-0.856', '-1.014']";;;5m cross, 15m confirmed
BTC/USDT;Long;open;2025-08-13 02:25:00;2025-08-13 02:35:00;34,08688900989928;32,694414837270045;1,3924741726292353;37,423405454613935;48,56785979815334;-11,144454343539408;-12,141291015589657;119273,2;119273,2;Excellent;100.0%;196,0;50,0;125,0;3,0;10,0;8,0;0,0;88,68778280542986;Normal;1,5952003436360744;96,335901;60,39109845;Optimal;0,9567437113411075;242,5586199038236;253,52517819408408;"RSI Cross SMA Up: Prev: RSI=32.18 vs SMA=32.85, Curr: RSI=34.09 vs SMA=32.69; RSI Entry Zone: RSI_SMA=32.85 < 40.0; Position Delay: Delay >= 12 candles";;"SMA-RSI Difference: SMA-RSI=11.14 >= 2.0; RSI Below 50: RSI=37.42 <= 50; SMA Not Falling: SMA: 50.14 -> 48.57; No SMA Uptrend: SMA changes: ['-1.574', '-1.370', '-0.801']";;;5m cross, 15m confirmed
BTC/USDT;Short;open;2025-08-13 09:15:00;2025-08-13 09:25:00;66,58582233897492;70,186409205675;-3,600586866700084;56,69354682005686;52,96979505693029;3,7237517631265717;11,037146178219665;120045,8;120045,8;Excellent;100.0%;206,0;50,0;125,0;3,0;10,0;18,0;0,0;93,21266968325791;Normal;1,3554985949549414;84,271467;62,170088050000004;Optimal;0,9992850189691862;249,86056404238803;250,0393374256046;"RSI Cross SMA Down: Prev: RSI=76.36 vs SMA=70.15, Curr: RSI=66.59 vs SMA=70.19; RSI Entry Zone: RSI_SMA=70.15 > 60.0; Position Delay: Delay >= 12 candles";;"RSI-SMA Difference: RSI-SMA=3.72 >= 2.0; RSI Above 50: RSI=56.69 >= 50; SMA Not Increasing: SMA: 51.66 -> 52.97; No SMA Downtrend: SMA changes: ['1.310', '1.868', '0.944']";;;5m cross, 15m confirmed
BTC/USDT;Short;open;2025-08-13 11:15:00;2025-08-13 11:25:00;65,5312878033338;72,94593710599074;-7,41464930265694;71,50620919016482;64,42989216555463;7,076317024610191;7,454685248405442;120506,1;120506,1;Excellent;100.0%;211,0;50,0;125,0;8,0;10,0;18,0;0,0;95,47511312217195;High;1,839795374831622;125,873135;68,4169211;Optimal;0,9725806660179084;236,47356672975988;243,14031215319844;"RSI Cross SMA Down: Prev: RSI=77.99 vs SMA=73.29, Curr: RSI=65.53 vs SMA=72.95; RSI Entry Zone: RSI_SMA=73.29 > 60.0; Position Delay: Delay >= 12 candles";;"RSI-SMA Difference: RSI-SMA=7.08 >= 2.0; RSI Above 50: RSI=71.51 >= 50; SMA Not Increasing: SMA: 63.16 -> 64.43; No SMA Downtrend: SMA changes: ['1.267', '1.743', '1.375']";;;5m cross, 15m confirmed
BTC/USDT;Short;open;2025-08-13 14:20:00;2025-08-13 14:30:00;59,74517746213789;64,80548110039798;-5,060303638260095;68,36740904567165;65,5381954901515;2,8292135555201554;7,5091835703914045;121519,2;121519,2;Excellent;100.0%;205,0;50,0;125,0;8,0;6,0;16,0;0,0;92,76018099547511;High;2,3751206402871126;344,458242;145,02768245;High;1,5236639887446983;412,8586230410355;270,96435046757097;"RSI Cross SMA Down: Prev: RSI=70.88 vs SMA=64.33, Curr: RSI=59.75 vs SMA=64.81; RSI Entry Zone: RSI_SMA=64.33 > 60.0; Position Delay: Delay >= 12 candles";;"RSI-SMA Difference: RSI-SMA=2.83 >= 2.0; RSI Above 50: RSI=68.37 >= 50; SMA Not Increasing: SMA: 65.56 -> 65.54; No SMA Downtrend: SMA changes: ['-0.017', '0.596', '0.516']";;;5m cross, 15m confirmed
BTC/USDT;Short;open;2025-08-13 20:00:00;2025-08-13 20:10:00;60,20254829871105;62,82283259017587;-2,62028429146482;69,33913494677874;60,785158293865734;8,553976652913008;8,077580718178064;122457,4;122457,4;Excellent;100.0%;184,0;50,0;125,0;-5,0;10,0;8,0;-4,0;83,2579185520362;Low;0,93545903874756;111,685935;119,3915825;Optimal;0,993114310396959;414,3737583560554;417,24679024152374;"RSI Cross SMA Down: Prev: RSI=70.48 vs SMA=62.09, Curr: RSI=60.20 vs SMA=62.82; RSI Entry Zone: RSI_SMA=62.09 > 60.0; Position Delay: Delay >= 12 candles";;"RSI-SMA Difference: RSI-SMA=8.55 >= 2.0; RSI Above 50: RSI=69.34 >= 50; SMA Not Increasing: SMA: 59.81 -> 60.79; No SMA Downtrend: SMA changes: ['0.975', '0.727', '0.510']";;;5m cross, 15m confirmed
BTC/USDT;Short;open;2025-08-13 20:15:00;2025-08-13 20:25:00;64,28098257106157;65,30398398263914;-1,0230014115775674;65,31614315113006;61,38078626322107;3,935356887908995;7,178412152120821;122745,1;122745,1;Excellent;100.0%;184,0;50,0;125,0;-5,0;10,0;8,0;-4,0;83,2579185520362;Low;0,6141396337274323;70,06407;114,08491839999999;Optimal;0,972280183147951;402,0399184734809;413,5021215508029;"RSI Cross SMA Down: Prev: RSI=66.11 vs SMA=64.81, Curr: RSI=64.28 vs SMA=65.30; RSI Entry Zone: RSI_SMA=64.81 > 60.0; Position Delay: Delay >= 12 candles";;"RSI-SMA Difference: RSI-SMA=3.94 >= 2.0; RSI Above 50: RSI=65.32 >= 50; SMA Not Increasing: SMA: 60.79 -> 61.38; No SMA Downtrend: SMA changes: ['0.596', '0.975', '0.727']";;;5m cross, 15m confirmed
BTC/USDT;Short;skip;2025-08-13 21:00:00;2025-08-13 21:10:00;58,612305001675566;63,652501799846156;-5,040196798170591;64,17135467142293;63,02222392165851;1,1491307497644243;4,172987045874838;122756,2;122756,2;Excellent;100.0%;163,0;50,0;90,0;3,0;10,0;10,0;0,0;81,09452736318407;Normal;1,4085336118912446;160,724383;114,10759504999999;Optimal;0,9268790100134858;373,12048137253544;402,55575683724527;"RSI Cross SMA Down: Prev: RSI=64.65 vs SMA=64.46, Curr: RSI=58.61 vs SMA=63.65; RSI Entry Zone: RSI_SMA=64.46 > 60.0; Position Delay: Delay >= 12 candles";;"RSI Above 50: RSI=64.17 >= 50; SMA Not Increasing: SMA: 62.54 -> 63.02; No SMA Downtrend: SMA changes: ['0.478', '0.547', '0.616']";RSI-SMA Difference: RSI-SMA=1.15 >= 2.0;RSI-SMA різниця 1.15 < 2.0;5m cross, 15m rejected
BTC/USDT;Short;skip;2025-08-13 22:55:00;2025-08-13 23:05:00;51,6462454779638;60,61373483255438;-8,967489354590576;59,75848832517703;65,27315734788291;-5,514669022705888;0,18821841745276421;122944,6;122944,6;Excellent;100.0%;177,0;50,0;90,0;3,0;10,0;24,0;0,0;88,05970149253731;Normal;1,4437409320336871;176,593433;122,316566;Optimal;1,0519205112415293;405,14716864219514;385,1499845402008;"RSI Cross SMA Down: Prev: RSI=64.07 vs SMA=60.10, Curr: RSI=51.65 vs SMA=60.61; RSI Entry Zone: RSI_SMA=60.10 > 60.0; Position Delay: Delay >= 12 candles";;"RSI Above 50: RSI=59.76 >= 50; SMA Not Increasing: SMA: 65.65 -> 65.27; No SMA Downtrend: SMA changes: ['-0.373', '0.807', '0.653']";RSI-SMA Difference: RSI-SMA=-5.51 >= 2.0;RSI-SMA різниця -5.51 < 2.0;5m cross, 15m rejected
BTC/USDT;Short;skip;2025-08-13 23:50:00;2025-08-14 00:00:00;57,77130014544375;60,049020945168216;-2,277720799724463;62,86058727310226;64,13264294135934;-1,2720556682570745;-0,0597599724394442;123375,8;123375,8;Excellent;100.0%;147,0;50,0;90,0;-5,0;10,0;6,0;-4,0;73,13432835820896;Low;1,0038779587370819;111,177677;110,74820005000001;Optimal;1,0102912563437876;383,0759028422982;379,1737288003836;"RSI Cross SMA Down: Prev: RSI=63.34 vs SMA=61.23, Curr: RSI=57.77 vs SMA=60.05; RSI Entry Zone: RSI_SMA=61.23 > 60.0; Position Delay: Delay >= 12 candles";;"RSI Above 50: RSI=62.86 >= 50; SMA Not Increasing: SMA: 64.31 -> 64.13; No SMA Downtrend: SMA changes: ['-0.175', '-0.257', '-0.331']";RSI-SMA Difference: RSI-SMA=-1.27 >= 2.0;RSI-SMA різниця -1.27 < 2.0;5m cross, 15m rejected
BTC/USDT;Short;skip;2025-08-14 00:40:00;2025-08-14 00:50:00;55,359998815387904;63,77495690687969;-8,414958091491783;62,51350897883198;64,36565401832381;-1,8521450394918304;3,422550304984123;123741,1;123741,1;Excellent;100.0%;174,0;50,0;90,0;8,0;10,0;16,0;0,0;86,56716417910447;High;1,9492515136192445;230,299155;118,14748039999999;Optimal;1,1458249253529975;444,6881408689986;388,0943161818567;"RSI Cross SMA Down: Prev: RSI=64.61 vs SMA=64.32, Curr: RSI=55.36 vs SMA=63.77; RSI Entry Zone: RSI_SMA=64.32 > 60.0; Position Delay: Delay >= 12 candles";;"RSI Above 50: RSI=62.51 >= 50; SMA Not Increasing: SMA: 64.48 -> 64.37; No SMA Downtrend: SMA changes: ['-0.118', '0.257', '0.095']";RSI-SMA Difference: RSI-SMA=-1.85 >= 2.0;RSI-SMA різниця -1.85 < 2.0;5m cross, 15m rejected
BTC/USDT;Long;open;2025-08-14 06:30:00;2025-08-14 06:40:00;30,784038513011453;24,157335580722023;6,6267029322894295;30,274874227238612;42,1893302190244;-11,914455991785786;-16,661587972675044;121791,5;121791,5;Excellent;100.0%;206,0;50,0;125,0;3,0;10,0;18,0;0,0;93,21266968325791;Normal;1,5560495155482794;125,718333;80,79327280000001;Optimal;1,0515936732064617;339,113644032233;322,47592646523475;"RSI Cross SMA Up: Prev: RSI=22.19 vs SMA=24.44, Curr: RSI=30.78 vs SMA=24.16; RSI Entry Zone: RSI_SMA=24.44 < 40.0; Position Delay: Delay >= 12 candles";;"SMA-RSI Difference: SMA-RSI=11.91 >= 2.0; RSI Below 50: RSI=30.27 <= 50; SMA Not Falling: SMA: 44.38 -> 42.19; No SMA Uptrend: SMA changes: ['-2.189', '-2.398', '-2.204']";;;5m cross, 15m confirmed
BTC/USDT;Long;skip;2025-08-14 11:45:00;2025-08-14 11:55:00;31,874256812708296;28,685524369786922;3,188732442921374;33,10305104089119;34,2312258841692;-1,1281748432780105;-5,196362603325305;120839,9;120839,9;Excellent;100.0%;151,0;50,0;90,0;-5,0;10,0;10,0;-4,0;75,12437810945273;Low;0,5643516940654217;48,2582;85,5108623;Optimal;0,9661101505703844;292,44467772266626;302,70324512169657;"RSI Cross SMA Up: Prev: RSI=26.72 vs SMA=29.28, Curr: RSI=31.87 vs SMA=28.69; RSI Entry Zone: RSI_SMA=29.28 < 40.0; Position Delay: Delay >= 12 candles";;"RSI Below 50: RSI=33.10 <= 50; SMA Not Falling: SMA: 34.82 -> 34.23; No SMA Uptrend: SMA changes: ['-0.593', '-0.676', '-0.411']";SMA-RSI Difference: SMA-RSI=1.13 >= 2.0;SMA-RSI diff 1.13 < 2.0;5m cross, 15m rejected
BTC/USDT;Long;skip;2025-08-14 12:20:00;2025-08-14 12:30:00;45,956773548391276;33,99089055157382;11,965882996817456;39,41417235076985;34,28952911291184;5,12464323785801;1,2678780265097676;120965,2;120965,2;Excellent;100.0%;182,0;50,0;90,0;8,0;10,0;24,0;0,0;90,54726368159204;High;2,465107031826245;227,851226;92,43056105;Optimal;1,0424884903733707;312,64107415883035;299,8988257864189;"RSI Cross SMA Up: Prev: RSI=29.47 vs SMA=32.57, Curr: RSI=45.96 vs SMA=33.99; RSI Entry Zone: RSI_SMA=32.57 < 40.0; Position Delay: Delay >= 12 candles";;"RSI Below 50: RSI=39.41 <= 50; SMA Not Falling: SMA: 34.04 -> 34.29; No SMA Uptrend: SMA changes: ['0.247', '-0.189', '-0.593']";SMA-RSI Difference: SMA-RSI=-5.12 >= 2.0;SMA-RSI diff -5.12 < 2.0;5m cross, 15m rejected
BTC/USDT;Long;open;2025-08-14 13:05:00;2025-08-14 13:15:00;36,373468389602216;34,563515626107794;1,8099527634944224;25,784676905021414;30,403030676968662;-4,618353771947248;-9,688465342354407;118940,1;118940,1;Excellent;100.0%;197,0;50,0;125,0;8,0;6,0;8,0;0,0;89,14027149321268;High;2,0040234167775672;385,648526;192,4371356;High;1,7527633165463667;631,480772568131;360,27726425288074;"RSI Cross SMA Up: Prev: RSI=24.62 vs SMA=34.82, Curr: RSI=36.37 vs SMA=34.56; RSI Entry Zone: RSI_SMA=34.82 < 40.0; Position Delay: Delay >= 12 candles";;"SMA-RSI Difference: SMA-RSI=4.62 >= 2.0; RSI Below 50: RSI=25.78 <= 50; SMA Not Falling: SMA: 31.20 -> 30.40; No SMA Uptrend: SMA changes: ['-0.797', '-1.620', '-1.470']";;;5m cross, 15m confirmed
BTC/USDT;Long;open;2025-08-14 13:30:00;2025-08-14 13:40:00;35,575508234629226;32,94974458854725;2,625763646081978;20,994912244474776;28,05707112335361;-7,062158878878833;-6,806674851324161;118405,5;118405,5;Excellent;100.0%;192,0;50,0;125,0;3,0;6,0;8,0;0,0;86,87782805429865;Normal;1,6381771729635142;362,218656;221,11079435000002;High;1,6542562035534338;689,7757681837468;416,97033790900724;"RSI Cross SMA Up: Prev: RSI=33.01 vs SMA=33.69, Curr: RSI=35.58 vs SMA=32.95; RSI Entry Zone: RSI_SMA=33.69 < 40.0; Position Delay: Delay >= 12 candles";;"SMA-RSI Difference: SMA-RSI=7.06 >= 2.0; RSI Below 50: RSI=20.99 <= 50; SMA Not Falling: SMA: 29.12 -> 28.06; No SMA Uptrend: SMA changes: ['-1.067', '-1.279', '-0.797']";;;5m cross, 15m confirmed
BTC/USDT;Long;skip;2025-08-14 14:15:00;2025-08-14 14:25:00;44,418637796440464;37,120164062892506;7,298473733547958;34,80922392610847;26,885351517197275;7,923872408911198;-0,06475679236871083;118581,0;118581,0;Excellent;100.0%;161,0;50,0;90,0;-5,0;6,0;24,0;-4,0;80,09950248756219;Low;0,6635313052770202;153,274106;230,99755019999998;High;1,3767374798172776;686,9030840742317;498,9354137183789;"RSI Cross SMA Up: Prev: RSI=35.38 vs SMA=36.55, Curr: RSI=44.42 vs SMA=37.12; RSI Entry Zone: RSI_SMA=36.55 < 40.0; Position Delay: Delay >= 12 candles";;"RSI Below 50: RSI=34.81 <= 50; SMA Not Falling: SMA: 26.43 -> 26.89; No SMA Uptrend: SMA changes: ['0.453', '-0.693', '-0.932']";SMA-RSI Difference: SMA-RSI=-7.92 >= 2.0;SMA-RSI diff -7.92 < 2.0;5m cross, 15m rejected
BTC/USDT;Long;skip;2025-08-14 16:35:00;2025-08-14 16:45:00;39,88728709229152;37,86847472411172;2,018812368179802;29,897471846511777;29,238276939831387;0,6591949066803906;0,23460090880305629;117796,3;117796,3;Excellent;100.0%;147,0;50,0;90,0;-5,0;10,0;6,0;-4,0;73,13432835820896;Low;0,4044930594407272;98,917659;244,54723435;Optimal;0,9179610769695012;599,7959469194074;653,4001952452448;"RSI Cross SMA Up: Prev: RSI=36.69 vs SMA=37.75, Curr: RSI=39.89 vs SMA=37.87; RSI Entry Zone: RSI_SMA=37.75 < 40.0; Position Delay: Delay >= 12 candles";;"RSI Below 50: RSI=29.90 <= 50; SMA Not Falling: SMA: 28.94 -> 29.24; No SMA Uptrend: SMA changes: ['0.294', '0.758', '0.500']";SMA-RSI Difference: SMA-RSI=-0.66 >= 2.0;SMA-RSI diff -0.66 < 2.0;5m cross, 15m rejected
BTC/USDT;Long;skip;2025-08-14 16:50:00;2025-08-14 17:00:00;46,138872861437825;38,4595897800149;7,679283081422923;32,75771789280138;30,12206172200257;2,6356561707988106;0,961622260499213;117950,2;117950,2;Excellent;100.0%;157,0;50,0;90,0;-5,0;10,0;16,0;-4,0;78,1094527363184;Low;0,5689113190821508;141,786145;249,2236316;Optimal;0,9119155709337508;590,596236425164;647,6435486460948;"RSI Cross SMA Up: Prev: RSI=36.39 vs SMA=37.90, Curr: RSI=46.14 vs SMA=38.46; RSI Entry Zone: RSI_SMA=37.90 < 40.0; Position Delay: Delay >= 12 candles";;"RSI Below 50: RSI=32.76 <= 50; SMA Not Falling: SMA: 29.24 -> 30.12; No SMA Uptrend: SMA changes: ['0.884', '0.294', '0.758']";SMA-RSI Difference: SMA-RSI=-2.64 >= 2.0;SMA-RSI diff -2.64 < 2.0;5m cross, 15m rejected
BTC/USDT;Long;skip;2025-08-14 17:20:00;2025-08-14 17:30:00;49,818979728366294;40,02706900752039;9,791910720845905;38,72294119053187;31,93577158930452;6,787169601227351;3,3315725246401136;117976,1;117976,1;Excellent;100.0%;165,0;50,0;90,0;-5,0;10,0;24,0;-4,0;82,08955223880598;Low;0,7207511285276261;186,624779;258,93095635;Optimal;0,9180432821910892;579,854918142106;631,6204577611736;"RSI Cross SMA Up: Prev: RSI=37.52 vs SMA=38.86, Curr: RSI=49.82 vs SMA=40.03; RSI Entry Zone: RSI_SMA=38.86 < 40.0; Position Delay: Delay >= 12 candles";;"RSI Below 50: RSI=38.72 <= 50; SMA Not Falling: SMA: 30.87 -> 31.94; No SMA Uptrend: SMA changes: ['1.068', '0.746', '0.884']";SMA-RSI Difference: SMA-RSI=-6.79 >= 2.0;SMA-RSI diff -6.79 < 2.0;5m cross, 15m rejected
BTC/USDT;Short;open;2025-08-14 23:50:00;2025-08-15 00:00:00;57,76945563073339;60,53779048590381;-2,7683348551704228;51,01107352943267;47,89984669628929;3,111226833143384;6,392074305034941;118412,1;118412,1;Excellent;100.0%;184,0;50,0;125,0;-5,0;10,0;8,0;-4,0;83,2579185520362;Low;0,5017795327647387;27,708837;55,221138350000004;Optimal;0,8380278684558747;342,04985812760776;408,16048129504173;"RSI Cross SMA Down: Prev: RSI=61.56 vs SMA=60.43, Curr: RSI=57.77 vs SMA=60.54; RSI Entry Zone: RSI_SMA=60.43 > 60.0; Position Delay: Delay >= 12 candles";;"RSI-SMA Difference: RSI-SMA=3.11 >= 2.0; RSI Above 50: RSI=51.01 >= 50; SMA Not Increasing: SMA: 47.52 -> 47.90; No SMA Downtrend: SMA changes: ['0.378', '1.038', '1.029']";;;5m cross, 15m confirmed
BTC/USDT;Short;open;2025-08-15 02:30:00;2025-08-15 02:40:00;58,161383044337846;61,87388248048425;-3,712499436146402;60,80150218158518;54,29238647878814;6,50911570279704;5,955135398498991;118681,9;118681,9;Excellent;100.0%;194,0;50,0;125,0;-5,0;10,0;18,0;-4,0;87,78280542986425;Low;1,0608514481356008;41,923264;39,518505700000006;Optimal;0,9038313756272466;297,3543005676241;328,993115957348;"RSI Cross SMA Down: Prev: RSI=63.84 vs SMA=61.80, Curr: RSI=58.16 vs SMA=61.87; RSI Entry Zone: RSI_SMA=61.80 > 60.0; Position Delay: Delay >= 12 candles";;"RSI-SMA Difference: RSI-SMA=6.51 >= 2.0; RSI Above 50: RSI=60.80 >= 50; SMA Not Increasing: SMA: 53.76 -> 54.29; No SMA Downtrend: SMA changes: ['0.535', '0.581', '0.596']";;;5m cross, 15m confirmed
BTC/USDT;Short;open;2025-08-15 02:45:00;2025-08-15 02:55:00;59,84302499890438;63,060196169554274;-3,217171170649891;56,96299583139642;54,376708455389384;2,5862873760070357;5,061544651470878;118772,7;118772,7;Excellent;100.0%;186,0;50,0;125,0;-5,0;10,0;10,0;-4,0;84,16289592760181;Low;1,0996039178219343;42,909511;39,022697449999995;Optimal;0,9025961740610202;292,3575648127934;323,9073831848843;"RSI Cross SMA Down: Prev: RSI=63.06 vs SMA=63.03, Curr: RSI=59.84 vs SMA=63.06; RSI Entry Zone: RSI_SMA=63.03 > 60.0; Position Delay: Delay >= 12 candles";;"RSI-SMA Difference: RSI-SMA=2.59 >= 2.0; RSI Above 50: RSI=56.96 >= 50; SMA Not Increasing: SMA: 54.29 -> 54.38; No SMA Downtrend: SMA changes: ['0.084', '0.535', '0.581']";;;5m cross, 15m confirmed
BTC/USDT;Short;open;2025-08-15 03:15:00;2025-08-15 03:25:00;59,250779868904814;60,21659885938878;-0,9658189904839674;63,113314805108196;55,67981660864986;7,433498196458338;5,211071588554941;118825,1;118825,1;Excellent;100.0%;184,0;50,0;125,0;-5,0;10,0;8,0;-4,0;83,2579185520362;Low;0,9446646376845207;36,178196;38,297396299999996;Optimal;0,9125310447486813;288,60575741511207;316,2695220901734;"RSI Cross SMA Down: Prev: RSI=61.70 vs SMA=60.80, Curr: RSI=59.25 vs SMA=60.22; RSI Entry Zone: RSI_SMA=60.80 > 60.0; Position Delay: Delay >= 12 candles";;"RSI-SMA Difference: RSI-SMA=7.43 >= 2.0; RSI Above 50: RSI=63.11 >= 50; SMA Not Increasing: SMA: 54.82 -> 55.68; No SMA Downtrend: SMA changes: ['0.864', '0.439', '0.084']";;;5m cross, 15m confirmed
BTC/USDT;Short;open;2025-08-15 03:45:00;2025-08-15 03:55:00;58,93143914548213;61,16334223173975;-2,231903086257617;61,88258073500618;57,093647239855635;4,788933495150545;5,994425533591723;118929,8;118929,8;Excellent;100.0%;196,0;50,0;125,0;3,0;10,0;8,0;0,0;88,68778280542986;Normal;1,2634103787639341;50,010566;39,58378595;Optimal;0,8705323253812649;267,91567858751966;307,7607468168184;"RSI Cross SMA Down: Prev: RSI=61.53 vs SMA=61.52, Curr: RSI=58.93 vs SMA=61.16; RSI Entry Zone: RSI_SMA=61.52 > 60.0; Position Delay: Delay >= 12 candles";;"RSI-SMA Difference: RSI-SMA=4.79 >= 2.0; RSI Above 50: RSI=61.88 >= 50; SMA Not Increasing: SMA: 56.21 -> 57.09; No SMA Downtrend: SMA changes: ['0.887', '0.526', '0.864']";;;5m cross, 15m confirmed
BTC/USDT;Short;skip;2025-08-15 04:40:00;2025-08-15 04:50:00;52,23100607533595;63,60478832058747;-11,373782245251519;59,01226068768233;60,09753877634616;-1,0852780886638342;4,202172323908921;118978,6;118978,6;Excellent;100.0%;151,0;50,0;90,0;-5,0;10,0;10,0;-4,0;75,12437810945273;Low;1,0261193462442295;43,810604;42,69542735;Optimal;0,8637216779670468;251,8487776445992;291,58556983006264;"RSI Cross SMA Down: Prev: RSI=67.16 vs SMA=64.52, Curr: RSI=52.23 vs SMA=63.60; RSI Entry Zone: RSI_SMA=64.52 > 60.0; Position Delay: Delay >= 12 candles";;"RSI Above 50: RSI=59.01 >= 50; SMA Not Increasing: SMA: 59.26 -> 60.10; No SMA Downtrend: SMA changes: ['0.837', '1.281', '0.886']";RSI-SMA Difference: RSI-SMA=-1.09 >= 2.0;RSI-SMA різниця -1.09 < 2.0;5m cross, 15m rejected
BTC/USDT;Long;open;2025-08-15 14:00:00;2025-08-15 14:10:00;35,91989338490991;30,128697342635302;5,79119604227461;34,01743899897345;43,89975349715398;-9,882314498180534;-16,70203022844793;118067,9;118067,9;Excellent;100.0%;211,0;50,0;125,0;8,0;10,0;18,0;0,0;95,47511312217195;High;2,2344847243762933;158,078856;70,74510480000001;Optimal;1,2786213368331645;290,9072396096117;227,5163343747403;"RSI Cross SMA Up: Prev: RSI=19.59 vs SMA=30.33, Curr: RSI=35.92 vs SMA=30.13; RSI Entry Zone: RSI_SMA=30.33 < 40.0; Position Delay: Delay >= 12 candles";;"SMA-RSI Difference: SMA-RSI=9.88 >= 2.0; RSI Below 50: RSI=34.02 <= 50; SMA Not Falling: SMA: 45.32 -> 43.90; No SMA Uptrend: SMA changes: ['-1.424', '-2.102', '-1.597']";;;5m cross, 15m confirmed
BTC/USDT;Long;open;2025-08-15 15:10:00;2025-08-15 15:20:00;35,92759816711232;34,28474736829708;1,642850798815239;24,259931846182567;36,31683362325602;-12,056901777073449;-12,369125947882727;117353,7;117353,7;Excellent;100.0%;201,0;50,0;125,0;12,0;6,0;8,0;0,0;90,9502262443439;Very High;3,1771157248552804;306,975006;96,62065614999999;High;1,3123191448283766;341,26381639135127;260,04635971075567;"RSI Cross SMA Up: Prev: RSI=24.64 vs SMA=34.28, Curr: RSI=35.93 vs SMA=34.28; RSI Entry Zone: RSI_SMA=34.28 < 40.0; Position Delay: Delay >= 12 candles";;"SMA-RSI Difference: SMA-RSI=12.06 >= 2.0; RSI Below 50: RSI=24.26 <= 50; SMA Not Falling: SMA: 38.57 -> 36.32; No SMA Uptrend: SMA changes: ['-2.256', '-2.084', '-1.904']";;;5m cross, 15m confirmed
BTC/USDT;Long;open;2025-08-15 15:30:00;2025-08-15 15:40:00;38,93236401844217;33,969530531558995;4,962833486883177;19,144337417785593;31,352799685146163;-12,20846226736057;-12,385045049557467;117263,0;117263,0;Excellent;100.0%;202,0;50,0;125,0;3,0;6,0;18,0;0,0;91,4027149321267;Normal;1,373007886393485;149,199121;108,66588785000002;High;1,3192584851530298;376,99176005172654;285,7603451441866;"RSI Cross SMA Up: Prev: RSI=32.94 vs SMA=33.65, Curr: RSI=38.93 vs SMA=33.97; RSI Entry Zone: RSI_SMA=33.65 < 40.0; Position Delay: Delay >= 12 candles";;"SMA-RSI Difference: SMA-RSI=12.21 >= 2.0; RSI Below 50: RSI=19.14 <= 50; SMA Not Falling: SMA: 34.00 -> 31.35; No SMA Uptrend: SMA changes: ['-2.643', '-2.321', '-2.256']";;;5m cross, 15m confirmed
BTC/USDT;Long;skip;2025-08-15 15:45:00;2025-08-15 15:55:00;35,790668170097646;33,35785147478383;2,432816695313818;32,5887460226045;30,629219128337024;1,9595268942674728;-7,712902159110492;116965,0;116965,0;Excellent;100.0%;149,0;50,0;90,0;3,0;6,0;0,0;0,0;74,12935323383084;Normal;1,5890407877534507;185,494072;116,73336105000001;High;1,308365054642603;391,47806290517485;299,2116470216427;"RSI Cross SMA Up: Prev: RSI=32.23 vs SMA=33.69, Curr: RSI=35.79 vs SMA=33.36; RSI Entry Zone: RSI_SMA=33.69 < 40.0; Position Delay: Delay >= 12 candles";;"RSI Below 50: RSI=32.59 <= 50; SMA Not Falling: SMA: 31.35 -> 30.63; No SMA Uptrend: SMA changes: ['-0.724', '-2.643', '-2.321']";SMA-RSI Difference: SMA-RSI=-1.96 >= 2.0;SMA-RSI diff -1.96 < 2.0;5m cross, 15m rejected
BTC/USDT;Short;skip;2025-08-15 23:00:00;2025-08-15 23:10:00;59,71063826635312;64,11835086293563;-4,407712596582506;48,0987365734531;46,49127734174176;1,6074592317113456;8,03999434165746;117530,6;117530,6;Excellent;100.0%;116,0;50,0;55,0;-5,0;10,0;10,0;-4,0;64,08839779005525;Low;1,0147214310886352;40,672054;40,08198975;Optimal;0,9035544336107804;253,45698912683332;280,51103475190706;"RSI Cross SMA Down: Prev: RSI=76.14 vs SMA=64.00, Curr: RSI=59.71 vs SMA=64.12; RSI Entry Zone: RSI_SMA=64.00 > 60.0; Position Delay: Delay >= 12 candles";;"SMA Not Increasing: SMA: 45.67 -> 46.49; No SMA Downtrend: SMA changes: ['0.821', '1.467', '0.771']";"RSI-SMA Difference: RSI-SMA=1.61 >= 2.0; RSI Above 50: RSI=48.10 >= 50";RSI-SMA різниця 1.61 < 2.0;5m cross, 15m rejected
BTC/USDT;Short;open;2025-08-16 01:15:00;2025-08-16 01:25:00;59,79572666926094;63,23347632195093;-3,4377496526899947;58,020678531079106;52,71488099718528;5,3057975338938235;7,132582147369651;117674,4;117674,4;Excellent;100.0%;194,0;50,0;125,0;-5,0;10,0;18,0;-4,0;87,78280542986425;Low;0,7550777143598849;21,944608;29,062714449999998;Optimal;0,9297093798141882;225,84271087968554;242,91753507404914;"RSI Cross SMA Down: Prev: RSI=67.97 vs SMA=63.08, Curr: RSI=59.80 vs SMA=63.23; RSI Entry Zone: RSI_SMA=63.08 > 60.0; Position Delay: Delay >= 12 candles";;"RSI-SMA Difference: RSI-SMA=5.31 >= 2.0; RSI Above 50: RSI=58.02 >= 50; SMA Not Increasing: SMA: 52.02 -> 52.71; No SMA Downtrend: SMA changes: ['0.694', '0.984', '0.924']";;;5m cross, 15m confirmed
BTC/USDT;Short;open;2025-08-16 01:55:00;2025-08-16 02:05:00;64,10134918886625;65,08652954306294;-0,9851803541966859;60,79605735712979;54,33164005851309;6,464417298616702;6,136380086468961;117820,6;117820,6;Excellent;100.0%;184,0;50,0;125,0;-5,0;10,0;8,0;-4,0;83,2579185520362;Low;0,7128720230874995;20,304794;28,483084400000003;Optimal;0,8963825089912826;213,7745823401372;238,48589212288633;"RSI Cross SMA Down: Prev: RSI=66.20 vs SMA=65.29, Curr: RSI=64.10 vs SMA=65.09; RSI Entry Zone: RSI_SMA=65.29 > 60.0; Position Delay: Delay >= 12 candles";;"RSI-SMA Difference: RSI-SMA=6.46 >= 2.0; RSI Above 50: RSI=60.80 >= 50; SMA Not Increasing: SMA: 53.57 -> 54.33; No SMA Downtrend: SMA changes: ['0.757', '0.860', '0.694']";;;5m cross, 15m confirmed
BTC/USDT;Long;open;2025-08-16 10:45:00;2025-08-16 10:55:00;44,55362210663596;38,16965221697728;6,38396988965868;43,832485715729305;48,441869378437914;-4,609383662708609;-7,311644818289563;117392,6;117392,6;Excellent;100.0%;194,0;50,0;125,0;-5,0;10,0;18,0;-4,0;87,78280542986425;Low;0,8790031835313368;35,704918;40,619782349999994;Optimal;1,0027651638143453;155,97979525645982;155,54967492402673;"RSI Cross SMA Up: Prev: RSI=38.42 vs SMA=38.82, Curr: RSI=44.55 vs SMA=38.17; RSI Entry Zone: RSI_SMA=38.82 < 40.0; Position Delay: Delay >= 12 candles";;"SMA-RSI Difference: SMA-RSI=4.61 >= 2.0; RSI Below 50: RSI=43.83 <= 50; SMA Not Falling: SMA: 48.85 -> 48.44; No SMA Uptrend: SMA changes: ['-0.404', '-0.525', '-0.235']";;;5m cross, 15m confirmed
BTC/USDT;Short;open;2025-08-16 13:20:00;2025-08-16 13:30:00;59,56456907739271;61,76403532417435;-2,1994662467816397;61,25840975860979;49,383356929232185;11,875052829377601;12,665941638688608;117705,0;117705,0;Excellent;100.0%;184,0;50,0;125,0;-5,0;10,0;8,0;-4,0;83,2579185520362;Low;0,3685555744709721;14,150222;38,3937267;Optimal;0,9624634007507604;142,28909338457234;147,8384458812471;"RSI Cross SMA Down: Prev: RSI=65.02 vs SMA=61.08, Curr: RSI=59.56 vs SMA=61.76; RSI Entry Zone: RSI_SMA=61.08 > 60.0; Position Delay: Delay >= 12 candles";;"RSI-SMA Difference: RSI-SMA=11.88 >= 2.0; RSI Above 50: RSI=61.26 >= 50; SMA Not Increasing: SMA: 47.75 -> 49.38; No SMA Downtrend: SMA changes: ['1.629', '0.338', '0.485']";;;5m cross, 15m confirmed
BTC/USDT;Long;open;2025-08-16 22:15:00;2025-08-16 22:25:00;41,90198633920398;35,52474639175093;6,377239947453049;34,889408635015585;44,16839356342867;-9,278984928413088;-11,891982228372463;117460,7;117460,7;Excellent;100.0%;206,0;50,0;125,0;3,0;10,0;18,0;0,0;93,21266968325791;Normal;1,191347207559594;17,374987;14,584318399999997;Optimal;1,069448330339056;101,50102679749018;94,90970617094747;"RSI Cross SMA Up: Prev: RSI=33.51 vs SMA=35.38, Curr: RSI=41.90 vs SMA=35.52; RSI Entry Zone: RSI_SMA=35.38 < 40.0; Position Delay: Delay >= 12 candles";;"SMA-RSI Difference: SMA-RSI=9.28 >= 2.0; RSI Below 50: RSI=34.89 <= 50; SMA Not Falling: SMA: 45.34 -> 44.17; No SMA Uptrend: SMA changes: ['-1.170', '-1.223', '-1.292']";;;5m cross, 15m confirmed
BTC/USDT;Short;open;2025-08-17 03:55:00;2025-08-17 04:05:00;61,42092881649909;62,26537547420981;-0,8444466577107193;63,35709932489791;50,39894766880648;12,958151656091431;13,826465265765952;117683,4;117683,4;Excellent;100.0%;184,0;50,0;125,0;-5,0;10,0;8,0;-4,0;83,2579185520362;Low;0,9597143396772922;19,252669;20,0608329;Optimal;1,0368540245445006;115,06306635503255;110,97325528111905;"RSI Cross SMA Down: Prev: RSI=72.12 vs SMA=61.98, Curr: RSI=61.42 vs SMA=62.27; RSI Entry Zone: RSI_SMA=61.98 > 60.0; Position Delay: Delay >= 12 candles";;"RSI-SMA Difference: RSI-SMA=12.96 >= 2.0; RSI Above 50: RSI=63.36 >= 50; SMA Not Increasing: SMA: 48.60 -> 50.40; No SMA Downtrend: SMA changes: ['1.795', '2.088', '1.404']";;;5m cross, 15m confirmed
BTC/USDT;Short;open;2025-08-17 04:10:00;2025-08-17 04:20:00;62,57887388326221;62,88715099214155;-0,3082771088793379;65,19826432214005;52,48413386398795;12,714130458152098;14,121502455121737;117717,8;117717,8;Excellent;100.0%;184,0;50,0;125,0;-5,0;10,0;8,0;-4,0;83,2579185520362;Low;0,7224502783049397;14,678343;20,3174439;Optimal;1,0007561106321472;111,72999018681551;111,64557378144718;"RSI Cross SMA Down: Prev: RSI=65.08 vs SMA=62.71, Curr: RSI=62.58 vs SMA=62.89; RSI Entry Zone: RSI_SMA=62.71 > 60.0; Position Delay: Delay >= 12 candles";;"RSI-SMA Difference: RSI-SMA=12.71 >= 2.0; RSI Above 50: RSI=65.20 >= 50; SMA Not Increasing: SMA: 50.40 -> 52.48; No SMA Downtrend: SMA changes: ['2.085', '1.795', '2.088']";;;5m cross, 15m confirmed
BTC/USDT;Short;open;2025-08-17 04:35:00;2025-08-17 04:45:00;65,7391475722948;65,7601949465013;-0,021047374206503378;68,57209103548504;57,401824922756475;11,17026611272857;12,271716862715655;117775,9;117775,9;Excellent;100.0%;184,0;50,0;125,0;-5,0;10,0;8,0;-4,0;83,2579185520362;Low;0,8265059102196561;17,111155;20,7030038;Optimal;0,9025141449428898;101,21565480393865;112,14855232030017;"RSI Cross SMA Down: Prev: RSI=67.76 vs SMA=65.32, Curr: RSI=65.74 vs SMA=65.76; RSI Entry Zone: RSI_SMA=65.32 > 60.0; Position Delay: Delay >= 12 candles";;"RSI-SMA Difference: RSI-SMA=11.17 >= 2.0; RSI Above 50: RSI=68.57 >= 50; SMA Not Increasing: SMA: 54.97 -> 57.40; No SMA Downtrend: SMA changes: ['2.428', '2.489', '2.085']";;;5m cross, 15m confirmed
BTC/USDT;Short;open;2025-08-17 05:25:00;2025-08-17 05:35:00;68,4229287634187;71,44053054287906;-3,017601779460364;77,1183550269973;64,75931707181591;12,359037955181392;16,356600397346003;118131,8;118131,8;Excellent;100.0%;206,0;50,0;125,0;3,0;10,0;18,0;0,0;93,21266968325791;Normal;1,225938532544637;35,580734;29,023261;Optimal;1,0954189257638267;126,99041312108389;115,92862797448429;"RSI Cross SMA Down: Prev: RSI=72.63 vs SMA=71.15, Curr: RSI=68.42 vs SMA=71.44; RSI Entry Zone: RSI_SMA=71.15 > 60.0; Position Delay: Delay >= 12 candles";;"RSI-SMA Difference: RSI-SMA=12.36 >= 2.0; RSI Above 50: RSI=77.12 >= 50; SMA Not Increasing: SMA: 62.82 -> 64.76; No SMA Downtrend: SMA changes: ['1.942', '2.545', '2.870']";;;5m cross, 15m confirmed
BTC/USDT;Short;open;2025-08-17 09:30:00;2025-08-17 09:40:00;59,232323899485806;64,60992358973238;-5,377599690246569;65,43541350296034;62,35935694293915;3,0760565600211933;4,36259281732525;118289,5;118289,5;Excellent;100.0%;200,0;50,0;125,0;-5,0;10,0;24,0;-4,0;90,49773755656109;Low;0,7676907802847593;26,249442;34,19272795;Optimal;1,131822017254791;141,207512576994;124,7612349152649;"RSI Cross SMA Down: Prev: RSI=64.56 vs SMA=64.10, Curr: RSI=59.23 vs SMA=64.61; RSI Entry Zone: RSI_SMA=64.10 > 60.0; Position Delay: Delay >= 12 candles";;"RSI-SMA Difference: RSI-SMA=3.08 >= 2.0; RSI Above 50: RSI=65.44 >= 50; SMA Not Increasing: SMA: 62.73 -> 62.36; No SMA Downtrend: SMA changes: ['-0.369', '0.110', '-0.118']";;;5m cross, 15m confirmed
BTC/USDT;Long;open;2025-08-17 17:20:00;2025-08-17 17:30:00;36,66930429207297;36,07210165014095;0,5972026419320215;36,023749405461714;45,93686823054117;-9,913118825079458;-13,560755512657627;117807,5;117807,5;Excellent;100.0%;196,0;50,0;125,0;3,0;10,0;8,0;0,0;88,68778280542986;Normal;1,334798102344161;38,518962;28,8575193;Optimal;1,1537612533112003;160,7140397056754;139,29575052415677;"RSI Cross SMA Up: Prev: RSI=31.14 vs SMA=36.31, Curr: RSI=36.67 vs SMA=36.07; RSI Entry Zone: RSI_SMA=36.31 < 40.0; Position Delay: Delay >= 12 candles";;"SMA-RSI Difference: SMA-RSI=9.91 >= 2.0; RSI Below 50: RSI=36.02 <= 50; SMA Not Falling: SMA: 47.87 -> 45.94; No SMA Uptrend: SMA changes: ['-1.929', '-1.910', '-1.177']";;;5m cross, 15m confirmed
BTC/USDT;Long;skip;2025-08-17 19:05:00;2025-08-17 19:15:00;42,38986943130905;38,10598131761885;4,283888113690203;37,521422971923016;39,26729421510597;-1,745871243182954;-5,305754003593876;117727,6;117727,6;Excellent;100.0%;151,0;50,0;90,0;-5,0;10,0;10,0;-4,0;75,12437810945273;Low;0,9996078349774667;30,837415;30,849513100000003;Optimal;1,1805016957196552;178,5195647970316;151,22347171911755;"RSI Cross SMA Up: Prev: RSI=24.07 vs SMA=38.27, Curr: RSI=42.39 vs SMA=38.11; RSI Entry Zone: RSI_SMA=38.27 < 40.0; Position Delay: Delay >= 12 candles";;"RSI Below 50: RSI=37.52 <= 50; SMA Not Falling: SMA: 40.29 -> 39.27; No SMA Uptrend: SMA changes: ['-1.021', '-1.263', '-0.974']";SMA-RSI Difference: SMA-RSI=1.75 >= 2.0;SMA-RSI diff 1.75 < 2.0;5m cross, 15m rejected
BTC/USDT;Long;skip;2025-08-17 19:45:00;2025-08-17 19:55:00;38,40276261826968;36,27412578863004;2,128636829639646;37,02026331984836;37,17275158173965;-0,1524882618912855;-0,675534545929762;117575,2;117575,2;Excellent;100.0%;141,0;50,0;90,0;-5,0;10,0;0,0;-4,0;70,1492537313433;Low;0,8722090664712502;27,735026;31,7985986;Optimal;1,1060275726822235;177,50735563377455;160,4908955418734;"RSI Cross SMA Up: Prev: RSI=32.96 vs SMA=36.41, Curr: RSI=38.40 vs SMA=36.27; RSI Entry Zone: RSI_SMA=36.41 < 40.0; Position Delay: Delay >= 12 candles";;"RSI Below 50: RSI=37.02 <= 50; SMA Not Falling: SMA: 37.65 -> 37.17; No SMA Uptrend: SMA changes: ['-0.478', '-0.844', '-0.773']";SMA-RSI Difference: SMA-RSI=0.15 >= 2.0;SMA-RSI diff 0.15 < 2.0;5m cross, 15m rejected
BTC/USDT;Long;skip;2025-08-17 20:05:00;2025-08-17 20:15:00;43,70953097045542;38,728066708105146;4,981464262350272;40,99627368665316;37,279008888579895;3,7172647980732663;-0,21710225644380188;117607,0;117607,0;Excellent;100.0%;165,0;50,0;90,0;-5,0;10,0;24,0;-4,0;82,08955223880598;Low;0,7652083699606946;24,762122;32,359972750000004;Optimal;1,080037015656987;175,70683023136124;162,6859336154129;"RSI Cross SMA Up: Prev: RSI=36.16 vs SMA=37.32, Curr: RSI=43.71 vs SMA=38.73; RSI Entry Zone: RSI_SMA=37.32 < 40.0; Position Delay: Delay >= 12 candles";;"RSI Below 50: RSI=41.00 <= 50; SMA Not Falling: SMA: 37.17 -> 37.28; No SMA Uptrend: SMA changes: ['0.106', '-0.478', '-0.844']";SMA-RSI Difference: SMA-RSI=-3.72 >= 2.0;SMA-RSI diff -3.72 < 2.0;5m cross, 15m rejected
BTC/USDT;Short;skip;2025-08-17 23:00:00;2025-08-17 23:10:00;57,6150875232291;61,24288972385883;-3,6278022006297306;48,786514928838514;46,02495825840486;2,761556670433656;8,886521134679233;117889,0;117889,0;Excellent;100.0%;151,0;50,0;90,0;-5,0;10,0;10,0;-4,0;75,12437810945273;Low;0,718253122013592;19,604958;27,2953328;Optimal;0,9702345592451995;156,27346142062706;161,06771288604793;"RSI Cross SMA Down: Prev: RSI=67.02 vs SMA=61.11, Curr: RSI=57.62 vs SMA=61.24; RSI Entry Zone: RSI_SMA=61.11 > 60.0; Position Delay: Delay >= 12 candles";;"RSI-SMA Difference: RSI-SMA=2.76 >= 2.0; SMA Not Increasing: SMA: 44.93 -> 46.02; No SMA Downtrend: SMA changes: ['1.097', '1.109', '1.340']";RSI Above 50: RSI=48.79 >= 50;RSI 48.79 < 50;5m cross, 15m rejected
BTC/USDT;Long;open;2025-08-18 00:05:00;2025-08-18 00:15:00;41,425428822187236;36,88128876346825;4,5441400587189875;40,547483710123714;45,69274327727346;-5,145259567149743;-6,7982935045277815;117533,9;117533,9;Excellent;100.0%;211,0;50,0;125,0;8,0;10,0;18,0;0,0;95,47511312217195;High;1,9516157040898205;51,196689;26,23297655;Optimal;1,0830428306234579;173,57751019456776;160,2683710067562;"RSI Cross SMA Up: Prev: RSI=25.12 vs SMA=38.71, Curr: RSI=41.43 vs SMA=36.88; RSI Entry Zone: RSI_SMA=38.71 < 40.0; Position Delay: Delay >= 12 candles";;"SMA-RSI Difference: SMA-RSI=5.15 >= 2.0; RSI Below 50: RSI=40.55 <= 50; SMA Not Falling: SMA: 46.01 -> 45.69; No SMA Uptrend: SMA changes: ['-0.312', '-0.287', '-0.001']";;;5m cross, 15m confirmed
BTC/USDT;Long;open;2025-08-18 00:20:00;2025-08-18 00:30:00;38,79880878740433;33,43672905822761;5,36207972917672;31,644017428340703;45,073636577889154;-13,42961914954845;-9,50397479099688;117413,8;117413,8;Excellent;100.0%;215,0;50,0;125,0;12,0;10,0;18,0;0,0;97,28506787330316;Very High;4,4626288532603295;147,12683;32,968645800000004;Optimal;1,1752878617075067;190,4076880378127;162,00940573076332;"RSI Cross SMA Up: Prev: RSI=30.11 vs SMA=34.12, Curr: RSI=38.80 vs SMA=33.44; RSI Entry Zone: RSI_SMA=34.12 < 40.0; Position Delay: Delay >= 12 candles";;"SMA-RSI Difference: SMA-RSI=13.43 >= 2.0; RSI Below 50: RSI=31.64 <= 50; SMA Not Falling: SMA: 45.69 -> 45.07; No SMA Uptrend: SMA changes: ['-0.619', '-0.312', '-0.287']";;;5m cross, 15m confirmed
BTC/USDT;Long;open;2025-08-18 00:35:00;2025-08-18 00:45:00;36,38924204878113;32,41082353209711;3,978418516684016;36,74347308525451;44,50388753005921;-7,760414444804702;-8,778431053834298;117238,7;117238,7;Excellent;100.0%;215,0;50,0;125,0;12,0;10,0;18,0;0,0;97,28506787330316;Very High;4,153946814820202;159,614857;38,42486775;Optimal;1,2159908627736733;200,42142460654077;164,82148899489246;"RSI Cross SMA Up: Prev: RSI=28.49 vs SMA=32.16, Curr: RSI=36.39 vs SMA=32.41; RSI Entry Zone: RSI_SMA=32.16 < 40.0; Position Delay: Delay >= 12 candles";;"SMA-RSI Difference: SMA-RSI=7.76 >= 2.0; RSI Below 50: RSI=36.74 <= 50; SMA Not Falling: SMA: 45.07 -> 44.50; No SMA Uptrend: SMA changes: ['-0.570', '-0.619', '-0.312']";;;5m cross, 15m confirmed
BTC/USDT;Long;open;2025-08-18 02:35:00;2025-08-18 02:45:00;32,11993380360714;17,58601958302385;14,533914220583288;20,82166178674059;30,678166335432106;-9,856504548691515;-14,40349369137195;116083,0;116083,0;Excellent;100.0%;194,0;50,0;125,0;-5,0;10,0;18,0;-4,0;87,78280542986425;Low;0,6676296193339172;69,905505;104,70701564999999;Optimal;1,2966196275332267;279,13473727802136;215,27881527527498;"RSI Cross SMA Up: Prev: RSI=14.27 vs SMA=16.97, Curr: RSI=32.12 vs SMA=17.59; RSI Entry Zone: RSI_SMA=16.97 < 40.0; Position Delay: Delay >= 12 candles";;"SMA-RSI Difference: SMA-RSI=9.86 >= 2.0; RSI Below 50: RSI=20.82 <= 50; SMA Not Falling: SMA: 32.68 -> 30.68; No SMA Uptrend: SMA changes: ['-1.997', '-2.841', '-2.717']";;;5m cross, 15m confirmed
BTC/USDT;Long;open;2025-08-18 03:50:00;2025-08-18 04:00:00;34,683839618606726;26,391314245357275;8,29252537324945;21,071908810885446;23,436950890491286;-2,365042079605839;-6,626499465336235;115333,7;115333,7;Excellent;100.0%;186,0;50,0;125,0;-5,0;10,0;10,0;-4,0;84,16289592760181;Low;0,7793450341510009;100,838102;129,38826525;Optimal;1,1756000066683319;308,99104318172573;262,83688450922267;"RSI Cross SMA Up: Prev: RSI=22.79 vs SMA=25.93, Curr: RSI=34.68 vs SMA=26.39; RSI Entry Zone: RSI_SMA=25.93 < 40.0; Position Delay: Delay >= 12 candles";;"SMA-RSI Difference: SMA-RSI=2.37 >= 2.0; RSI Below 50: RSI=21.07 <= 50; SMA Not Falling: SMA: 24.19 -> 23.44; No SMA Uptrend: SMA changes: ['-0.755', '-1.783', '-1.357']";;;5m cross, 15m confirmed
BTC/USDT;Short;open;2025-08-18 13:35:00;2025-08-18 13:45:00;63,80188318762327;65,53891408177448;-1,7370308941512107;51,52404842193285;48,255333902900915;3,2687145190319313;9,10738551558755;115606,8;115606,8;Excellent;100.0%;205,0;50,0;125,0;12,0;10,0;8,0;0,0;92,76018099547511;Very High;4,058173507952683;312,539555;77,014833;Optimal;1,0082898051418876;262,39566436952896;260,23833924672516;"RSI Cross SMA Down: Prev: RSI=72.81 vs SMA=64.90, Curr: RSI=63.80 vs SMA=65.54; RSI Entry Zone: RSI_SMA=64.90 > 60.0; Position Delay: Delay >= 12 candles";;"RSI-SMA Difference: RSI-SMA=3.27 >= 2.0; RSI Above 50: RSI=51.52 >= 50; SMA Not Increasing: SMA: 47.62 -> 48.26; No SMA Downtrend: SMA changes: ['0.638', '1.380', '1.199']";;;5m cross, 15m confirmed
BTC/USDT;Short;open;2025-08-18 16:20:00;2025-08-18 16:30:00;61,38571949635043;63,47417380945111;-2,0884543131006765;60,479900215309016;54,69822619813174;5,781674017177274;7,508026310590405;116057,8;116057,8;Excellent;100.0%;184,0;50,0;125,0;-5,0;10,0;8,0;-4,0;83,2579185520362;Low;0,7583511584722032;70,624367;93,12884435000001;Optimal;1,0570621741929198;321,1005718324436;303,76696818009583;"RSI Cross SMA Down: Prev: RSI=64.47 vs SMA=62.98, Curr: RSI=61.39 vs SMA=63.47; RSI Entry Zone: RSI_SMA=62.98 > 60.0; Position Delay: Delay >= 12 candles";;"RSI-SMA Difference: RSI-SMA=5.78 >= 2.0; RSI Above 50: RSI=60.48 >= 50; SMA Not Increasing: SMA: 54.47 -> 54.70; No SMA Downtrend: SMA changes: ['0.232', '0.670', '1.167']";;;5m cross, 15m confirmed
BTC/USDT;Short;open;2025-08-18 17:45:00;2025-08-18 17:55:00;59,35232328875079;62,616380068711855;-3,2640567799610665;64,16940007354388;59,73563756075797;4,433762512785911;7,442458740617909;116430,1;116430,1;Excellent;100.0%;194,0;50,0;125,0;-5,0;10,0;18,0;-4,0;87,78280542986425;Low;0,5502823695588726;52,08418;94,6499159;Optimal;0,97609531009029;314,7033175119931;322,4104390818993;"RSI Cross SMA Down: Prev: RSI=63.21 vs SMA=62.37, Curr: RSI=59.35 vs SMA=62.62; RSI Entry Zone: RSI_SMA=62.37 > 60.0; Position Delay: Delay >= 12 candles";;"RSI-SMA Difference: RSI-SMA=4.43 >= 2.0; RSI Above 50: RSI=64.17 >= 50; SMA Not Increasing: SMA: 58.86 -> 59.74; No SMA Downtrend: SMA changes: ['0.873', '1.313', '1.921']";;;5m cross, 15m confirmed
BTC/USDT;Short;skip;2025-08-18 22:35:00;2025-08-18 22:45:00;56,838487311553486;61,245609028552835;-4,407121716999349;58,98998590077496;59,06941876951006;-0,07943286873509692;3,4235957274427755;116788,0;116788,0;Excellent;100.0%;151,0;50,0;90,0;-5,0;10,0;10,0;-4,0;75,12437810945273;Low;0,5278164797677771;37,346229;70,75608745000001;Optimal;0,9389439050604017;252,24613112633105;268,6487763186494;"RSI Cross SMA Down: Prev: RSI=65.08 vs SMA=61.50, Curr: RSI=56.84 vs SMA=61.25; RSI Entry Zone: RSI_SMA=61.50 > 60.0; Position Delay: Delay >= 12 candles";;"RSI Above 50: RSI=58.99 >= 50; SMA Not Increasing: SMA: 58.99 -> 59.07; No SMA Downtrend: SMA changes: ['0.074', '-0.013', '-0.015']";RSI-SMA Difference: RSI-SMA=-0.08 >= 2.0;RSI-SMA різниця -0.08 < 2.0;5m cross, 15m rejected
BTC/USDT;Long;open;2025-08-18 23:50:00;2025-08-19 00:00:00;39,141500391239276;37,66902409172901;1,4724762995102694;47,0383029692669;55,195161133611315;-8,156858164344413;-9,111706983898111;116248,3;116248,3;Excellent;100.0%;184,0;50,0;125,0;-5,0;10,0;8,0;-4,0;83,2579185520362;Low;0,3904128656894574;27,380584;70,1323814;Optimal;0,8985517961646501;234,35890544915858;260,81847084329326;"RSI Cross SMA Up: Prev: RSI=28.71 vs SMA=38.69, Curr: RSI=39.14 vs SMA=37.67; RSI Entry Zone: RSI_SMA=38.69 < 40.0; Position Delay: Delay >= 12 candles";;"SMA-RSI Difference: SMA-RSI=8.16 >= 2.0; RSI Below 50: RSI=47.04 <= 50; SMA Not Falling: SMA: 56.29 -> 55.20; No SMA Uptrend: SMA changes: ['-1.094', '-1.071', '-0.695']";;;5m cross, 15m confirmed
BTC/USDT;Long;open;2025-08-19 00:35:00;2025-08-19 00:45:00;36,94001427293975;35,916276558805414;1,0237377141343345;43,03880000241732;52,7519868842385;-9,71318688182118;-10,176983079482028;116059,7;116059,7;Excellent;100.0%;201,0;50,0;125,0;8,0;10,0;8,0;0,0;90,9502262443439;High;2,40371834612014;191,235347;79,5581343;Optimal;1,0713554675834225;271,4098452156709;253,3331405195234;"RSI Cross SMA Up: Prev: RSI=35.51 vs SMA=35.79, Curr: RSI=36.94 vs SMA=35.92; RSI Entry Zone: RSI_SMA=35.79 < 40.0; Position Delay: Delay >= 12 candles";;"SMA-RSI Difference: SMA-RSI=9.71 >= 2.0; RSI Below 50: RSI=43.04 <= 50; SMA Not Falling: SMA: 53.96 -> 52.75; No SMA Uptrend: SMA changes: ['-1.204', '-1.173', '-0.067']";;;5m cross, 15m confirmed
BTC/USDT;Long;open;2025-08-19 02:25:00;2025-08-19 02:35:00;40,97840237213496;37,91315340208396;3,0652489700510017;41,168117577415416;46,187544186534474;-5,0194266091190585;-5,933211193652977;115820,0;115820,0;Excellent;100.0%;194,0;50,0;125,0;-5,0;10,0;18,0;-4,0;87,78280542986425;Low;0,6808608733736452;45,241024;66,44679665;Optimal;1,072364175995958;286,9855684456034;267,61950358800976;"RSI Cross SMA Up: Prev: RSI=36.34 vs SMA=38.52, Curr: RSI=40.98 vs SMA=37.91; RSI Entry Zone: RSI_SMA=38.52 < 40.0; Position Delay: Delay >= 12 candles";;"SMA-RSI Difference: SMA-RSI=5.02 >= 2.0; RSI Below 50: RSI=41.17 <= 50; SMA Not Falling: SMA: 46.87 -> 46.19; No SMA Uptrend: SMA changes: ['-0.683', '-1.225', '-1.720']";;;5m cross, 15m confirmed
BTC/USDT;Long;open;2025-08-19 03:15:00;2025-08-19 03:25:00;40,50438899729243;40,27309351913451;0,23129547815791796;33,46691419567573;43,429751265922576;-9,962837070246849;-7,270545048689203;115667,4;115667,4;Excellent;100.0%;184,0;50,0;125,0;-5,0;10,0;8,0;-4,0;83,2579185520362;Low;1,0603310396715284;59,908145;56,49947304999999;Optimal;1,055733726574439;296,00508695269866;280,3785457467125;"RSI Cross SMA Up: Prev: RSI=37.42 vs SMA=39.93, Curr: RSI=40.50 vs SMA=40.27; RSI Entry Zone: RSI_SMA=39.93 < 40.0; Position Delay: Delay >= 12 candles";;"SMA-RSI Difference: SMA-RSI=9.96 >= 2.0; RSI Below 50: RSI=33.47 <= 50; SMA Not Falling: SMA: 44.40 -> 43.43; No SMA Uptrend: SMA changes: ['-0.969', '-0.629', '-0.577']";;;5m cross, 15m confirmed
BTC/USDT;Long;open;2025-08-19 04:10:00;2025-08-19 04:20:00;29,505930786650325;27,518971373604103;1,9869594130462218;25,565082343523414;39,73932106547699;-14,174238721953579;-14,358980961602612;114758,3;114758,3;Excellent;100.0%;205,0;50,0;125,0;12,0;10,0;8,0;0,0;92,76018099547511;Very High;3,218480938400255;242,620222;75,3834578;Optimal;1,113628846672591;328,6519591964575;295,1180370178412;"RSI Cross SMA Up: Prev: RSI=17.42 vs SMA=28.05, Curr: RSI=29.51 vs SMA=27.52; RSI Entry Zone: RSI_SMA=28.05 < 40.0; Position Delay: Delay >= 12 candles";;"SMA-RSI Difference: SMA-RSI=14.17 >= 2.0; RSI Below 50: RSI=25.57 <= 50; SMA Not Falling: SMA: 40.99 -> 39.74; No SMA Uptrend: SMA changes: ['-1.248', '-1.002', '-1.440']";;;5m cross, 15m confirmed
BTC/USDT;Long;skip;2025-08-19 07:35:00;2025-08-19 07:45:00;43,88009419171535;39,603367818387355;4,276726373327996;37,00059599663167;38,35660994032697;-1,3560139436953023;-1,7370121089977602;114856,8;114856,8;Excellent;100.0%;157,0;50,0;90,0;-5,0;10,0;16,0;-4,0;78,1094527363184;Low;0,8569010384279327;72,938372;85,1187812;Optimal;0,9247795449910355;287,69143763885523;311,0919128749155;"RSI Cross SMA Up: Prev: RSI=30.79 vs SMA=39.98, Curr: RSI=43.88 vs SMA=39.60; RSI Entry Zone: RSI_SMA=39.98 < 40.0; Position Delay: Delay >= 12 candles";;"RSI Below 50: RSI=37.00 <= 50; SMA Not Falling: SMA: 37.54 -> 38.36; No SMA Uptrend: SMA changes: ['0.817', '0.554', '0.631']";SMA-RSI Difference: SMA-RSI=1.36 >= 2.0;SMA-RSI diff 1.36 < 2.0;5m cross, 15m rejected
BTC/USDT;Short;open;2025-08-19 09:45:00;2025-08-19 09:55:00;56,318366637153375;61,35150785591048;-5,033141218757102;52,18714017480377;44,58276124450457;7,604378930299205;10,519942982687382;115309,6;115309,6;Excellent;100.0%;194,0;50,0;125,0;-5,0;10,0;18,0;-4,0;87,78280542986425;Low;0,6924538496184944;42,434534;61,2813894;Optimal;0,9032018215037838;248,74574960824543;275,4043932219897;"RSI Cross SMA Down: Prev: RSI=61.92 vs SMA=60.60, Curr: RSI=56.32 vs SMA=61.35; RSI Entry Zone: RSI_SMA=60.60 > 60.0; Position Delay: Delay >= 12 candles";;"RSI-SMA Difference: RSI-SMA=7.60 >= 2.0; RSI Above 50: RSI=52.19 >= 50; SMA Not Increasing: SMA: 43.81 -> 44.58; No SMA Downtrend: SMA changes: ['0.769', '1.136', '1.343']";;;5m cross, 15m confirmed
BTC/USDT;Short;open;2025-08-19 10:10:00;2025-08-19 10:20:00;57,949968090327815;61,268299719736554;-3,318331629408739;54,39509147945994;45,699555628821585;8,695535850638358;9,083131154699965;115397,6;115397,6;Excellent;100.0%;194,0;50,0;125,0;-5,0;10,0;18,0;-4,0;87,78280542986425;Low;0,7480544698358184;43,803966;58,5571877;Optimal;0,9008354299370831;244,5781960647989;271,5015284000108;"RSI Cross SMA Down: Prev: RSI=63.49 vs SMA=61.52, Curr: RSI=57.95 vs SMA=61.27; RSI Entry Zone: RSI_SMA=61.52 > 60.0; Position Delay: Delay >= 12 candles";;"RSI-SMA Difference: RSI-SMA=8.70 >= 2.0; RSI Above 50: RSI=54.40 >= 50; SMA Not Increasing: SMA: 44.58 -> 45.70; No SMA Downtrend: SMA changes: ['1.117', '0.769', '1.136']";;;5m cross, 15m confirmed
BTC/USDT;Short;open;2025-08-19 10:30:00;2025-08-19 10:40:00;54,19599511553155;60,42517089438304;-6,229175778851484;54,406078082803596;48,22274178698287;6,183336295820723;8,3949589856428;115381,3;115381,3;Excellent;100.0%;194,0;50,0;125,0;-5,0;10,0;18,0;-4,0;87,78280542986425;Low;0,7875436640311767;43,950238;55,80673175;Optimal;0,9006064165558579;238,2577302803621;264,5525569221666;"RSI Cross SMA Down: Prev: RSI=61.70 vs SMA=61.18, Curr: RSI=54.20 vs SMA=60.43; RSI Entry Zone: RSI_SMA=61.18 > 60.0; Position Delay: Delay >= 12 candles";;"RSI-SMA Difference: RSI-SMA=6.18 >= 2.0; RSI Above 50: RSI=54.41 >= 50; SMA Not Increasing: SMA: 46.97 -> 48.22; No SMA Downtrend: SMA changes: ['1.252', '1.271', '1.117']";;;5m cross, 15m confirmed
BTC/USDT;Long;open;2025-08-19 15:15:00;2025-08-19 15:25:00;29,939392205732176;28,813443905997325;1,1259482997348513;33,93243672376427;42,589784627657764;-8,657347903893495;-17,7340408995875;113777,3;113777,3;Excellent;100.0%;192,0;50,0;125,0;3,0;6,0;8,0;0,0;86,87782805429865;Normal;1,4987202484885136;160,145462;106,8548064;High;1,367426446785927;370,9329133929854;271,26352153334915;"RSI Cross SMA Up: Prev: RSI=24.73 vs SMA=29.53, Curr: RSI=29.94 vs SMA=28.81; RSI Entry Zone: RSI_SMA=29.53 < 40.0; Position Delay: Delay >= 12 candles";;"SMA-RSI Difference: SMA-RSI=8.66 >= 2.0; RSI Below 50: RSI=33.93 <= 50; SMA Not Falling: SMA: 44.16 -> 42.59; No SMA Uptrend: SMA changes: ['-1.567', '-2.334', '-2.452']";;;5m cross, 15m confirmed
BTC/USDT;Long;open;2025-08-19 16:15:00;2025-08-19 16:25:00;37,86110592438114;36,71969333639055;1,1414125879905939;28,853769281952523;35,243612091502605;-6,389842809550082;-7,66794503488007;113755,4;113755,4;Excellent;100.0%;184,0;50,0;125,0;-5,0;10,0;8,0;-4,0;83,2579185520362;Low;0,5896605319610454;70,328763;119,26991749999999;Optimal;1,0903176898005065;343,7173427586701;315,2451308219712;"RSI Cross SMA Up: Prev: RSI=35.07 vs SMA=35.91, Curr: RSI=37.86 vs SMA=36.72; RSI Entry Zone: RSI_SMA=35.91 < 40.0; Position Delay: Delay >= 12 candles";;"SMA-RSI Difference: SMA-RSI=6.39 >= 2.0; RSI Below 50: RSI=28.85 <= 50; SMA Not Falling: SMA: 37.36 -> 35.24; No SMA Uptrend: SMA changes: ['-2.114', '-1.818', '-1.741']";;;5m cross, 15m confirmed
BTC/USDT;Long;skip;2025-08-19 17:20:00;2025-08-19 17:30:00;37,93426530607127;34,33724522825484;3,597020077816431;28,88309820101449;28,438818994895673;0,4442792061188179;-3,018300001140131;113395,9;113395,9;Excellent;100.0%;151,0;50,0;90,0;-5,0;10,0;10,0;-4,0;75,12437810945273;Low;0,5557612941500227;78,798144;141,78415235;Optimal;0,9954712435242336;345,8266067922308;347,3998963223814;"RSI Cross SMA Up: Prev: RSI=32.32 vs SMA=34.13, Curr: RSI=37.93 vs SMA=34.34; RSI Entry Zone: RSI_SMA=34.13 < 40.0; Position Delay: Delay >= 12 candles";;"RSI Below 50: RSI=28.88 <= 50; SMA Not Falling: SMA: 29.53 -> 28.44; No SMA Uptrend: SMA changes: ['-1.088', '-1.206', '-2.614']";SMA-RSI Difference: SMA-RSI=-0.44 >= 2.0;SMA-RSI diff -0.44 < 2.0;5m cross, 15m rejected
BTC/USDT;Long;open;2025-08-19 18:50:00;2025-08-19 19:00:00;40,32227644638031;38,96521741786935;1,3570590285109603;26,411254843604652;28,69342589874478;-2,282171055140129;-2,673727563906025;113131,0;113131,0;Excellent;100.0%;176,0;50,0;125,0;-5,0;10,0;0,0;-4,0;79,63800904977376;Low;0,8119445111865744;107,812959;132,78365395;Optimal;0,9222930413271238;311,18756777365735;337,4063923608025;"RSI Cross SMA Up: Prev: RSI=27.50 vs SMA=39.11, Curr: RSI=40.32 vs SMA=38.97; RSI Entry Zone: RSI_SMA=39.11 < 40.0; Position Delay: Delay >= 12 candles";;"SMA-RSI Difference: SMA-RSI=2.28 >= 2.0; RSI Below 50: RSI=26.41 <= 50; SMA Not Falling: SMA: 29.23 -> 28.69; No SMA Uptrend: SMA changes: ['-0.537', '0.198', '0.261']";;;5m cross, 15m confirmed
BTC/USDT;Long;skip;2025-08-19 19:15:00;2025-08-19 19:25:00;43,486944282164075;36,43853089289576;7,048413389268312;40,81072756560672;28,641507139034992;12,169220426571727;1,7937554170627752;113053,3;113053,3;Excellent;100.0%;165,0;50,0;90,0;-5,0;10,0;24,0;-4,0;82,08955223880598;Low;1,0300926610449077;127,362123;123,64142354999998;Optimal;1,0051413377737601;332,7351987436137;331,0332450166393;"RSI Cross SMA Up: Prev: RSI=32.63 vs SMA=36.62, Curr: RSI=43.49 vs SMA=36.44; RSI Entry Zone: RSI_SMA=36.62 < 40.0; Position Delay: Delay >= 12 candles";;"RSI Below 50: RSI=40.81 <= 50; SMA Not Falling: SMA: 27.90 -> 28.64; No SMA Uptrend: SMA changes: ['0.737', '-0.789', '-0.537']";SMA-RSI Difference: SMA-RSI=-12.17 >= 2.0;SMA-RSI diff -12.17 < 2.0;5m cross, 15m rejected
BTC/USDT;Long;open;2025-08-19 23:30:00;2025-08-19 23:40:00;47,03835550452346;39,75895236847753;7,279403136045929;37,193999323424414;42,84858147463864;-5,654582151214228;-5,926241248619472;113107,2;113107,2;Excellent;100.0%;212,0;50,0;125,0;3,0;10,0;24,0;0,0;95,92760180995475;Normal;1,3959293075775856;88,060643;63,083884350000005;Optimal;0,9320085532369143;263,7767301462582;283,0196452920393;"RSI Cross SMA Up: Prev: RSI=35.08 vs SMA=39.79, Curr: RSI=47.04 vs SMA=39.76; RSI Entry Zone: RSI_SMA=39.79 < 40.0; Position Delay: Delay >= 12 candles";;"SMA-RSI Difference: SMA-RSI=5.65 >= 2.0; RSI Below 50: RSI=37.19 <= 50; SMA Not Falling: SMA: 42.66 -> 42.85; No SMA Uptrend: SMA changes: ['0.191', '-0.060', '-0.317']";;;5m cross, 15m confirmed
BTC/USDT;Long;open;2025-08-19 23:55:00;2025-08-20 00:05:00;40,08235945529286;38,26777970636135;1,8145797489315072;35,35497868925428;42,333612176439146;-6,978633487184865;-6,4627800255031405;112871,8;112871,8;Excellent;100.0%;184,0;50,0;125,0;-5,0;10,0;8,0;-4,0;83,2579185520362;Low;0,9564468291748665;57,951909;60,590831849999994;Optimal;0,944001839001176;262,07839227866833;277,6248747099547;"RSI Cross SMA Up: Prev: RSI=38.14 vs SMA=38.37, Curr: RSI=40.08 vs SMA=38.27; RSI Entry Zone: RSI_SMA=38.37 < 40.0; Position Delay: Delay >= 12 candles";;"SMA-RSI Difference: SMA-RSI=6.98 >= 2.0; RSI Below 50: RSI=35.35 <= 50; SMA Not Falling: SMA: 42.85 -> 42.33; No SMA Uptrend: SMA changes: ['-0.515', '0.191', '-0.060']";;;5m cross, 15m confirmed
BTC/USDT;Short;open;2025-08-20 03:35:00;2025-08-20 03:45:00;59,74649243798452;62,51062546917028;-2,7641330311857573;55,47930890584273;49,081377198167594;6,397931707675134;8,41125423564293;113539,9;113539,9;Excellent;100.0%;184,0;50,0;125,0;-5,0;10,0;8,0;-4,0;83,2579185520362;Low;0,6883340916628797;48,898666;71,03914595;Optimal;0,938602775648168;262,35294410836644;279,5143493233271;"RSI Cross SMA Down: Prev: RSI=67.28 vs SMA=62.50, Curr: RSI=59.75 vs SMA=62.51; RSI Entry Zone: RSI_SMA=62.50 > 60.0; Position Delay: Delay >= 12 candles";;"RSI-SMA Difference: RSI-SMA=6.40 >= 2.0; RSI Above 50: RSI=55.48 >= 50; SMA Not Increasing: SMA: 48.01 -> 49.08; No SMA Downtrend: SMA changes: ['1.069', '1.715', '1.184']";;;5m cross, 15m confirmed
BTC/USDT;Short;open;2025-08-20 04:35:00;2025-08-20 04:45:00;51,69465342310748;60,738087850063536;-9,043434426956054;56,31430054210837;52,36433300534139;3,9499675367669767;6,168960214665435;113525,0;113525,0;Excellent;100.0%;194,0;50,0;125,0;-5,0;10,0;18,0;-4,0;87,78280542986425;Low;0,7194011678025729;48,064726;66,8121323;Optimal;0,8699732901949631;234,9140654070957;270,0244571352885;"RSI Cross SMA Down: Prev: RSI=65.39 vs SMA=61.79, Curr: RSI=51.69 vs SMA=60.74; RSI Entry Zone: RSI_SMA=61.79 > 60.0; Position Delay: Delay >= 12 candles";;"RSI-SMA Difference: RSI-SMA=3.95 >= 2.0; RSI Above 50: RSI=56.31 >= 50; SMA Not Increasing: SMA: 51.79 -> 52.36; No SMA Downtrend: SMA changes: ['0.579', '0.809', '0.725']";;;5m cross, 15m confirmed
BTC/USDT;Long;open;2025-08-20 14:10:00;2025-08-20 14:20:00;34,99212705333164;33,76307489783304;1,2290521554986;33,065327134347754;45,410763396071346;-12,345436261723592;-11,713562827608627;112705,1;112705,1;Excellent;100.0%;201,0;50,0;125,0;8,0;10,0;8,0;0,0;90,9502262443439;High;2,416034928141629;228,160814;94,43605775;Optimal;1,2915382083672184;306,78801550971986;237,53692575426456;"RSI Cross SMA Up: Prev: RSI=24.51 vs SMA=34.37, Curr: RSI=34.99 vs SMA=33.76; RSI Entry Zone: RSI_SMA=34.37 < 40.0; Position Delay: Delay >= 12 candles";;"SMA-RSI Difference: SMA-RSI=12.35 >= 2.0; RSI Below 50: RSI=33.07 <= 50; SMA Not Falling: SMA: 46.90 -> 45.41; No SMA Uptrend: SMA changes: ['-1.493', '-1.031', '-0.766']";;;5m cross, 15m confirmed
BTC/USDT;Short;open;2025-08-20 15:35:00;2025-08-20 15:45:00;59,56702727181086;61,00039496029966;-1,4333676884888007;55,60504249702809;47,96080163975422;7,644240857273864;11,152714239681996;114025,4;114025,4;Excellent;100.0%;184,0;50,0;125,0;-5,0;10,0;8,0;-4,0;83,2579185520362;Low;0,8870636687110695;104,333946;117,6172012;Optimal;1,2861194864014265;401,2154809478897;311,95816966469744;"RSI Cross SMA Down: Prev: RSI=63.40 vs SMA=60.32, Curr: RSI=59.57 vs SMA=61.00; RSI Entry Zone: RSI_SMA=60.32 > 60.0; Position Delay: Delay >= 12 candles";;"RSI-SMA Difference: RSI-SMA=7.64 >= 2.0; RSI Above 50: RSI=55.61 >= 50; SMA Not Increasing: SMA: 47.90 -> 47.96; No SMA Downtrend: SMA changes: ['0.064', '0.863', '1.568']";;;5m cross, 15m confirmed
BTC/USDT;Long;open;2025-08-21 05:15:00;2025-08-21 05:25:00;43,18665237533244;39,71675055238811;3,4699018229443297;41,235193591502146;45,87519270048149;-4,639999108979346;-6,271315095007435;113803,7;113803,7;Excellent;100.0%;194,0;50,0;125,0;-5,0;10,0;18,0;-4,0;87,78280542986425;Low;1,1098386461526648;48,23902;43,464894799999996;Optimal;0,8850793502132881;236,47855582146806;267,18345170348965;"RSI Cross SMA Up: Prev: RSI=35.65 vs SMA=39.26, Curr: RSI=43.19 vs SMA=39.72; RSI Entry Zone: RSI_SMA=39.26 < 40.0; Position Delay: Delay >= 12 candles";;"SMA-RSI Difference: SMA-RSI=4.64 >= 2.0; RSI Below 50: RSI=41.24 <= 50; SMA Not Falling: SMA: 47.29 -> 45.88; No SMA Uptrend: SMA changes: ['-1.415', '-1.013', '-0.458']";;;5m cross, 15m confirmed
BTC/USDT;Long;skip;2025-08-21 09:30:00;2025-08-21 09:40:00;38,7802697994127;37,81779797198498;0,96247182742772;44,03525340183621;44,10112367580634;-0,06587027397013401;-4,588104996221705;113483,7;113483,7;Excellent;100.0%;147,0;50,0;90,0;-5,0;10,0;6,0;-4,0;73,13432835820896;Low;0,5734580137690731;28,992074;50,5565766;Optimal;0,9537425252343537;203,17993835263385;213,0343703639601;"RSI Cross SMA Up: Prev: RSI=33.64 vs SMA=38.54, Curr: RSI=38.78 vs SMA=37.82; RSI Entry Zone: RSI_SMA=38.54 < 40.0; Position Delay: Delay >= 12 candles";;"RSI Below 50: RSI=44.04 <= 50; SMA Not Falling: SMA: 43.88 -> 44.10; No SMA Uptrend: SMA changes: ['0.225', '-0.839', '-0.527']";SMA-RSI Difference: SMA-RSI=0.07 >= 2.0;SMA-RSI diff 0.07 < 2.0;5m cross, 15m rejected
BTC/USDT;Long;open;2025-08-21 10:05:00;2025-08-21 10:15:00;42,62630246022087;36,74953908237435;5,8767633778465225;38,455933965569514;43,526575940426724;-5,07064197485721;-3,5939183463782336;113435,6;113435,6;Excellent;100.0%;194,0;50,0;125,0;-5,0;10,0;18,0;-4,0;87,78280542986425;Low;1,1436577553119198;57,244688;50,05403735;Optimal;0,9839194694046837;207,34647745711774;210,7352114727152;"RSI Cross SMA Up: Prev: RSI=32.07 vs SMA=36.30, Curr: RSI=42.63 vs SMA=36.75; RSI Entry Zone: RSI_SMA=36.30 < 40.0; Position Delay: Delay >= 12 candles";;"SMA-RSI Difference: SMA-RSI=5.07 >= 2.0; RSI Below 50: RSI=38.46 <= 50; SMA Not Falling: SMA: 43.97 -> 43.53; No SMA Uptrend: SMA changes: ['-0.448', '-0.126', '0.225']";;;5m cross, 15m confirmed
BTC/USDT;Short;skip;2025-08-21 14:30:00;2025-08-21 14:40:00;50,019438123302955;60,9402482800564;-10,920810156753447;43,071196839416764;43,863330623208626;-0,7921337837918614;10,347293727571765;113490,7;113490,7;Excellent;100.0%;130,0;50,0;55,0;3,0;6,0;16,0;0,0;71,8232044198895;Normal;1,7275872298561443;112,971966;65,39291564999999;High;1,3918359526151225;326,0746378918085;234,2766310060797;"RSI Cross SMA Down: Prev: RSI=62.29 vs SMA=61.17, Curr: RSI=50.02 vs SMA=60.94; RSI Entry Zone: RSI_SMA=61.17 > 60.0; Position Delay: Delay >= 12 candles";;"SMA Not Increasing: SMA: 43.96 -> 43.86; No SMA Downtrend: SMA changes: ['-0.095', '1.390', '1.493']";"RSI-SMA Difference: RSI-SMA=-0.79 >= 2.0; RSI Above 50: RSI=43.07 >= 50";RSI-SMA різниця -0.79 < 2.0;5m cross, 15m rejected
BTC/USDT;Long;open;2025-08-21 17:30:00;2025-08-21 17:40:00;36,28438592263735;33,56045245454766;2,7239334680896903;37,05357142205384;39,34008498381945;-2,2865135617656094;-8,205099264611839;112336,3;112336,3;Excellent;100.0%;176,0;50,0;125,0;-5,0;10,0;0,0;-4,0;79,63800904977376;Low;0,7722264181809853;71,153949;92,14130379999999;Optimal;0,987427702147704;340,03523683515533;344,3646923167761;"RSI Cross SMA Up: Prev: RSI=30.72 vs SMA=33.85, Curr: RSI=36.28 vs SMA=33.56; RSI Entry Zone: RSI_SMA=33.85 < 40.0; Position Delay: Delay >= 12 candles";;"SMA-RSI Difference: SMA-RSI=2.29 >= 2.0; RSI Below 50: RSI=37.05 <= 50; SMA Not Falling: SMA: 41.06 -> 39.34; No SMA Uptrend: SMA changes: ['-1.716', '-1.435', '-1.616']";;;5m cross, 15m confirmed
BTC/USDT;Short;open;2025-08-22 02:40:00;2025-08-22 02:50:00;65,50251151049946;67,10924964026039;-1,6067381297609273;62,53362324387236;54,40969103932371;8,123932204548652;11,754040699471497;113298,0;113298,0;Excellent;100.0%;196,0;50,0;125,0;3,0;10,0;8,0;0,0;88,68778280542986;Normal;1,4590746141514397;47,124736;32,29768754999999;Optimal;1,0671604860457233;274,9381622535587;257,6352534119022;"RSI Cross SMA Down: Prev: RSI=71.62 vs SMA=66.57, Curr: RSI=65.50 vs SMA=67.11; RSI Entry Zone: RSI_SMA=66.57 > 60.0; Position Delay: Delay >= 12 candles";;"RSI-SMA Difference: RSI-SMA=8.12 >= 2.0; RSI Above 50: RSI=62.53 >= 50; SMA Not Increasing: SMA: 52.96 -> 54.41; No SMA Downtrend: SMA changes: ['1.448', '1.496', '1.300']";;;5m cross, 15m confirmed
BTC/USDT;Long;open;2025-08-22 11:00:00;2025-08-22 11:10:00;37,71907201236272;36,8854737377972;0,8335982745655244;33,080790398346295;46,029936173831345;-12,94914577548505;-11,105047977979503;112609,4;112609,4;Excellent;100.0%;196,0;50,0;125,0;3,0;10,0;8,0;0,0;88,68778280542986;Normal;1,2170970112141846;56,600602;46,5045937;Optimal;0,9624250564975303;220,210298238185;228,80773599097384;"RSI Cross SMA Up: Prev: RSI=30.98 vs SMA=38.24, Curr: RSI=37.72 vs SMA=36.89; RSI Entry Zone: RSI_SMA=38.24 < 40.0; Position Delay: Delay >= 12 candles";;"SMA-RSI Difference: SMA-RSI=12.95 >= 2.0; RSI Below 50: RSI=33.08 <= 50; SMA Not Falling: SMA: 47.64 -> 46.03; No SMA Uptrend: SMA changes: ['-1.608', '-1.189', '-1.059']";;;5m cross, 15m confirmed
BTC/USDT;Long;open;2025-08-22 11:40:00;2025-08-22 11:50:00;29,591787257769127;29,515034782064173;0,07675247570495358;31,617199851354428;42,9097675661933;-11,292567714838874;-12,148340040860054;112244,2;112244,2;Excellent;100.0%;196,0;50,0;125,0;3,0;10,0;8,0;0,0;88,68778280542986;Normal;1,1887874777869178;53,020037;44,600097149999996;Optimal;0,9388049440786805;210,83030817476177;224,57306973565773;"RSI Cross SMA Up: Prev: RSI=23.37 vs SMA=29.84, Curr: RSI=29.59 vs SMA=29.52; RSI Entry Zone: RSI_SMA=29.84 < 40.0; Position Delay: Delay >= 12 candles";;"SMA-RSI Difference: SMA-RSI=11.29 >= 2.0; RSI Below 50: RSI=31.62 <= 50; SMA Not Falling: SMA: 44.66 -> 42.91; No SMA Uptrend: SMA changes: ['-1.753', '-1.368', '-1.608']";;;5m cross, 15m confirmed
BTC/USDT;Long;skip;2025-08-22 12:35:00;2025-08-22 12:45:00;31,66457310108086;30,772716273044654;0,8918568280362074;38,592316312554566;38,180871066528574;0,4114452460259912;-6,360211607897017;111864,7;111864,7;Excellent;100.0%;162,0;50,0;90,0;12,0;10,0;0,0;0,0;80,59701492537313;Very High;4,284260542684568;266,229784;62,14136169999999;Optimal;1,1103912236519287;244,48995032745182;220,1836119735862;"RSI Cross SMA Up: Prev: RSI=20.97 vs SMA=30.43, Curr: RSI=31.66 vs SMA=30.77; RSI Entry Zone: RSI_SMA=30.43 < 40.0; Position Delay: Delay >= 12 candles";;"RSI Below 50: RSI=38.59 <= 50; SMA Not Falling: SMA: 38.63 -> 38.18; No SMA Uptrend: SMA changes: ['-0.444', '-1.303', '-1.479']";SMA-RSI Difference: SMA-RSI=-0.41 >= 2.0;SMA-RSI diff -0.41 < 2.0;5m cross, 15m rejected
BTC/USDT;Short;open;2025-08-22 14:55:00;2025-08-22 15:05:00;75,21093669111534;76,37502901037767;-1,1640923192623376;83,83732220776378;50,59946828146316;33,237853926300616;35,975455215209955;115797,4;115797,4;Excellent;100.0%;192,0;50,0;125,0;3,0;6,0;8,0;0,0;86,87782805429865;Normal;1,2407888684270072;249,846221;201,36078535000001;High;1,6444849413643916;541,070975889024;329,02154484924;"RSI Cross SMA Down: Prev: RSI=81.99 vs SMA=75.13, Curr: RSI=75.21 vs SMA=76.38; RSI Entry Zone: RSI_SMA=75.13 > 60.0; Position Delay: Delay >= 12 candles";;"RSI-SMA Difference: RSI-SMA=33.24 >= 2.0; RSI Above 50: RSI=83.84 >= 50; SMA Not Increasing: SMA: 46.93 -> 50.60; No SMA Downtrend: SMA changes: ['3.670', '3.621', '3.118']";;;5m cross, 15m confirmed
BTC/USDT;Short;open;2025-08-22 15:20:00;2025-08-22 15:30:00;79,47230343498526;80,08199828418242;-0,6096948491971546;87,09653387116782;58,29612928990101;28,80040458126681;31,446450388379407;116802,8;116802,8;Excellent;100.0%;180,0;50,0;125,0;-5,0;6,0;8,0;-4,0;81,44796380090497;Low;0,7770453568559501;170,594948;219,54310195;High;1,4641562920497326;555,8841577818623;379,6617620675298;"RSI Cross SMA Down: Prev: RSI=82.01 vs SMA=80.28, Curr: RSI=79.47 vs SMA=80.08; RSI Entry Zone: RSI_SMA=80.28 > 60.0; Position Delay: Delay >= 12 candles";;"RSI-SMA Difference: RSI-SMA=28.80 >= 2.0; RSI Above 50: RSI=87.10 >= 50; SMA Not Increasing: SMA: 54.54 -> 58.30; No SMA Downtrend: SMA changes: ['3.752', '3.945', '3.670']";;;5m cross, 15m confirmed
BTC/USDT;Short;open;2025-08-22 15:50:00;2025-08-22 16:00:00;69,16933020355953;78,6493499384985;-9,480019734938978;76,3374012176927;65,80112884845745;10,536272369235249;21,566249267916145;116659,0;116659,0;Excellent;100.0%;190,0;50,0;125,0;-5,0;6,0;18,0;-4,0;85,97285067873304;Low;0,9010170943306008;207,474162;230,26662125000001;High;1,3221704953319904;565,198074822115;427,4774522783437;"RSI Cross SMA Down: Prev: RSI=79.84 vs SMA=79.44, Curr: RSI=69.17 vs SMA=78.65; RSI Entry Zone: RSI_SMA=79.44 > 60.0; Position Delay: Delay >= 12 candles";;"RSI-SMA Difference: RSI-SMA=10.54 >= 2.0; RSI Above 50: RSI=76.34 >= 50; SMA Not Increasing: SMA: 62.43 -> 65.80; No SMA Downtrend: SMA changes: ['3.369', '4.136', '3.752']";;;5m cross, 15m confirmed
BTC/USDT;Short;skip;2025-08-22 18:15:00;2025-08-22 18:25:00;61,51216216157441;63,07579883584937;-1,5636366742749601;66,47760510066875;76,20962575951361;-9,73202065884486;-5,61141513242157;117108,4;117108,4;Excellent;100.0%;155,0;50,0;90,0;-5,0;10,0;14,0;-4,0;77,11442786069652;Low;0,9226996597347497;244,526131;265,01161935;Optimal;0,9271737755264373;483,49080595770914;521,4673006505056;"RSI Cross SMA Down: Prev: RSI=71.23 vs SMA=62.99, Curr: RSI=61.51 vs SMA=63.08; RSI Entry Zone: RSI_SMA=62.99 > 60.0; Position Delay: Delay >= 12 candles";;"RSI Above 50: RSI=66.48 >= 50; SMA Not Increasing: SMA: 77.45 -> 76.21; No SMA Downtrend: SMA changes: ['-1.240', '-0.596', '-0.585']";RSI-SMA Difference: RSI-SMA=-9.73 >= 2.0;RSI-SMA різниця -9.73 < 2.0;5m cross, 15m rejected
BTC/USDT;Long;open;2025-08-23 02:40:00;2025-08-23 02:50:00;30,90323233767485;30,322258318290668;0,5809740193841826;34,391158940055846;49,732258240417686;-15,34109930036184;-14,593505201430728;115852,2;115852,2;Excellent;100.0%;205,0;50,0;125,0;12,0;10,0;8,0;0,0;92,76018099547511;Very High;3,5848273291503796;173,062013;48,276247950000005;Optimal;1,1249959326526358;270,9897933799047;240,8806872225182;"RSI Cross SMA Up: Prev: RSI=17.41 vs SMA=30.75, Curr: RSI=30.90 vs SMA=30.32; RSI Entry Zone: RSI_SMA=30.75 < 40.0; Position Delay: Delay >= 12 candles";;"SMA-RSI Difference: SMA-RSI=15.34 >= 2.0; RSI Below 50: RSI=34.39 <= 50; SMA Not Falling: SMA: 51.13 -> 49.73; No SMA Uptrend: SMA changes: ['-1.401', '-1.540', '-0.955']";;;5m cross, 15m confirmed
BTC/USDT;Long;open;2025-08-23 03:50:00;2025-08-23 04:00:00;35,98220325713123;35,17617474213494;0,8060285149962922;33,451084404596415;41,704140652286014;-8,2530562476896;-10,957319574044313;115587,8;115587,8;Excellent;100.0%;184,0;50,0;125,0;-5,0;10,0;8,0;-4,0;83,2579185520362;Low;0,9598597142057046;50,29282;52,39601085;Optimal;1,1052973906742023;280,5846913737685;253,85447730281825;"RSI Cross SMA Up: Prev: RSI=33.47 vs SMA=34.81, Curr: RSI=35.98 vs SMA=35.18; RSI Entry Zone: RSI_SMA=34.81 < 40.0; Position Delay: Delay >= 12 candles";;"SMA-RSI Difference: SMA-RSI=8.25 >= 2.0; RSI Below 50: RSI=33.45 <= 50; SMA Not Falling: SMA: 43.47 -> 41.70; No SMA Uptrend: SMA changes: ['-1.771', '-1.673', '-1.847']";;;5m cross, 15m confirmed
BTC/USDT;Long;open;2025-08-23 12:10:00;2025-08-23 12:20:00;41,82663754673837;35,790915111528356;6,035722435210012;37,541116272665114;40,50172090515375;-2,9606046324886393;-5,711928486277093;115408,4;115408,4;Excellent;100.0%;186,0;50,0;125,0;-5,0;10,0;10,0;-4,0;84,16289592760181;Low;0,9986581976177796;46,886093;46,9490894;Optimal;0,9641196706603071;152,7458798341256;158,43041531297962;"RSI Cross SMA Up: Prev: RSI=33.56 vs SMA=35.95, Curr: RSI=41.83 vs SMA=35.79; RSI Entry Zone: RSI_SMA=35.95 < 40.0; Position Delay: Delay >= 12 candles";;"SMA-RSI Difference: SMA-RSI=2.96 >= 2.0; RSI Below 50: RSI=37.54 <= 50; SMA Not Falling: SMA: 41.12 -> 40.50; No SMA Uptrend: SMA changes: ['-0.619', '-0.547', '-0.557']";;;5m cross, 15m confirmed
BTC/USDT;Long;open;2025-08-23 13:45:00;2025-08-23 13:55:00;40,339567473525804;31,70553806620831;8,634029407317495;23,733285230853497;34,33534362832374;-10,602058397470245;-10,205527934788327;115060,5;115060,5;Excellent;100.0%;206,0;50,0;125,0;3,0;10,0;18,0;0,0;93,21266968325791;Normal;1,1715312413761738;68,301713;58,30123055;Optimal;1,154539714627196;174,73552823603603;151,34648554940233;"RSI Cross SMA Up: Prev: RSI=31.12 vs SMA=32.33, Curr: RSI=40.34 vs SMA=31.71; RSI Entry Zone: RSI_SMA=32.33 < 40.0; Position Delay: Delay >= 12 candles";;"SMA-RSI Difference: SMA-RSI=10.60 >= 2.0; RSI Below 50: RSI=23.73 <= 50; SMA Not Falling: SMA: 35.57 -> 34.34; No SMA Uptrend: SMA changes: ['-1.237', '-1.243', '-1.416']";;;5m cross, 15m confirmed
BTC/USDT;Long;skip;2025-08-23 15:10:00;2025-08-23 15:20:00;36,619729074623294;35,81133936817123;0,8083897064520613;30,251183277211652;30,53411246526977;-0,2829291880581195;-3,4778070026525847;114732,4;114732,4;Excellent;100.0%;141,0;50,0;90,0;-5,0;10,0;0,0;-4,0;70,1492537313433;Low;0,9421968350150697;66,587222;70,6723049;Optimal;1,1407907970145783;190,43826286172254;166,93530782339306;"RSI Cross SMA Up: Prev: RSI=29.50 vs SMA=35.64, Curr: RSI=36.62 vs SMA=35.81; RSI Entry Zone: RSI_SMA=35.64 < 40.0; Position Delay: Delay >= 12 candles";;"RSI Below 50: RSI=30.25 <= 50; SMA Not Falling: SMA: 30.99 -> 30.53; No SMA Uptrend: SMA changes: ['-0.460', '-0.988', '-0.971']";SMA-RSI Difference: SMA-RSI=0.28 >= 2.0;SMA-RSI diff 0.28 < 2.0;5m cross, 15m rejected
BTC/USDT;Short;skip;2025-08-24 00:50:00;2025-08-24 01:00:00;58,12735140878028;61,90234238700132;-3,774990978221041;56,63614325018886;56,00820935110208;0,6279338990867771;4,669140555282486;115426,6;115426,6;Excellent;100.0%;168,0;50,0;90,0;8,0;10,0;10,0;0,0;83,5820895522388;High;2,2187549548476735;60,995947;27,491069650000004;Optimal;0,9542730034757443;119,93055306150607;125,6774032427655;"RSI Cross SMA Down: Prev: RSI=65.21 vs SMA=61.73, Curr: RSI=58.13 vs SMA=61.90; RSI Entry Zone: RSI_SMA=61.73 > 60.0; Position Delay: Delay >= 12 candles";;"RSI Above 50: RSI=56.64 >= 50; SMA Not Increasing: SMA: 55.36 -> 56.01; No SMA Downtrend: SMA changes: ['0.646', '0.969', '0.048']";RSI-SMA Difference: RSI-SMA=0.63 >= 2.0;RSI-SMA різниця 0.63 < 2.0;5m cross, 15m rejected
BTC/USDT;Long;open;2025-08-24 03:45:00;2025-08-24 03:55:00;37,10280626056063;34,77973892013926;2,3230673404213675;41,92120065974309;51,24947024132918;-9,328269581586085;-12,652722670209391;115009,2;115009,2;Excellent;100.0%;196,0;50,0;125,0;3,0;10,0;8,0;0,0;88,68778280542986;Normal;1,2325271476339918;53,463067;43,37678655;Optimal;1,1306381512989265;166,24697811215478;147,03818186319202;"RSI Cross SMA Up: Prev: RSI=34.31 vs SMA=34.81, Curr: RSI=37.10 vs SMA=34.78; RSI Entry Zone: RSI_SMA=34.81 < 40.0; Position Delay: Delay >= 12 candles";;"SMA-RSI Difference: SMA-RSI=9.33 >= 2.0; RSI Below 50: RSI=41.92 <= 50; SMA Not Falling: SMA: 52.57 -> 51.25; No SMA Uptrend: SMA changes: ['-1.324', '-1.379', '-1.624']";;;5m cross, 15m confirmed
BTC/USDT;Long;skip;2025-08-24 06:25:00;2025-08-24 06:35:00;48,82052739656998;37,654860361651835;11,165667034918144;44,338670209767294;43,77130240747332;0,5673678022939725;-1,5349926771338527;115033,6;115033,6;Excellent;100.0%;169,0;50,0;90,0;3,0;10,0;16,0;0,0;84,07960199004975;Normal;1,6955355803933938;88,317225;52,0880989;Optimal;0,9336406659007019;149,0251355347047;159,61722853078294;"RSI Cross SMA Up: Prev: RSI=35.94 vs SMA=37.59, Curr: RSI=48.82 vs SMA=37.65; RSI Entry Zone: RSI_SMA=37.59 < 40.0; Position Delay: Delay >= 12 candles";;"RSI Below 50: RSI=44.34 <= 50; SMA Not Falling: SMA: 43.40 -> 43.77; No SMA Uptrend: SMA changes: ['0.371', '-0.387', '-1.263']";SMA-RSI Difference: SMA-RSI=-0.57 >= 2.0;SMA-RSI diff -0.57 < 2.0;5m cross, 15m rejected
BTC/USDT;Long;skip;2025-08-24 07:00:00;2025-08-24 07:10:00;45,137096983681325;40,09639269964921;5,040704284032117;43,08328909023986;44,13384364561329;-1,0505545553734308;-2,3242301083403567;114950,0;114950,0;Excellent;100.0%;157,0;50,0;90,0;-5,0;10,0;16,0;-4,0;78,1094527363184;Low;0,8117918787473973;42,883201;52,8253634;Optimal;0,9401612147516918;145,7189951784786;154,99362544642386;"RSI Cross SMA Up: Prev: RSI=37.31 vs SMA=39.50, Curr: RSI=45.14 vs SMA=40.10; RSI Entry Zone: RSI_SMA=39.50 < 40.0; Position Delay: Delay >= 12 candles";;"RSI Below 50: RSI=43.08 <= 50; SMA Not Falling: SMA: 43.85 -> 44.13; No SMA Uptrend: SMA changes: ['0.283', '-0.050', '0.129']";SMA-RSI Difference: SMA-RSI=1.05 >= 2.0;SMA-RSI diff 1.05 < 2.0;5m cross, 15m rejected
BTC/USDT;Long;open;2025-08-24 20:15:00;2025-08-24 20:25:00;34,972709413847184;34,04639165392965;0,9263177599175307;33,85586380339983;42,75720035371229;-8,901336550312465;-17,833848242062512;112582,9;112582,9;Excellent;100.0%;180,0;50,0;125,0;-5,0;6,0;8,0;-4,0;81,44796380090497;Low;0,9326698740418521;206,410216;221,3111217;High;1,9122967355095186;596,9089776350977;312,14244450198015;"RSI Cross SMA Up: Prev: RSI=25.86 vs SMA=35.25, Curr: RSI=34.97 vs SMA=34.05; RSI Entry Zone: RSI_SMA=35.25 < 40.0; Position Delay: Delay >= 12 candles";;"SMA-RSI Difference: SMA-RSI=8.90 >= 2.0; RSI Below 50: RSI=33.86 <= 50; SMA Not Falling: SMA: 42.81 -> 42.76; No SMA Uptrend: SMA changes: ['-0.053', '-1.343', '-1.239']";;;5m cross, 15m confirmed
BTC/USDT;Long;open;2025-08-25 04:45:00;2025-08-25 04:55:00;37,32772702774424;37,29700107775052;0,03072594999371603;41,42160736791084;47,147162411765;-5,725555043854165;-6,395855289942844;112795,9;112795,9;Excellent;100.0%;184,0;50,0;125,0;-5,0;10,0;8,0;-4,0;83,2579185520362;Low;0,5960099308247163;39,921499;66,98126479999999;Optimal;0,8588495595176573;333,57450939287264;388,3969033880777;"RSI Cross SMA Up: Prev: RSI=35.49 vs SMA=38.50, Curr: RSI=37.33 vs SMA=37.30; RSI Entry Zone: RSI_SMA=38.50 < 40.0; Position Delay: Delay >= 12 candles";;"SMA-RSI Difference: SMA-RSI=5.73 >= 2.0; RSI Below 50: RSI=41.42 <= 50; SMA Not Falling: SMA: 47.43 -> 47.15; No SMA Uptrend: SMA changes: ['-0.280', '-0.069', '0.013']";;;5m cross, 15m confirmed
BTC/USDT;Long;open;2025-08-25 05:15:00;2025-08-25 05:25:00;36,07178495311653;33,77920840868037;2,2925765444361588;37,71087892098072;46,166823911452276;-8,455944990471558;-7,72813742407961;112633,5;112633,5;Excellent;100.0%;184,0;50,0;125,0;-5,0;10,0;8,0;-4,0;83,2579185520362;Low;1,009738950748547;64,048022;63,430277649999994;Optimal;0,8609885478284085;320,5474086091608;372,3015938105655;"RSI Cross SMA Up: Prev: RSI=30.88 vs SMA=33.92, Curr: RSI=36.07 vs SMA=33.78; RSI Entry Zone: RSI_SMA=33.92 < 40.0; Position Delay: Delay >= 12 candles";;"SMA-RSI Difference: SMA-RSI=8.46 >= 2.0; RSI Below 50: RSI=37.71 <= 50; SMA Not Falling: SMA: 46.87 -> 46.17; No SMA Uptrend: SMA changes: ['-0.699', '-0.281', '-0.280']";;;5m cross, 15m confirmed
BTC/USDT;Long;open;2025-08-25 05:40:00;2025-08-25 05:50:00;35,13843607123465;34,1086846173953;1,0297514538393528;37,120134243835984;45,11687143807625;-7,996737194240268;-8,485198140874978;112516,5;112516,5;Excellent;100.0%;196,0;50,0;125,0;3,0;10,0;8,0;0,0;88,68778280542986;Normal;1,2649489209334983;75,290477;59,52056700000001;Optimal;0,8599325306180867;312,98687942279196;363,9667860894028;"RSI Cross SMA Up: Prev: RSI=30.25 vs SMA=33.70, Curr: RSI=35.14 vs SMA=34.11; RSI Entry Zone: RSI_SMA=33.70 < 40.0; Position Delay: Delay >= 12 candles";;"SMA-RSI Difference: SMA-RSI=8.00 >= 2.0; RSI Below 50: RSI=37.12 <= 50; SMA Not Falling: SMA: 46.17 -> 45.12; No SMA Uptrend: SMA changes: ['-1.050', '-0.699', '-0.281']";;;5m cross, 15m confirmed
BTC/USDT;Long;open;2025-08-25 06:15:00;2025-08-25 06:25:00;33,531792436223256;31,40923450976064;2,1225579264626155;32,68762615053967;41,13686304344173;-8,449236892902057;-9,181186805722886;112361,1;112361,1;Excellent;100.0%;184,0;50,0;125,0;-5,0;10,0;8,0;-4,0;83,2579185520362;Low;1,0291632560095336;59,116137;57,44097125;Optimal;0,8778894915948059;300,00899201598907;341,73890323140995;"RSI Cross SMA Up: Prev: RSI=27.25 vs SMA=31.32, Curr: RSI=33.53 vs SMA=31.41; RSI Entry Zone: RSI_SMA=31.32 < 40.0; Position Delay: Delay >= 12 candles";;"SMA-RSI Difference: SMA-RSI=8.45 >= 2.0; RSI Below 50: RSI=32.69 <= 50; SMA Not Falling: SMA: 42.54 -> 41.14; No SMA Uptrend: SMA changes: ['-1.400', '-1.253', '-1.327']";;;5m cross, 15m confirmed
BTC/USDT;Long;open;2025-08-25 07:00:00;2025-08-25 07:10:00;30,627334948062582;27,621128895089036;3,006206052973546;32,05433281815394;36,42064131421918;-4,366308496065244;-8,273293693247984;111990,6;111990,6;Excellent;100.0%;206,0;50,0;125,0;3,0;10,0;18,0;0,0;93,21266968325791;Normal;1,4339966960027568;94,196648;65,6881904;Optimal;0,9126941060777476;296,3023161294191;324,645808662841;"RSI Cross SMA Up: Prev: RSI=25.92 vs SMA=27.65, Curr: RSI=30.63 vs SMA=27.62; RSI Entry Zone: RSI_SMA=27.65 < 40.0; Position Delay: Delay >= 12 candles";;"SMA-RSI Difference: SMA-RSI=4.37 >= 2.0; RSI Below 50: RSI=32.05 <= 50; SMA Not Falling: SMA: 37.78 -> 36.42; No SMA Uptrend: SMA changes: ['-1.355', '-1.714', '-1.647']";;;5m cross, 15m confirmed
BTC/USDT;Long;open;2025-08-25 07:35:00;2025-08-25 07:45:00;31,57684240242645;29,137421111638115;2,439421290788335;28,969796357631893;34,50648284088626;-5,536686483254364;-5,199790218688861;111772,0;111772,0;Excellent;100.0%;205,0;50,0;125,0;12,0;10,0;8,0;0,0;92,76018099547511;Very High;3,2820131658752913;247,028348;75,26732390000001;Optimal;0,981855097530159;309,37852768301997;315,0959122799859;"RSI Cross SMA Up: Prev: RSI=28.05 vs SMA=29.06, Curr: RSI=31.58 vs SMA=29.14; RSI Entry Zone: RSI_SMA=29.06 < 40.0; Position Delay: Delay >= 12 candles";;"SMA-RSI Difference: SMA-RSI=5.54 >= 2.0; RSI Below 50: RSI=28.97 <= 50; SMA Not Falling: SMA: 35.45 -> 34.51; No SMA Uptrend: SMA changes: ['-0.947', '-0.967', '-1.355']";;;5m cross, 15m confirmed
BTC/USDT;Long;open;2025-08-25 07:55:00;2025-08-25 08:05:00;31,80979083337904;31,328119306451665;0,481671526927375;24,178288601884404;33,377766639383616;-9,199478037499212;-6,810846732500184;111522,1;111522,1;Excellent;100.0%;205,0;50,0;125,0;12,0;10,0;8,0;0,0;92,76018099547511;Very High;2,9036856242689697;250,249897;86,18353685;Optimal;1,052650802424987;329,7872042770904;313,2921226273338;"RSI Cross SMA Up: Prev: RSI=25.52 vs SMA=30.41, Curr: RSI=31.81 vs SMA=31.33; RSI Entry Zone: RSI_SMA=30.41 < 40.0; Position Delay: Delay >= 12 candles";;"SMA-RSI Difference: SMA-RSI=9.20 >= 2.0; RSI Below 50: RSI=24.18 <= 50; SMA Not Falling: SMA: 34.51 -> 33.38; No SMA Uptrend: SMA changes: ['-1.129', '-0.947', '-0.967']";;;5m cross, 15m confirmed
BTC/USDT;Long;open;2025-08-25 08:10:00;2025-08-25 08:20:00;42,578248184506826;32,267191760247385;10,31105642425944;28,009804581436725;32,41552110307949;-4,405716521642766;-6,380627014132114;111624,5;111624,5;Excellent;100.0%;215,0;50,0;125,0;12,0;10,0;18,0;0,0;97,28506787330316;Very High;2,8929829956229867;284,527918;98,35105095;Optimal;1,120857528123355;351,82383254301266;313,8880934600753;"RSI Cross SMA Up: Prev: RSI=25.66 vs SMA=31.41, Curr: RSI=42.58 vs SMA=32.27; RSI Entry Zone: RSI_SMA=31.41 < 40.0; Position Delay: Delay >= 12 candles";;"SMA-RSI Difference: SMA-RSI=4.41 >= 2.0; RSI Below 50: RSI=28.01 <= 50; SMA Not Falling: SMA: 33.38 -> 32.42; No SMA Uptrend: SMA changes: ['-0.962', '-1.129', '-0.947']";;;5m cross, 15m confirmed
BTC/USDT;Long;skip;2025-08-25 11:35:00;2025-08-25 11:45:00;47,325238910566014;39,05873840208899;8,266500508477023;31,79964066636758;31,14247465174899;0,6571660146185891;0,7164324472557008;111227,4;111227,4;Excellent;100.0%;157,0;50,0;90,0;-5,0;10,0;16,0;-4,0;78,1094527363184;Low;1,0282755348909027;120,008022;116,70803975000001;Optimal;0,9651252609380906;313,7440783167325;325,0812003529748;"RSI Cross SMA Up: Prev: RSI=38.05 vs SMA=38.41, Curr: RSI=47.33 vs SMA=39.06; RSI Entry Zone: RSI_SMA=38.41 < 40.0; Position Delay: Delay >= 12 candles";;"RSI Below 50: RSI=31.80 <= 50; SMA Not Falling: SMA: 30.87 -> 31.14; No SMA Uptrend: SMA changes: ['0.271', '0.486', '0.200']";SMA-RSI Difference: SMA-RSI=-0.66 >= 2.0;SMA-RSI diff -0.66 < 2.0;5m cross, 15m rejected
BTC/USDT;Short;open;2025-08-25 15:35:00;2025-08-25 15:45:00;60,92085827370322;61,03082940525725;-0,10997113155403326;60,78416739278237;52,27210210270132;8,512065290081054;8,64688777960761;112374,7;112374,7;Excellent;100.0%;184,0;50,0;125,0;-5,0;10,0;8,0;-4,0;83,2579185520362;Low;0,568174442626704;68,806524;121,10105424999999;Optimal;1,1176742897491425;423,2482968099165;378,6866179993394;"RSI Cross SMA Down: Prev: RSI=64.53 vs SMA=60.82, Curr: RSI=60.92 vs SMA=61.03; RSI Entry Zone: RSI_SMA=60.82 > 60.0; Position Delay: Delay >= 12 candles";;"RSI-SMA Difference: RSI-SMA=8.51 >= 2.0; RSI Above 50: RSI=60.78 >= 50; SMA Not Increasing: SMA: 50.51 -> 52.27; No SMA Downtrend: SMA changes: ['1.762', '1.811', '1.668']";;;5m cross, 15m confirmed
BTC/USDT;Short;open;2025-08-25 16:50:00;2025-08-25 17:00:00;55,909149176604025;59,790748680202796;-3,881599503598771;58,72244367957492;56,364682858035785;2,357760821539138;5,747345720259588;112564,8;112564,8;Excellent;100.0%;186,0;50,0;125,0;-5,0;10,0;10,0;-4,0;84,16289592760181;Low;0,5544184973382572;65,201069;117,60262205000001;Optimal;0,9715641215443651;400,86967719447966;412,6023885662543;"RSI Cross SMA Down: Prev: RSI=60.77 vs SMA=60.24, Curr: RSI=55.91 vs SMA=59.79; RSI Entry Zone: RSI_SMA=60.24 > 60.0; Position Delay: Delay >= 12 candles";;"RSI-SMA Difference: RSI-SMA=2.36 >= 2.0; RSI Above 50: RSI=58.72 >= 50; SMA Not Increasing: SMA: 55.78 -> 56.36; No SMA Downtrend: SMA changes: ['0.584', '1.234', '0.992']";;;5m cross, 15m confirmed
BTC/USDT;Long;open;2025-08-25 20:15:00;2025-08-25 20:25:00;31,370794561505548;30,51907633798185;0,8517182235236973;32,54459575563597;47,34472365957658;-14,800127903940613;-21,169661190096168;110432,3;110432,3;Excellent;100.0%;201,0;50,0;125,0;8,0;10,0;8,0;0,0;90,9502262443439;High;1,9133027071296063;230,399967;120,42002875;Optimal;1,2052766621615458;483,7180673148693;401,33363774535235;"RSI Cross SMA Up: Prev: RSI=22.44 vs SMA=31.53, Curr: RSI=31.37 vs SMA=30.52; RSI Entry Zone: RSI_SMA=31.53 < 40.0; Position Delay: Delay >= 12 candles";;"SMA-RSI Difference: SMA-RSI=14.80 >= 2.0; RSI Below 50: RSI=32.54 <= 50; SMA Not Falling: SMA: 49.21 -> 47.34; No SMA Uptrend: SMA changes: ['-1.870', '-2.801', '-2.391']";;;5m cross, 15m confirmed
BTC/USDT;Long;open;2025-08-25 20:40:00;2025-08-25 20:50:00;34,49563078467462;28,470204391363517;6,0254263933111005;28,122775647479628;45,16263738487677;-17,03986173739714;-19,074871869743845;109944,0;109944,0;Excellent;100.0%;215,0;50,0;125,0;12,0;10,0;18,0;0,0;97,28506787330316;Very High;4,645911228691848;707,925194;152,37596225;Optimal;1,29727580044046;532,5239196495215;410,49399015129654;"RSI Cross SMA Up: Prev: RSI=26.30 vs SMA=28.25, Curr: RSI=34.50 vs SMA=28.47; RSI Entry Zone: RSI_SMA=28.25 < 40.0; Position Delay: Delay >= 12 candles";;"SMA-RSI Difference: SMA-RSI=17.04 >= 2.0; RSI Below 50: RSI=28.12 <= 50; SMA Not Falling: SMA: 47.34 -> 45.16; No SMA Uptrend: SMA changes: ['-2.182', '-1.870', '-2.801']";;;5m cross, 15m confirmed
BTC/USDT;Long;skip;2025-08-26 01:00:00;2025-08-26 01:10:00;39,56865579823705;38,971619962035895;0,5970358362011581;36,85023437865299;37,82926244615961;-0,9790280675066185;-4,7130239087943595;109281,7;109281,7;Excellent;100.0%;159,0;50,0;90,0;3,0;10,0;6,0;0,0;79,1044776119403;Normal;1,6456307279083675;311,290474;189,16180205;Optimal;1,0710498834660935;524,1688748632802;489,3972567990797;"RSI Cross SMA Up: Prev: RSI=34.36 vs SMA=39.78, Curr: RSI=39.57 vs SMA=38.97; RSI Entry Zone: RSI_SMA=39.78 < 40.0; Position Delay: Delay >= 12 candles";;"RSI Below 50: RSI=36.85 <= 50; SMA Not Falling: SMA: 37.73 -> 37.83; No SMA Uptrend: SMA changes: ['0.097', '0.339', '0.451']";SMA-RSI Difference: SMA-RSI=0.98 >= 2.0;SMA-RSI diff 0.98 < 2.0;5m cross, 15m rejected
BTC/USDT;Short;open;2025-08-26 05:50:00;2025-08-26 06:00:00;58,313666594149346;61,052966380449924;-2,7392997863005775;52,84598388370203;49,43888629101678;3,407097592685254;4,966337418183035;110252,2;110252,2;Excellent;100.0%;184,0;50,0;125,0;-5,0;10,0;8,0;-4,0;83,2579185520362;Low;0,5379350184143847;36,956662;68,70097825;Optimal;0,8045620687440492;307,6296382545315;382,3566263007559;"RSI Cross SMA Down: Prev: RSI=66.31 vs SMA=60.79, Curr: RSI=58.31 vs SMA=61.05; RSI Entry Zone: RSI_SMA=60.79 > 60.0; Position Delay: Delay >= 12 candles";;"RSI-SMA Difference: RSI-SMA=3.41 >= 2.0; RSI Above 50: RSI=52.85 >= 50; SMA Not Increasing: SMA: 48.88 -> 49.44; No SMA Downtrend: SMA changes: ['0.554', '0.595', '0.504']";;;5m cross, 15m confirmed
BTC/USDT;Long;open;2025-08-26 11:55:00;2025-08-26 12:05:00;43,58253899418532;35,66529422167001;7,917244772515311;44,331807699757206;49,86976942707673;-5,5379617273195265;-9,203457730316906;109878,1;109878,1;Excellent;100.0%;206,0;50,0;125,0;3,0;10,0;18,0;0,0;93,21266968325791;Normal;1,2165263945619065;67,216122;55,25249785000001;Optimal;0,9399181975913;256,6054264955248;273,0082544982316;"RSI Cross SMA Up: Prev: RSI=28.79 vs SMA=35.89, Curr: RSI=43.58 vs SMA=35.67; RSI Entry Zone: RSI_SMA=35.89 < 40.0; Position Delay: Delay >= 12 candles";;"SMA-RSI Difference: SMA-RSI=5.54 >= 2.0; RSI Below 50: RSI=44.33 <= 50; SMA Not Falling: SMA: 50.22 -> 49.87; No SMA Uptrend: SMA changes: ['-0.354', '-1.224', '-0.965']";;;5m cross, 15m confirmed
BTC/USDT;Long;open;2025-08-26 12:10:00;2025-08-26 12:20:00;34,06770462384925;33,2484793143098;0,8192253095394548;39,247781714176575;48,97058488554584;-9,722803171369264;-9,267332124395063;109632,0;109632,0;Excellent;100.0%;184,0;50,0;125,0;-5,0;10,0;8,0;-4,0;83,2579185520362;Low;1,0142015550062473;55,266797;54,4929129;Optimal;0,9565388574662378;258,61932460298647;270,3699097891742;"RSI Cross SMA Up: Prev: RSI=33.94 vs SMA=33.95, Curr: RSI=34.07 vs SMA=33.25; RSI Entry Zone: RSI_SMA=33.95 < 40.0; Position Delay: Delay >= 12 candles";;"SMA-RSI Difference: SMA-RSI=9.72 >= 2.0; RSI Below 50: RSI=39.25 <= 50; SMA Not Falling: SMA: 49.87 -> 48.97; No SMA Uptrend: SMA changes: ['-0.899', '-0.354', '-1.224']";;;5m cross, 15m confirmed
BTC/USDT;Short;open;2025-08-26 19:00:00;2025-08-26 19:10:00;62,57332435902684;65,8044777318667;-3,231153372839856;59,59022143253482;51,00729099424367;8,58293043829115;11,623396115188283;110609,9;110609,9;Excellent;100.0%;194,0;50,0;125,0;-5,0;10,0;18,0;-4,0;87,78280542986425;Low;0,7413725957656453;56,315353;75,96093155;Optimal;0,9523482640172183;357,3038371199086;375,18190626265334;"RSI Cross SMA Down: Prev: RSI=66.80 vs SMA=64.84, Curr: RSI=62.57 vs SMA=65.80; RSI Entry Zone: RSI_SMA=64.84 > 60.0; Position Delay: Delay >= 12 candles";;"RSI-SMA Difference: RSI-SMA=8.58 >= 2.0; RSI Above 50: RSI=59.59 >= 50; SMA Not Increasing: SMA: 49.67 -> 51.01; No SMA Downtrend: SMA changes: ['1.341', '0.789', '0.825']";;;5m cross, 15m confirmed
BTC/USDT;Short;open;2025-08-26 19:30:00;2025-08-26 19:40:00;66,86074187728408;69,2076339999866;-2,3468921227025135;59,50142327956451;54,03713126111426;5,4642920184502515;8,935651518019093;110981,5;110981,5;Excellent;100.0%;184,0;50,0;125,0;-5,0;10,0;8,0;-4,0;83,2579185520362;Low;0,9193822247805125;64,453193;70,10489355;Optimal;0,9836121642385003;364,9201452717584;371,0000328780753;"RSI Cross SMA Down: Prev: RSI=73.31 vs SMA=68.97, Curr: RSI=66.86 vs SMA=69.21; RSI Entry Zone: RSI_SMA=68.97 > 60.0; Position Delay: Delay >= 12 candles";;"RSI-SMA Difference: RSI-SMA=5.46 >= 2.0; RSI Above 50: RSI=59.50 >= 50; SMA Not Increasing: SMA: 52.64 -> 54.04; No SMA Downtrend: SMA changes: ['1.395', '1.635', '1.341']";;;5m cross, 15m confirmed
BTC/USDT;Short;open;2025-08-26 20:00:00;2025-08-26 20:10:00;60,76832376354415;65,76052093001177;-4,992197166467612;64,76188714280221;56,62920219402205;8,13268494878016;7,107695278070335;110976,2;110976,2;Excellent;100.0%;194,0;50,0;125,0;-5,0;10,0;18,0;-4,0;87,78280542986425;Low;0,7352980821602128;46,891169;63,771646;Optimal;0,9828078059222035;362,0102273006482;368,34284904866126;"RSI Cross SMA Down: Prev: RSI=67.00 vs SMA=66.54, Curr: RSI=60.77 vs SMA=65.76; RSI Entry Zone: RSI_SMA=66.54 > 60.0; Position Delay: Delay >= 12 candles";;"RSI-SMA Difference: RSI-SMA=8.13 >= 2.0; RSI Above 50: RSI=64.76 >= 50; SMA Not Increasing: SMA: 55.32 -> 56.63; No SMA Downtrend: SMA changes: ['1.312', '1.280', '1.395']";;;5m cross, 15m confirmed
BTC/USDT;Short;open;2025-08-26 20:15:00;2025-08-26 20:25:00;66,14785285763708;66,36537405791533;-0,21752120027825583;65,56564954202193;57,49457508220665;8,071074459815279;7,976622758525345;111225,4;111225,4;Excellent;100.0%;184,0;50,0;125,0;-5,0;10,0;8,0;-4,0;83,2579185520362;Low;0,6507692634034603;39,8366;61,2146305;Optimal;0,9573758219540173;350,41663963631703;366,01784962681825;"RSI Cross SMA Down: Prev: RSI=67.75 vs SMA=65.97, Curr: RSI=66.15 vs SMA=66.37; RSI Entry Zone: RSI_SMA=65.97 > 60.0; Position Delay: Delay >= 12 candles";;"RSI-SMA Difference: RSI-SMA=8.07 >= 2.0; RSI Above 50: RSI=65.57 >= 50; SMA Not Increasing: SMA: 56.63 -> 57.49; No SMA Downtrend: SMA changes: ['0.865', '1.312', '1.280']";;;5m cross, 15m confirmed
BTC/USDT;Short;open;2025-08-26 20:35:00;2025-08-26 20:45:00;63,17283260035153;65,4338644505154;-2,2610318501638673;62,72985949896808;58,560528371765066;4,169331127203016;6,791030178599485;111224,8;111224,8;Excellent;100.0%;184,0;50,0;125,0;-5,0;10,0;8,0;-4,0;83,2579185520362;Low;0,8264381960281009;48,321785;58,46993185;Optimal;0,9263084996662633;335,6225939480078;362,3226971024537;"RSI Cross SMA Down: Prev: RSI=66.36 vs SMA=66.16, Curr: RSI=63.17 vs SMA=65.43; RSI Entry Zone: RSI_SMA=66.16 > 60.0; Position Delay: Delay >= 12 candles";;"RSI-SMA Difference: RSI-SMA=4.17 >= 2.0; RSI Above 50: RSI=62.73 >= 50; SMA Not Increasing: SMA: 57.49 -> 58.56; No SMA Downtrend: SMA changes: ['1.066', '0.865', '1.312']";;;5m cross, 15m confirmed
BTC/USDT;Short;open;2025-08-26 20:55:00;2025-08-26 21:05:00;65,09380610823683;65,40145314821142;-0,307647039974583;64,34853212259789;59,76807271431382;4,580459408284071;5,606954998434122;111325,7;111325,7;Excellent;100.0%;184,0;50,0;125,0;-5,0;10,0;8,0;-4,0;83,2579185520362;Low;0,69731404416113;39,598796;56,78760715;Optimal;0,9127071155677935;327,72812295172196;359,07260649309484;"RSI Cross SMA Down: Prev: RSI=66.75 vs SMA=65.45, Curr: RSI=65.09 vs SMA=65.40; RSI Entry Zone: RSI_SMA=65.45 > 60.0; Position Delay: Delay >= 12 candles";;"RSI-SMA Difference: RSI-SMA=4.58 >= 2.0; RSI Above 50: RSI=64.35 >= 50; SMA Not Increasing: SMA: 58.56 -> 59.77; No SMA Downtrend: SMA changes: ['1.208', '1.066', '0.865']";;;5m cross, 15m confirmed
BTC/USDT;Short;skip;2025-08-26 21:35:00;2025-08-26 21:45:00;56,14074310671288;61,09675453604154;-4,956011429328655;61,429115505352456;62,265854553265356;-0,8367390479129;-0,6495314258669822;111242,8;111242,8;Excellent;100.0%;151,0;50,0;90,0;-5,0;10,0;10,0;-4,0;75,12437810945273;Low;0,6934603943521701;37,712198;54,38262705000001;Optimal;0,8831764515883233;307,7667952350339;348,4771301154368;"RSI Cross SMA Down: Prev: RSI=63.83 vs SMA=61.99, Curr: RSI=56.14 vs SMA=61.10; RSI Entry Zone: RSI_SMA=61.99 > 60.0; Position Delay: Delay >= 12 candles";;"RSI Above 50: RSI=61.43 >= 50; SMA Not Increasing: SMA: 61.66 -> 62.27; No SMA Downtrend: SMA changes: ['0.606', '0.795', '1.096']";RSI-SMA Difference: RSI-SMA=-0.84 >= 2.0;RSI-SMA різниця -0.84 < 2.0;5m cross, 15m rejected
BTC/USDT;Short;skip;2025-08-26 22:25:00;2025-08-26 22:35:00;60,72512933528662;64,7583449480214;-4,033215612734786;63,631615429167304;63,358798283011375;0,2728171461559299;3,3315641837975796;111635,4;111635,4;Excellent;100.0%;151,0;50,0;90,0;-5,0;10,0;10,0;-4,0;75,12437810945273;Low;0,9101367150880246;50,446719;55,4276277;Optimal;0,9362706455092838;315,64670157848724;337,1318999398848;"RSI Cross SMA Down: Prev: RSI=67.60 vs SMA=64.45, Curr: RSI=60.73 vs SMA=64.76; RSI Entry Zone: RSI_SMA=64.45 > 60.0; Position Delay: Delay >= 12 candles";;"RSI Above 50: RSI=63.63 >= 50; SMA Not Increasing: SMA: 63.12 -> 63.36; No SMA Downtrend: SMA changes: ['0.234', '0.363', '0.495']";RSI-SMA Difference: RSI-SMA=0.27 >= 2.0;RSI-SMA різниця 0.27 < 2.0;5m cross, 15m rejected
BTC/USDT;Short;skip;2025-08-26 23:15:00;2025-08-26 23:25:00;66,51997304927326;67,56504240475529;-1,0450693554820276;63,064480623673354;64,54788699372013;-1,4834063700467723;2,8329253368066034;112128,5;112128,5;Excellent;100.0%;153,0;50,0;90,0;3,0;10,0;0,0;0,0;76,11940298507463;Normal;1,5320349657353904;86,749869;56,6239485;Optimal;1,0135638428614693;328,1601791905247;323,76863233801896;"RSI Cross SMA Down: Prev: RSI=77.23 vs SMA=67.96, Curr: RSI=66.52 vs SMA=67.57; RSI Entry Zone: RSI_SMA=67.96 > 60.0; Position Delay: Delay >= 12 candles";;"RSI Above 50: RSI=63.06 >= 50; SMA Not Increasing: SMA: 64.55 -> 64.55; No SMA Downtrend: SMA changes: ['0.001', '0.848', '0.104']";RSI-SMA Difference: RSI-SMA=-1.48 >= 2.0;RSI-SMA різниця -1.48 < 2.0;5m cross, 15m rejected
BTC/USDT;Long;open;2025-08-27 01:45:00;2025-08-27 01:55:00;37,46630372532155;36,67449184621962;0,7918118791019353;49,57929807668488;57,118394171888845;-7,539096095203966;-10,553567131333283;111212,0;111212,0;Excellent;100.0%;196,0;50,0;125,0;3,0;10,0;8,0;0,0;88,68778280542986;Normal;1,2137653885852218;62,039456;51,1132189;Optimal;0,9036506344272095;266,4754002297156;294,8876369667183;"RSI Cross SMA Up: Prev: RSI=31.79 vs SMA=37.57, Curr: RSI=37.47 vs SMA=36.67; RSI Entry Zone: RSI_SMA=37.57 < 40.0; Position Delay: Delay >= 12 candles";;"SMA-RSI Difference: SMA-RSI=7.54 >= 2.0; RSI Below 50: RSI=49.58 <= 50; SMA Not Falling: SMA: 58.12 -> 57.12; No SMA Uptrend: SMA changes: ['-1.004', '-1.708', '-1.276']";;;5m cross, 15m confirmed
BTC/USDT;Long;open;2025-08-27 02:10:00;2025-08-27 02:20:00;37,051391534268;36,9895251764368;0,06186635783119954;46,37559634052759;55,938594117237976;-9,562997776710382;-9,85677145495721;111149,2;111149,2;Excellent;100.0%;184,0;50,0;125,0;-5,0;10,0;8,0;-4,0;83,2579185520362;Low;0,5538010189144947;28,02071;50,59707195;Optimal;0,9026301962067863;263,33430021330736;291,74107106093237;"RSI Cross SMA Up: Prev: RSI=36.55 vs SMA=36.78, Curr: RSI=37.05 vs SMA=36.99; RSI Entry Zone: RSI_SMA=36.78 < 40.0; Position Delay: Delay >= 12 candles";;"SMA-RSI Difference: SMA-RSI=9.56 >= 2.0; RSI Below 50: RSI=46.38 <= 50; SMA Not Falling: SMA: 57.12 -> 55.94; No SMA Uptrend: SMA changes: ['-1.180', '-1.004', '-1.708']";;;5m cross, 15m confirmed
BTC/USDT;Long;open;2025-08-27 08:05:00;2025-08-27 08:15:00;31,045204802555773;30,149098416624145;0,8961063859316276;32,50513980111819;44,23960134390887;-11,734461542790683;-12,875090779172881;110753,3;110753,3;Excellent;100.0%;184,0;50,0;125,0;-5,0;10,0;8,0;-4,0;83,2579185520362;Low;0,9772582894475;49,711444;50,8682756;Optimal;0,9331010252370441;221,1751035153605;237,03232290327125;"RSI Cross SMA Up: Prev: RSI=29.98 vs SMA=30.37, Curr: RSI=31.05 vs SMA=30.15; RSI Entry Zone: RSI_SMA=30.37 < 40.0; Position Delay: Delay >= 12 candles";;"SMA-RSI Difference: SMA-RSI=11.73 >= 2.0; RSI Below 50: RSI=32.51 <= 50; SMA Not Falling: SMA: 45.95 -> 44.24; No SMA Uptrend: SMA changes: ['-1.715', '-1.465', '-1.634']";;;5m cross, 15m confirmed
BTC/USDT;Long;open;2025-08-27 08:20:00;2025-08-27 08:30:00;29,30157953593006;28,761677129848415;0,5399024060816444;30,070755240592092;42,34240567221578;-12,27165043162369;-12,109886979977224;110680,1;110680,1;Excellent;100.0%;184,0;50,0;125,0;-5,0;10,0;8,0;-4,0;83,2579185520362;Low;0,99731595692276;51,705172;51,844324400000005;Optimal;0,9217450803905629;215,41973897854945;233,70858555303766;"RSI Cross SMA Up: Prev: RSI=26.61 vs SMA=29.05, Curr: RSI=29.30 vs SMA=28.76; RSI Entry Zone: RSI_SMA=29.05 < 40.0; Position Delay: Delay >= 12 candles";;"SMA-RSI Difference: SMA-RSI=12.27 >= 2.0; RSI Below 50: RSI=30.07 <= 50; SMA Not Falling: SMA: 44.24 -> 42.34; No SMA Uptrend: SMA changes: ['-1.897', '-1.715', '-1.465']";;;5m cross, 15m confirmed
BTC/USDT;Long;open;2025-08-27 08:35:00;2025-08-27 08:45:00;29,19907238992738;28,309093269275884;0,8899791206514962;29,062378509160922;40,354637750081075;-11,292259240920153;-11,766123738444842;110569,5;110569,5;Excellent;100.0%;196,0;50,0;125,0;3,0;10,0;8,0;0,0;88,68778280542986;Normal;1,1659374723494682;62,242311;53,38391849999999;Optimal;0,9098600556271635;209,42547190865304;230,1732784216983;"RSI Cross SMA Up: Prev: RSI=22.30 vs SMA=28.27, Curr: RSI=29.20 vs SMA=28.31; RSI Entry Zone: RSI_SMA=28.27 < 40.0; Position Delay: Delay >= 12 candles";;"SMA-RSI Difference: SMA-RSI=11.29 >= 2.0; RSI Below 50: RSI=29.06 <= 50; SMA Not Falling: SMA: 42.34 -> 40.35; No SMA Uptrend: SMA changes: ['-1.988', '-1.897', '-1.715']";;;5m cross, 15m confirmed
BTC/USDT;Long;skip;2025-08-27 08:50:00;2025-08-27 09:00:00;37,29960118391965;28,276410170212767;9,023191013706882;39,27242017829754;39,552857926043465;-0,28043774774592833;-7,948115806763258;110603,2;110603,2;Excellent;100.0%;168,0;50,0;90,0;8,0;10,0;10,0;0,0;83,5820895522388;High;1,8166240427258542;96,762691;53,26511635000001;Optimal;0,9827955167645733;223,28079534374885;227,18947282014852;"RSI Cross SMA Up: Prev: RSI=25.62 vs SMA=27.53, Curr: RSI=37.30 vs SMA=28.28; RSI Entry Zone: RSI_SMA=27.53 < 40.0; Position Delay: Delay >= 12 candles";;"RSI Below 50: RSI=39.27 <= 50; SMA Not Falling: SMA: 40.35 -> 39.55; No SMA Uptrend: SMA changes: ['-0.802', '-1.988', '-1.897']";SMA-RSI Difference: SMA-RSI=0.28 >= 2.0;SMA-RSI diff 0.28 < 2.0;5m cross, 15m rejected
BTC/USDT;Short;skip;2025-08-27 12:15:00;2025-08-27 12:25:00;55,16243158804452;59,94684864818746;-4,7844170601429425;51,35833007483038;51,478332681077184;-0,12000260624680692;6,100090606230762;111245,0;111245,0;Excellent;100.0%;151,0;50,0;90,0;-5,0;10,0;10,0;-4,0;75,12437810945273;Low;0,7925604653158057;39,625955;49,9973904;Optimal;0,9754126238672886;210,47677967996896;215,78230025922417;"RSI Cross SMA Down: Prev: RSI=61.56 vs SMA=60.27, Curr: RSI=55.16 vs SMA=59.95; RSI Entry Zone: RSI_SMA=60.27 > 60.0; Position Delay: Delay >= 12 candles";;"RSI Above 50: RSI=51.36 >= 50; SMA Not Increasing: SMA: 50.62 -> 51.48; No SMA Downtrend: SMA changes: ['0.863', '2.133', '2.037']";RSI-SMA Difference: RSI-SMA=-0.12 >= 2.0;RSI-SMA різниця -0.12 < 2.0;5m cross, 15m rejected
BTC/USDT;Short;open;2025-08-27 14:40:00;2025-08-27 14:50:00;56,44962929803695;62,802423879735976;-6,352794581699023;63,28176277089301;57,86755904427198;5,414203726621032;8,79356766671519;111924,6;111924,6;Excellent;100.0%;211,0;50,0;125,0;12,0;6,0;18,0;0,0;95,47511312217195;Very High;3,3838807770734753;326,48824;96,4833756;High;1,431521042340599;350,19326100758644;244,6301875067133;"RSI Cross SMA Down: Prev: RSI=69.10 vs SMA=62.06, Curr: RSI=56.45 vs SMA=62.80; RSI Entry Zone: RSI_SMA=62.06 > 60.0; Position Delay: Delay >= 12 candles";;"RSI-SMA Difference: RSI-SMA=5.41 >= 2.0; RSI Above 50: RSI=63.28 >= 50; SMA Not Increasing: SMA: 57.49 -> 57.87; No SMA Downtrend: SMA changes: ['0.380', '1.644', '0.805']";;;5m cross, 15m confirmed
BTC/USDT;Short;open;2025-08-27 18:25:00;2025-08-27 18:35:00;62,45488499614012;63,64568814277795;-1,1908031466378262;67,15581738598061;61,61934828675488;5,536469099225734;5,1406855719003675;112479,3;112479,3;Excellent;100.0%;184,0;50,0;125,0;-5,0;10,0;8,0;-4,0;83,2579185520362;Low;0,43439377673482477;51,774871;119,18879545;Optimal;0,9122593468635464;325,4538895155612;356,75588376760345;"RSI Cross SMA Down: Prev: RSI=69.62 vs SMA=62.85, Curr: RSI=62.45 vs SMA=63.65; RSI Entry Zone: RSI_SMA=62.85 > 60.0; Position Delay: Delay >= 12 candles";;"RSI-SMA Difference: RSI-SMA=5.54 >= 2.0; RSI Above 50: RSI=67.16 >= 50; SMA Not Increasing: SMA: 61.10 -> 61.62; No SMA Downtrend: SMA changes: ['0.516', '0.272', '-0.485']";;;5m cross, 15m confirmed
BTC/USDT;Long;open;2025-08-27 22:20:00;2025-08-27 22:30:00;39,03900387777199;37,2331266240296;1,8058772537423877;38,905845703548735;48,90496324822704;-9,999117544678306;-11,679222825323558;111350,4;111350,4;Excellent;100.0%;184,0;50,0;125,0;-5,0;10,0;8,0;-4,0;83,2579185520362;Low;0,5807677452204076;56,642579;97,53051795;Optimal;1,0250230068847663;397,217683902726;387,5207495195095;"RSI Cross SMA Up: Prev: RSI=36.59 vs SMA=37.96, Curr: RSI=39.04 vs SMA=37.23; RSI Entry Zone: RSI_SMA=37.96 < 40.0; Position Delay: Delay >= 12 candles";;"SMA-RSI Difference: SMA-RSI=10.00 >= 2.0; RSI Below 50: RSI=38.91 <= 50; SMA Not Falling: SMA: 49.78 -> 48.90; No SMA Uptrend: SMA changes: ['-0.876', '-1.693', '-1.873']";;;5m cross, 15m confirmed
BTC/USDT;Short;open;2025-08-28 05:10:00;2025-08-28 05:20:00;73,85567567143757;81,07899299727308;-7,2233173258355095;74,91343064891923;60,20502087137021;14,708409777549022;16,86915519276366;112922,9;112922,9;Excellent;100.0%;206,0;50,0;125,0;3,0;10,0;18,0;0,0;93,21266968325791;Normal;1,2628725338000928;83,972139;66,49296484999999;Optimal;0,9940013490784623;282,82534712093644;284,53215620194436;"RSI Cross SMA Down: Prev: RSI=81.65 vs SMA=80.59, Curr: RSI=73.86 vs SMA=81.08; RSI Entry Zone: RSI_SMA=80.59 > 60.0; Position Delay: Delay >= 12 candles";;"RSI-SMA Difference: RSI-SMA=14.71 >= 2.0; RSI Above 50: RSI=74.91 >= 50; SMA Not Increasing: SMA: 58.44 -> 60.21; No SMA Downtrend: SMA changes: ['1.769', '2.066', '1.813']";;;5m cross, 15m confirmed
BTC/USDT;Short;open;2025-08-28 06:45:00;2025-08-28 06:55:00;60,833837382370895;61,97484776632863;-1,1410103839577346;74,80198209075581;69,79619883857323;5,005783252182582;4,268546047145506;112963,1;112963,1;Excellent;100.0%;184,0;50,0;125,0;-5,0;10,0;8,0;-4,0;83,2579185520362;Low;0,9161088114386923;61,13879;66,73747619999999;Optimal;0,9616541043617194;256,8668330999511;267,10938156962567;"RSI Cross SMA Down: Prev: RSI=67.08 vs SMA=62.68, Curr: RSI=60.83 vs SMA=61.97; RSI Entry Zone: RSI_SMA=62.68 > 60.0; Position Delay: Delay >= 12 candles";;"RSI-SMA Difference: RSI-SMA=5.01 >= 2.0; RSI Above 50: RSI=74.80 >= 50; SMA Not Increasing: SMA: 68.66 -> 69.80; No SMA Downtrend: SMA changes: ['1.139', '1.066', '1.668']";;;5m cross, 15m confirmed
BTC/USDT;Short;skip;2025-08-28 07:20:00;2025-08-28 07:30:00;66,65508680312414;66,68276177101367;-0,027674967889538493;69,42910202849626;71,67332809441767;-2,24422606592141;2,706865592067061;113251,4;113251,4;Excellent;100.0%;141,0;50,0;90,0;-5,0;10,0;0,0;-4,0;70,1492537313433;Low;1,1332732273689448;73,968562;65,2698398;Optimal;0,936021648366013;246,91578976475355;263,7928195312444;"RSI Cross SMA Down: Prev: RSI=66.33 vs SMA=65.98, Curr: RSI=66.66 vs SMA=66.68; RSI Entry Zone: RSI_SMA=65.98 > 60.0; Position Delay: Delay >= 12 candles";;"RSI Above 50: RSI=69.43 >= 50; SMA Not Increasing: SMA: 71.05 -> 71.67; No SMA Downtrend: SMA changes: ['0.625', '1.252', '1.139']";RSI-SMA Difference: RSI-SMA=-2.24 >= 2.0;RSI-SMA різниця -2.24 < 2.0;5m cross, 15m rejected
BTC/USDT;Short;skip;2025-08-28 08:05:00;2025-08-28 08:15:00;61,409919837664894;62,26753214969908;-0,8576123120341848;69,74091774304867;71,73057607857511;-1,9896583355264426;-3,146772800612131;113249,3;113249,3;Excellent;100.0%;147,0;50,0;90,0;-5,0;10,0;6,0;-4,0;73,13432835820896;Low;1,0300869634192849;69,647487;67,6132108;Optimal;0,9074659944957054;232,9413958138363;256,69435243497566;"RSI Cross SMA Down: Prev: RSI=63.33 vs SMA=62.86, Curr: RSI=61.41 vs SMA=62.27; RSI Entry Zone: RSI_SMA=62.86 > 60.0; Position Delay: Delay >= 12 candles";;"RSI Above 50: RSI=69.74 >= 50; SMA Not Increasing: SMA: 72.06 -> 71.73; No SMA Downtrend: SMA changes: ['-0.326', '0.072', '0.312']";RSI-SMA Difference: RSI-SMA=-1.99 >= 2.0;RSI-SMA різниця -1.99 < 2.0;5m cross, 15m rejected
ETH/USDT;Long;open;2025-07-29 15:45:00;2025-07-29 15:55:00;34,13381710985678;29,41470786659126;4,7191092432655175;29,69390707233464;43,333520105512726;-13,639613033178087;-15,63358222674909;3767,4;3767,4;Excellent;100.0%;206,0;50,0;125,0;3,0;10,0;18,0;0,0;93,21266968325791;Normal;1,2426137441748464;3741,31735;3010,844977;Optimal;1,0715874251270034;22,134329898922868;20,65564542836953;"RSI Cross SMA Up: Prev: RSI=27.19 vs SMA=29.32, Curr: RSI=34.13 vs SMA=29.41; RSI Entry Zone: RSI_SMA=29.32 < 40.0; Position Delay: Delay >= 12 candles";;"SMA-RSI Difference: SMA-RSI=13.64 >= 2.0; RSI Below 50: RSI=29.69 <= 50; SMA Not Falling: SMA: 45.19 -> 43.33; No SMA Uptrend: SMA changes: ['-1.857', '-1.138', '-1.127']";;;5m cross, 15m confirmed
ETH/USDT;Long;open;2025-07-29 16:25:00;2025-07-29 16:35:00;30,59450177908407;30,47685026057968;0,11765151850438826;26,767050860271894;39,223517619027405;-12,45646675875551;-12,776088770522707;3747,25;3747,25;Excellent;100.0%;196,0;50,0;125,0;3,0;10,0;8,0;0,0;88,68778280542986;Normal;1,3445427937837;4314,01379;3208,5358755;Optimal;1,0478032564518542;22,22771302509165;21,2136323190679;"RSI Cross SMA Up: Prev: RSI=30.20 vs SMA=30.43, Curr: RSI=30.59 vs SMA=30.48; RSI Entry Zone: RSI_SMA=30.43 < 40.0; Position Delay: Delay >= 12 candles";;"SMA-RSI Difference: SMA-RSI=12.46 >= 2.0; RSI Below 50: RSI=26.77 <= 50; SMA Not Falling: SMA: 41.31 -> 39.22; No SMA Uptrend: SMA changes: ['-2.089', '-2.021', '-1.857']";;;5m cross, 15m confirmed
ETH/USDT;Long;open;2025-07-29 16:40:00;2025-07-29 16:50:00;34,19069659495098;30,74427240829495;3,446424186656028;24,858984518458612;37,077049435083026;-12,218064916624414;-12,30223939833815;3737,51;3737,51;Excellent;100.0%;211,0;50,0;125,0;8,0;10,0;18,0;0,0;95,47511312217195;High;2,5967766582554903;9165,30808;3529,4941715;Optimal;1,0764632134649352;23,24859066615653;21,597199398318157;"RSI Cross SMA Up: Prev: RSI=22.61 vs SMA=30.10, Curr: RSI=34.19 vs SMA=30.74; RSI Entry Zone: RSI_SMA=30.10 < 40.0; Position Delay: Delay >= 12 candles";;"SMA-RSI Difference: SMA-RSI=12.22 >= 2.0; RSI Below 50: RSI=24.86 <= 50; SMA Not Falling: SMA: 39.22 -> 37.08; No SMA Uptrend: SMA changes: ['-2.146', '-2.089', '-2.021']";;;5m cross, 15m confirmed
ETH/USDT;Short;open;2025-07-29 23:40:00;2025-07-29 23:50:00;52,19744000002838;60,63177048172211;-8,434330481693728;53,14792340477466;49,883003682633806;3,264919722140853;5,209166074747006;3785,96;3785,96;Excellent;100.0%;194,0;50,0;125,0;-5,0;10,0;18,0;-4,0;87,78280542986425;Low;0,7409995158811978;1503,42136;2028,9100435;Optimal;0,8785742426158978;18,602399622325517;21,173395166853606;"RSI Cross SMA Down: Prev: RSI=64.65 vs SMA=60.97, Curr: RSI=52.20 vs SMA=60.63; RSI Entry Zone: RSI_SMA=60.97 > 60.0; Position Delay: Delay >= 12 candles";;"RSI-SMA Difference: RSI-SMA=3.26 >= 2.0; RSI Above 50: RSI=53.15 >= 50; SMA Not Increasing: SMA: 48.90 -> 49.88; No SMA Downtrend: SMA changes: ['0.978', '0.823', '0.598']";;;5m cross, 15m confirmed
ETH/USDT;Long;open;2025-07-30 10:00:00;2025-07-30 10:10:00;44,26778456299381;38,289084913806086;5,978699649187725;46,79572966745034;50,43926035187462;-3,6435306844242845;-9,89412115117072;3794,96;3794,96;Excellent;100.0%;194,0;50,0;125,0;-5,0;10,0;18,0;-4,0;87,78280542986425;Low;0,6669420730651691;1152,90553;1728,6441755;Optimal;1,0094971650067088;15,632761378702725;15,485691214000422;"RSI Cross SMA Up: Prev: RSI=36.04 vs SMA=39.08, Curr: RSI=44.27 vs SMA=38.29; RSI Entry Zone: RSI_SMA=39.08 < 40.0; Position Delay: Delay >= 12 candles";;"SMA-RSI Difference: SMA-RSI=3.64 >= 2.0; RSI Below 50: RSI=46.80 <= 50; SMA Not Falling: SMA: 51.43 -> 50.44; No SMA Uptrend: SMA changes: ['-0.993', '-1.302', '-1.416']";;;5m cross, 15m confirmed
ETH/USDT;Long;open;2025-07-30 11:55:00;2025-07-30 12:05:00;38,58050113909738;34,338488069859245;4,2420130692381335;36,356568649075406;43,02909995817276;-6,6725313090973515;-9,505122919105906;3758,34;3758,34;Excellent;100.0%;206,0;50,0;125,0;3,0;10,0;18,0;0,0;93,21266968325791;Normal;1,651017763963101;3042,48125;1842,7913475;Optimal;1,0649120425373582;17,258533762794467;16,206534505584784;"RSI Cross SMA Up: Prev: RSI=33.03 vs SMA=34.85, Curr: RSI=38.58 vs SMA=34.34; RSI Entry Zone: RSI_SMA=34.85 < 40.0; Position Delay: Delay >= 12 candles";;"SMA-RSI Difference: SMA-RSI=6.67 >= 2.0; RSI Below 50: RSI=36.36 <= 50; SMA Not Falling: SMA: 44.28 -> 43.03; No SMA Uptrend: SMA changes: ['-1.250', '-0.888', '-1.166']";;;5m cross, 15m confirmed
ETH/USDT;Short;open;2025-07-30 15:05:00;2025-07-30 15:15:00;54,89432432491811;61,21948682484168;-6,325162499923572;51,998206945021735;45,78232395367422;6,215882991347513;12,667310962904388;3793,69;3793,69;Excellent;100.0%;206,0;50,0;125,0;3,0;10,0;18,0;0,0;93,21266968325791;Normal;1,5934832200127456;3435,25306;2155,813765;Optimal;1,1634057087686611;22,009566975621482;18,918221571145825;"RSI Cross SMA Down: Prev: RSI=64.03 vs SMA=60.79, Curr: RSI=54.89 vs SMA=61.22; RSI Entry Zone: RSI_SMA=60.79 > 60.0; Position Delay: Delay >= 12 candles";;"RSI-SMA Difference: RSI-SMA=6.22 >= 2.0; RSI Above 50: RSI=52.00 >= 50; SMA Not Increasing: SMA: 44.46 -> 45.78; No SMA Downtrend: SMA changes: ['1.319', '2.069', '0.986']";;;5m cross, 15m confirmed
ETH/USDT;Long;open;2025-07-30 19:30:00;2025-07-30 19:40:00;36,50060806697246;34,428731194540454;2,071876872432007;40,65692435914412;48,28881114302699;-7,6318867838828695;-15,107149833843463;3725,71;3725,71;Excellent;100.0%;196,0;50,0;125,0;3,0;10,0;8,0;0,0;88,68778280542986;Normal;1,2359818334539938;4995,66583;4041,8602400000004;Optimal;1,237845324155962;27,81905422400225;22,473772515133078;"RSI Cross SMA Up: Prev: RSI=34.80 vs SMA=35.81, Curr: RSI=36.50 vs SMA=34.43; RSI Entry Zone: RSI_SMA=35.81 < 40.0; Position Delay: Delay >= 12 candles";;"SMA-RSI Difference: SMA-RSI=7.63 >= 2.0; RSI Below 50: RSI=40.66 <= 50; SMA Not Falling: SMA: 49.08 -> 48.29; No SMA Uptrend: SMA changes: ['-0.789', '-1.562', '-1.621']";;;5m cross, 15m confirmed
ETH/USDT;Short;open;2025-07-31 00:00:00;2025-07-31 00:10:00;64,96881971169702;67,38947803278857;-2,420658321091551;62,617630230188375;51,217486402626434;11,40014382756194;12,42681276251227;3803,97;3803,97;Excellent;100.0%;184,0;50,0;125,0;-5,0;10,0;8,0;-4,0;83,2579185520362;Low;0,6536907395654269;1307,17504;1999,6841945;Optimal;0,8413528699826215;18,602769991797086;22,110544404729175;"RSI Cross SMA Down: Prev: RSI=71.40 vs SMA=66.30, Curr: RSI=64.97 vs SMA=67.39; RSI Entry Zone: RSI_SMA=66.30 > 60.0; Position Delay: Delay >= 12 candles";;"RSI-SMA Difference: RSI-SMA=11.40 >= 2.0; RSI Above 50: RSI=62.62 >= 50; SMA Not Increasing: SMA: 50.18 -> 51.22; No SMA Downtrend: SMA changes: ['1.035', '1.086', '0.745']";;;5m cross, 15m confirmed
ETH/USDT;Short;open;2025-07-31 01:05:00;2025-07-31 01:15:00;69,5904939691533;73,18013890004359;-3,5896449308902874;69,06836008369443;58,29769051857103;10,770669565123399;14,152047858394484;3837,82;3837,82;Excellent;100.0%;194,0;50,0;125,0;-5,0;10,0;18,0;-4,0;87,78280542986425;Low;0,9228175710426099;1415,7882;1534,2016065;Optimal;0,9050628828741845;18,501572098493252;20,442305665809975;"RSI Cross SMA Down: Prev: RSI=73.36 vs SMA=73.31, Curr: RSI=69.59 vs SMA=73.18; RSI Entry Zone: RSI_SMA=73.31 > 60.0; Position Delay: Delay >= 12 candles";;"RSI-SMA Difference: RSI-SMA=10.77 >= 2.0; RSI Above 50: RSI=69.07 >= 50; SMA Not Increasing: SMA: 56.28 -> 58.30; No SMA Downtrend: SMA changes: ['2.013', '2.025', '1.715']";;;5m cross, 15m confirmed
ETH/USDT;Short;open;2025-07-31 03:15:00;2025-07-31 03:25:00;62,2170871705908;64,01648236871755;-1,7993951981267458;71,47450936013406;69,05443699269027;2,420072367443794;3,3364384454553573;3858,75;3858,75;Excellent;100.0%;176,0;50,0;125,0;-5,0;10,0;0,0;-4,0;79,63800904977376;Low;0,5170393932723327;877,6567;1697,4658244999998;Optimal;0,8685383941734319;15,343873640323904;17,666315897210644;"RSI Cross SMA Down: Prev: RSI=64.38 vs SMA=63.88, Curr: RSI=62.22 vs SMA=64.02; RSI Entry Zone: RSI_SMA=63.88 > 60.0; Position Delay: Delay >= 12 candles";;"RSI-SMA Difference: RSI-SMA=2.42 >= 2.0; RSI Above 50: RSI=71.47 >= 50; SMA Not Increasing: SMA: 68.46 -> 69.05; No SMA Downtrend: SMA changes: ['0.590', '0.656', '1.123']";;;5m cross, 15m confirmed
ETH/USDT;Short;skip;2025-07-31 04:00:00;2025-07-31 04:10:00;59,281423700182906;64,0003824999079;-4,718958799724994;69,36573156229153;69,81431833308561;-0,4485867707940798;0,6243729782092515;3860,26;3860,26;Excellent;100.0%;157,0;50,0;90,0;-5,0;10,0;16,0;-4,0;78,1094527363184;Low;0,618434364167574;1060,90371;1715,466946;Optimal;0,8318508883820808;13,882485564064043;16,68867071965862;"RSI Cross SMA Down: Prev: RSI=65.16 vs SMA=64.75, Curr: RSI=59.28 vs SMA=64.00; RSI Entry Zone: RSI_SMA=64.75 > 60.0; Position Delay: Delay >= 12 candles";;"RSI Above 50: RSI=69.37 >= 50; SMA Not Increasing: SMA: 69.93 -> 69.81; No SMA Downtrend: SMA changes: ['-0.116', '0.322', '0.554']";RSI-SMA Difference: RSI-SMA=-0.45 >= 2.0;RSI-SMA різниця -0.45 < 2.0;5m cross, 15m rejected
ETH/USDT;Short;skip;2025-07-31 04:40:00;2025-07-31 04:50:00;57,82939554736493;60,073913358625056;-2,244517811260124;68,12009655315671;69,3613934821611;-1,2412969290043918;-1,7587830683034202;3862,49;3862,49;Excellent;100.0%;159,0;50,0;90,0;3,0;10,0;6,0;0,0;79,1044776119403;Normal;1,1949325972703897;2041,97968;1708,8659935;Optimal;0,8386893943774161;13,349081940442955;15,916598003903905;"RSI Cross SMA Down: Prev: RSI=64.82 vs SMA=60.55, Curr: RSI=57.83 vs SMA=60.07; RSI Entry Zone: RSI_SMA=60.55 > 60.0; Position Delay: Delay >= 12 candles";;"RSI Above 50: RSI=68.12 >= 50; SMA Not Increasing: SMA: 69.43 -> 69.36; No SMA Downtrend: SMA changes: ['-0.068', '-0.385', '-0.116']";RSI-SMA Difference: RSI-SMA=-1.24 >= 2.0;RSI-SMA різниця -1.24 < 2.0;5m cross, 15m rejected
ETH/USDT;Short;skip;2025-07-31 05:05:00;2025-07-31 05:15:00;59,156546685999594;59,71239791509736;-0,5558512290977689;62,618805303737126;69,08149609293297;-6,46269078919584;-1,907403935793802;3866,89;3866,89;Excellent;100.0%;155,0;50,0;90,0;-5,0;10,0;14,0;-4,0;77,11442786069652;Low;0,7220372231095205;1234,96332;1710,3873325;Optimal;0,8512211142061069;12,912881877218684;15,1698326812087;"RSI Cross SMA Down: Prev: RSI=61.40 vs SMA=60.14, Curr: RSI=59.16 vs SMA=59.71; RSI Entry Zone: RSI_SMA=60.14 > 60.0; Position Delay: Delay >= 12 candles";;"RSI Above 50: RSI=62.62 >= 50; SMA Not Increasing: SMA: 69.41 -> 69.08; No SMA Downtrend: SMA changes: ['-0.331', '0.051', '-0.068']";RSI-SMA Difference: RSI-SMA=-6.46 >= 2.0;RSI-SMA різниця -6.46 < 2.0;5m cross, 15m rejected
ETH/USDT;Long;open;2025-07-31 11:55:00;2025-07-31 12:05:00;39,058484337976815;35,269623043587664;3,78886129438915;38,07073520752734;49,3123081872099;-11,241572979682559;-14,009164133097201;3838,48;3838,48;Excellent;100.0%;194,0;50,0;125,0;-5,0;10,0;18,0;-4,0;87,78280542986425;Low;0,9403136061465838;1388,26721;1476,387453;Optimal;1,0935630010129989;10,657089496437953;9,745290839728469;"RSI Cross SMA Up: Prev: RSI=29.85 vs SMA=36.03, Curr: RSI=39.06 vs SMA=35.27; RSI Entry Zone: RSI_SMA=36.03 < 40.0; Position Delay: Delay >= 12 candles";;"SMA-RSI Difference: SMA-RSI=11.24 >= 2.0; RSI Below 50: RSI=38.07 <= 50; SMA Not Falling: SMA: 50.94 -> 49.31; No SMA Uptrend: SMA changes: ['-1.632', '-1.557', '-1.576']";;;5m cross, 15m confirmed
ETH/USDT;Long;open;2025-07-31 12:35:00;2025-07-31 12:45:00;42,74446756514304;38,02472918165813;4,719738383484909;33,596504881969665;45,135004560207825;-11,53849967823816;-8,300783745548879;3833,17;3833,17;Excellent;100.0%;194,0;50,0;125,0;-5,0;10,0;18,0;-4,0;87,78280542986425;Low;1,051876580270864;1486,90073;1413,5695744999998;Optimal;1,1817756436277522;11,869772457607201;10,044015140784255;"RSI Cross SMA Up: Prev: RSI=36.73 vs SMA=37.18, Curr: RSI=42.74 vs SMA=38.02; RSI Entry Zone: RSI_SMA=37.18 < 40.0; Position Delay: Delay >= 12 candles";;"SMA-RSI Difference: SMA-RSI=11.54 >= 2.0; RSI Below 50: RSI=33.60 <= 50; SMA Not Falling: SMA: 46.51 -> 45.14; No SMA Uptrend: SMA changes: ['-1.378', '-0.935', '-1.865']";;;5m cross, 15m confirmed
ETH/USDT;Long;open;2025-07-31 13:35:00;2025-07-31 13:45:00;40,522931515657035;37,016012268115254;3,5069192475417807;26,519168206166086;38,677683825148776;-12,15851561898269;-13,061536935738367;3807,87;3807,87;Excellent;100.0%;207,0;50,0;125,0;8,0;6,0;18,0;0,0;93,66515837104072;High;2,1137214552133394;3407,17312;1611,930991;High;1,3269312789048957;14,985554747025182;11,293391741728044;"RSI Cross SMA Up: Prev: RSI=25.37 vs SMA=37.59, Curr: RSI=40.52 vs SMA=37.02; RSI Entry Zone: RSI_SMA=37.59 < 40.0; Position Delay: Delay >= 12 candles";;"SMA-RSI Difference: SMA-RSI=12.16 >= 2.0; RSI Below 50: RSI=26.52 <= 50; SMA Not Falling: SMA: 40.63 -> 38.68; No SMA Uptrend: SMA changes: ['-1.952', '-1.973', '-1.511']";;;5m cross, 15m confirmed
ETH/USDT;Long;open;2025-07-31 14:45:00;2025-07-31 14:55:00;37,28628645979329;36,68138674281378;0,6048997169795101;22,030522061789398;31,50844236242859;-9,477920300639191;-9,808778802490218;3781,26;3781,26;Excellent;100.0%;196,0;50,0;125,0;3,0;10,0;8,0;0,0;88,68778280542986;Normal;1,733604009248181;3464,3573;1998,3556115;Optimal;1,2435407191804857;17,089050690722633;13,742252607525876;"RSI Cross SMA Up: Prev: RSI=31.25 vs SMA=36.91, Curr: RSI=37.29 vs SMA=36.68; RSI Entry Zone: RSI_SMA=36.91 < 40.0; Position Delay: Delay >= 12 candles";;"SMA-RSI Difference: SMA-RSI=9.48 >= 2.0; RSI Below 50: RSI=22.03 <= 50; SMA Not Falling: SMA: 32.55 -> 31.51; No SMA Uptrend: SMA changes: ['-1.042', '-1.407', '-1.744']";;;5m cross, 15m confirmed
ETH/USDT;Long;open;2025-07-31 15:00:00;2025-07-31 15:10:00;36,08725151775625;35,47190507644097;0,6153464413152818;26,34741757185968;30,81575354173101;-4,46833596987133;-7,766050999299972;3774,02;3774,02;Excellent;100.0%;196,0;50,0;125,0;3,0;10,0;8,0;0,0;88,68778280542986;Normal;1,2207685023662826;2520,34522;2064,5562325;Optimal;1,205566413442078;17,139832784242458;14,217244768212803;"RSI Cross SMA Up: Prev: RSI=31.79 vs SMA=36.17, Curr: RSI=36.09 vs SMA=35.47; RSI Entry Zone: RSI_SMA=36.17 < 40.0; Position Delay: Delay >= 12 candles";;"SMA-RSI Difference: SMA-RSI=4.47 >= 2.0; RSI Below 50: RSI=26.35 <= 50; SMA Not Falling: SMA: 31.51 -> 30.82; No SMA Uptrend: SMA changes: ['-0.693', '-1.042', '-1.407']";;;5m cross, 15m confirmed
ETH/USDT;Long;skip;2025-07-31 20:15:00;2025-07-31 20:25:00;41,254380437430534;32,72435452897434;8,530025908456196;35,45754164852913;37,059170907160414;-1,6016292586312844;-6,299241276326353;3740,48;3740,48;Excellent;100.0%;151,0;50,0;90,0;-5,0;10,0;10,0;-4,0;75,12437810945273;Low;0,8779916789254895;2611,2928;2974,1657725;Optimal;1,0500736171247915;21,037625073417363;20,03442875845269;"RSI Cross SMA Up: Prev: RSI=29.94 vs SMA=32.78, Curr: RSI=41.25 vs SMA=32.72; RSI Entry Zone: RSI_SMA=32.78 < 40.0; Position Delay: Delay >= 12 candles";;"RSI Below 50: RSI=35.46 <= 50; SMA Not Falling: SMA: 37.89 -> 37.06; No SMA Uptrend: SMA changes: ['-0.829', '-1.523', '-0.736']";SMA-RSI Difference: SMA-RSI=1.60 >= 2.0;SMA-RSI diff 1.60 < 2.0;5m cross, 15m rejected
ETH/USDT;Long;open;2025-07-31 22:50:00;2025-07-31 23:00:00;38,93319497073266;37,74356425337965;1,1896307173530047;29,63474723358881;34,12306048019018;-4,488313246601372;-3,8594030573578664;3711,05;3711,05;Excellent;100.0%;184,0;50,0;125,0;-5,0;10,0;8,0;-4,0;83,2579185520362;Low;0,4519362558002792;1305,49753;2888,676253;Optimal;0,9841251026150925;20,24764984538566;20,57426417798109;"RSI Cross SMA Up: Prev: RSI=33.75 vs SMA=38.52, Curr: RSI=38.93 vs SMA=37.74; RSI Entry Zone: RSI_SMA=38.52 < 40.0; Position Delay: Delay >= 12 candles";;"SMA-RSI Difference: SMA-RSI=4.49 >= 2.0; RSI Below 50: RSI=29.63 <= 50; SMA Not Falling: SMA: 34.55 -> 34.12; No SMA Uptrend: SMA changes: ['-0.429', '-0.442', '-0.648']";;;5m cross, 15m confirmed
ETH/USDT;Long;skip;2025-08-01 00:15:00;2025-08-01 00:25:00;44,059268434574555;38,25918948534267;5,800078949231889;37,84926889771531;34,251721725810945;3,597547171904367;-2,7321820878315344;3691,54;3691,54;Excellent;100.0%;177,0;50,0;90,0;3,0;10,0;24,0;0,0;88,05970149253731;Normal;1,2296651432722217;3297,79531;2681,8645125000003;Optimal;1,1124427973299948;23,022461725736605;20,695411738017864;"RSI Cross SMA Up: Prev: RSI=23.13 vs SMA=38.26, Curr: RSI=44.06 vs SMA=38.26; RSI Entry Zone: RSI_SMA=38.26 < 40.0; Position Delay: Delay >= 12 candles";;"RSI Below 50: RSI=37.85 <= 50; SMA Not Falling: SMA: 33.98 -> 34.25; No SMA Uptrend: SMA changes: ['0.269', '-0.700', '-0.207']";SMA-RSI Difference: SMA-RSI=-3.60 >= 2.0;SMA-RSI diff -3.60 < 2.0;5m cross, 15m rejected
ETH/USDT;Long;skip;2025-08-01 00:55:00;2025-08-01 01:05:00;46,48395470802157;38,50452170999532;7,9794329980262475;38,10868082558978;33,79686845656424;4,311812369025539;2,4455690017165117;3681,76;3681,76;Excellent;100.0%;180,0;50,0;90,0;12,0;10,0;18,0;0,0;89,55223880597015;Very High;3,5293256934120647;10335,49443;2928,4615045;Optimal;1,241703856462255;26,516714447191273;21,355103561279247;"RSI Cross SMA Up: Prev: RSI=37.28 vs SMA=37.92, Curr: RSI=46.48 vs SMA=38.50; RSI Entry Zone: RSI_SMA=37.92 < 40.0; Position Delay: Delay >= 12 candles";;"RSI Below 50: RSI=38.11 <= 50; SMA Not Falling: SMA: 34.08 -> 33.80; No SMA Uptrend: SMA changes: ['-0.282', '-0.173', '0.269']";SMA-RSI Difference: SMA-RSI=-4.31 >= 2.0;SMA-RSI diff -4.31 < 2.0;5m cross, 15m rejected
ETH/USDT;Long;skip;2025-08-01 01:15:00;2025-08-01 01:25:00;40,54481351182937;40,37870456089687;0,16610895093249667;41,69196938934162;33,71117683136301;7,98079255797861;4,099575654890444;3660,55;3660,55;Excellent;100.0%;155,0;50,0;90,0;-5,0;10,0;14,0;-4,0;77,11442786069652;Low;0,8821375736834264;2517,46703;2853,8258715;Optimal;1,2733393326295828;28,607779293751662;22,466736525505357;"RSI Cross SMA Up: Prev: RSI=38.90 vs SMA=39.77, Curr: RSI=40.54 vs SMA=40.38; RSI Entry Zone: RSI_SMA=39.77 < 40.0; Position Delay: Delay >= 12 candles";;"RSI Below 50: RSI=41.69 <= 50; SMA Not Falling: SMA: 33.29 -> 33.71; No SMA Uptrend: SMA changes: ['0.424', '-0.510', '-0.282']";SMA-RSI Difference: SMA-RSI=-7.98 >= 2.0;SMA-RSI diff -7.98 < 2.0;5m cross, 15m rejected
ETH/USDT;Long;skip;2025-08-01 06:50:00;2025-08-01 07:00:00;44,10243846916452;37,61837075399442;6,484067715170099;39,319338249373686;40,996732875696395;-1,6773946263227089;-7,017828612411125;3663,75;3663,75;Excellent;100.0%;163,0;50,0;90,0;3,0;10,0;10,0;0,0;81,09452736318407;Normal;1,4215171868464918;3472,80009;2443,0236385;Optimal;0,9796882198873635;20,74895121516091;21,17913719279635;"RSI Cross SMA Up: Prev: RSI=34.35 vs SMA=37.28, Curr: RSI=44.10 vs SMA=37.62; RSI Entry Zone: RSI_SMA=37.28 < 40.0; Position Delay: Delay >= 12 candles";;"RSI Below 50: RSI=39.32 <= 50; SMA Not Falling: SMA: 41.94 -> 41.00; No SMA Uptrend: SMA changes: ['-0.945', '-1.239', '-1.211']";SMA-RSI Difference: SMA-RSI=1.68 >= 2.0;SMA-RSI diff 1.68 < 2.0;5m cross, 15m rejected
ETH/USDT;Long;open;2025-08-01 07:15:00;2025-08-01 07:25:00;37,81742724967572;36,677297256996646;1,1401299926790713;31,482513154964877;38,75401193191686;-7,271498776951979;-4,83828536050792;3649,27;3649,27;Excellent;100.0%;201,0;50,0;125,0;8,0;10,0;8,0;0,0;90,9502262443439;High;1,8374848653127993;4752,07112;2586,182455;Optimal;1,0319808834611106;21,68904467021528;21,016905465800342;"RSI Cross SMA Up: Prev: RSI=33.36 vs SMA=37.24, Curr: RSI=37.82 vs SMA=36.68; RSI Entry Zone: RSI_SMA=37.24 < 40.0; Position Delay: Delay >= 12 candles";;"SMA-RSI Difference: SMA-RSI=7.27 >= 2.0; RSI Below 50: RSI=31.48 <= 50; SMA Not Falling: SMA: 39.90 -> 38.75; No SMA Uptrend: SMA changes: ['-1.143', '-1.099', '-0.945']";;;5m cross, 15m confirmed
ETH/USDT;Long;open;2025-08-01 07:40:00;2025-08-01 07:50:00;38,17976995463383;34,91352836019427;3,266241594439556;34,52486662241192;38,225908963153685;-3,7010423407417647;-5,512834598647605;3638,7;3638,7;Excellent;100.0%;206,0;50,0;125,0;3,0;10,0;18,0;0,0;93,21266968325791;Normal;1,3111687771997649;3489,84685;2661,630532;Optimal;1,023112287743699;21,39482719377134;20,911514259059494;"RSI Cross SMA Up: Prev: RSI=28.53 vs SMA=34.68, Curr: RSI=38.18 vs SMA=34.91; RSI Entry Zone: RSI_SMA=34.68 < 40.0; Position Delay: Delay >= 12 candles";;"SMA-RSI Difference: SMA-RSI=3.70 >= 2.0; RSI Below 50: RSI=34.52 <= 50; SMA Not Falling: SMA: 38.75 -> 38.23; No SMA Uptrend: SMA changes: ['-0.528', '-1.143', '-1.099']";;;5m cross, 15m confirmed
ETH/USDT;Long;open;2025-08-01 08:15:00;2025-08-01 08:25:00;37,78865800159955;35,42145316860013;2,3672048329994198;29,651567046156643;36,38344518064582;-6,731878134489179;-3,5575853337786043;3622,05;3622,05;Excellent;100.0%;196,0;50,0;125,0;3,0;10,0;8,0;0,0;88,68778280542986;Normal;1,6681816773381122;5644,27497;3383,4893685;Optimal;1,1107275935072645;23,486991743701022;21,145591305189278;"RSI Cross SMA Up: Prev: RSI=32.19 vs SMA=35.37, Curr: RSI=37.79 vs SMA=35.42; RSI Entry Zone: RSI_SMA=35.37 < 40.0; Position Delay: Delay >= 12 candles";;"SMA-RSI Difference: SMA-RSI=6.73 >= 2.0; RSI Below 50: RSI=29.65 <= 50; SMA Not Falling: SMA: 37.20 -> 36.38; No SMA Uptrend: SMA changes: ['-0.816', '-0.821', '-0.206']";;;5m cross, 15m confirmed
ETH/USDT;Long;skip;2025-08-01 08:35:00;2025-08-01 08:45:00;39,64205981733847;35,82325645532132;3,8188033620171495;34,99542787720722;35,69443952557481;-0,6990116483675877;-4,469316787297292;3615,07;3615,07;Excellent;100.0%;168,0;50,0;90,0;8,0;10,0;10,0;0,0;83,5820895522388;High;1,8136592319721627;6608,84899;3643,9309399999997;Optimal;1,1429002336946008;24,484349476293826;21,422998048696165;"RSI Cross SMA Up: Prev: RSI=34.90 vs SMA=35.15, Curr: RSI=39.64 vs SMA=35.82; RSI Entry Zone: RSI_SMA=35.15 < 40.0; Position Delay: Delay >= 12 candles";;"RSI Below 50: RSI=35.00 <= 50; SMA Not Falling: SMA: 36.38 -> 35.69; No SMA Uptrend: SMA changes: ['-0.689', '-0.816', '-0.821']";SMA-RSI Difference: SMA-RSI=0.70 >= 2.0;SMA-RSI diff 0.70 < 2.0;5m cross, 15m rejected
ETH/USDT;Long;skip;2025-08-01 09:00:00;2025-08-01 09:10:00;51,34510771993946;38,745848861042774;12,59925885889669;40,63001119059705;35,17044381007363;5,459567380523424;0,9109608393395613;3633,14;3633,14;Excellent;100.0%;165,0;50,0;90,0;-5,0;10,0;24,0;-4,0;82,08955223880598;Low;1,1457018988185328;4205,3068;3670,5069654999998;Optimal;1,107741686991452;24,300127864763557;21,93663753032621;"RSI Cross SMA Up: Prev: RSI=37.62 vs SMA=37.74, Curr: RSI=51.35 vs SMA=38.75; RSI Entry Zone: RSI_SMA=37.74 < 40.0; Position Delay: Delay >= 12 candles";;"RSI Below 50: RSI=40.63 <= 50; SMA Not Falling: SMA: 35.13 -> 35.17; No SMA Uptrend: SMA changes: ['0.036', '-0.560', '-0.689']";SMA-RSI Difference: SMA-RSI=-5.46 >= 2.0;SMA-RSI diff -5.46 < 2.0;5m cross, 15m rejected
ETH/USDT;Short;open;2025-08-01 12:55:00;2025-08-01 13:05:00;60,62849719216229;63,7779759946367;-3,1494788024744054;56,442242135164875;46,41096477933103;10,031277355833844;9,947853011992107;3663,04;3663,04;Excellent;100.0%;194,0;50,0;125,0;-5,0;10,0;18,0;-4,0;87,78280542986425;Low;0,8004421687211404;2540,05037;3173,30904;Optimal;1,0058445729324572;21,008804542427377;20,88673052256765;"RSI Cross SMA Down: Prev: RSI=68.08 vs SMA=63.73, Curr: RSI=60.63 vs SMA=63.78; RSI Entry Zone: RSI_SMA=63.73 > 60.0; Position Delay: Delay >= 12 candles";;"RSI-SMA Difference: RSI-SMA=10.03 >= 2.0; RSI Above 50: RSI=56.44 >= 50; SMA Not Increasing: SMA: 45.50 -> 46.41; No SMA Downtrend: SMA changes: ['0.913', '1.293', '1.262']";;;5m cross, 15m confirmed
ETH/USDT;Long;open;2025-08-01 17:45:00;2025-08-01 17:55:00;38,280046354098126;37,91324250446913;0,3668038496289938;37,63414141174745;43,0004758313793;-5,366334419631848;-5,752352803825413;3573,17;3573,17;Excellent;100.0%;184,0;50,0;125,0;-5,0;10,0;8,0;-4,0;83,2579185520362;Low;0,39732934645929424;1339,39772;3371,0012410000004;Optimal;0,9719743729717271;26,30061859234058;27,058962997068253;"RSI Cross SMA Up: Prev: RSI=37.31 vs SMA=38.18, Curr: RSI=38.28 vs SMA=37.91; RSI Entry Zone: RSI_SMA=38.18 < 40.0; Position Delay: Delay >= 12 candles";;"SMA-RSI Difference: SMA-RSI=5.37 >= 2.0; RSI Below 50: RSI=37.63 <= 50; SMA Not Falling: SMA: 44.07 -> 43.00; No SMA Uptrend: SMA changes: ['-1.066', '-0.396', '0.155']";;;5m cross, 15m confirmed
ETH/USDT;Long;open;2025-08-01 18:05:00;2025-08-01 18:15:00;38,46466717078899;36,57323341869621;1,8914337520927802;35,891166099851915;42,21196364897552;-6,320797549123604;-6,097979364732663;3563,22;3563,22;Excellent;100.0%;196,0;50,0;125,0;3,0;10,0;8,0;0,0;88,68778280542986;Normal;1,6209217180563882;5808,98147;3583,7520130000003;Optimal;0,9852348653406385;26,58486012145909;26,983271762583787;"RSI Cross SMA Up: Prev: RSI=29.85 vs SMA=36.36, Curr: RSI=38.46 vs SMA=36.57; RSI Entry Zone: RSI_SMA=36.36 < 40.0; Position Delay: Delay >= 12 candles";;"SMA-RSI Difference: SMA-RSI=6.32 >= 2.0; RSI Below 50: RSI=35.89 <= 50; SMA Not Falling: SMA: 43.00 -> 42.21; No SMA Uptrend: SMA changes: ['-0.789', '-1.066', '-0.396']";;;5m cross, 15m confirmed
ETH/USDT;Long;open;2025-08-01 18:20:00;2025-08-01 18:30:00;37,24038703909721;37,09257574685329;0,1478112922439152;37,607157682805905;41,45576520482909;-3,848607522023187;-5,1785798302595465;3552,19;3552,19;Excellent;100.0%;196,0;50,0;125,0;3,0;10,0;8,0;0,0;88,68778280542986;Normal;1,6456431107375518;6282,78283;3817,828294;Optimal;1,029296741492139;27,832370112783423;27,040180922399223;"RSI Cross SMA Up: Prev: RSI=31.79 vs SMA=36.89, Curr: RSI=37.24 vs SMA=37.09; RSI Entry Zone: RSI_SMA=36.89 < 40.0; Position Delay: Delay >= 12 candles";;"SMA-RSI Difference: SMA-RSI=3.85 >= 2.0; RSI Below 50: RSI=37.61 <= 50; SMA Not Falling: SMA: 42.21 -> 41.46; No SMA Uptrend: SMA changes: ['-0.756', '-0.789', '-1.066']";;;5m cross, 15m confirmed
ETH/USDT;Long;skip;2025-08-01 20:25:00;2025-08-01 20:35:00;42,7682337091114;36,34991472683503;6,418318982276368;34,72160545309332;34,52748258471359;0,19412286837972914;-5,4069694002056705;3524,4;3524,4;Excellent;100.0%;151,0;50,0;90,0;-5,0;10,0;10,0;-4,0;75,12437810945273;Low;0,9623518468774183;3318,84029;3448,6765944999997;Optimal;1,02876813609529;28,02564058883337;27,241940730401357;"RSI Cross SMA Up: Prev: RSI=36.00 vs SMA=36.46, Curr: RSI=42.77 vs SMA=36.35; RSI Entry Zone: RSI_SMA=36.46 < 40.0; Position Delay: Delay >= 12 candles";;"RSI Below 50: RSI=34.72 <= 50; SMA Not Falling: SMA: 34.88 -> 34.53; No SMA Uptrend: SMA changes: ['-0.354', '-1.355', '-1.427']";SMA-RSI Difference: SMA-RSI=-0.19 >= 2.0;SMA-RSI diff -0.19 < 2.0;5m cross, 15m rejected
ETH/USDT;Long;open;2025-08-01 23:05:00;2025-08-01 23:15:00;40,683728340954744;33,02651580210401;7,657212538850736;30,947672360716567;34,40585356876547;-3,458181208048906;-7,277342868033631;3475,88;3475,88;Excellent;100.0%;200,0;50,0;125,0;-5,0;10,0;24,0;-4,0;90,49773755656109;Low;0,6732216626293192;2285,45198;3394,798633;Optimal;1,071205068876082;28,528182978389314;26,63185958251798;"RSI Cross SMA Up: Prev: RSI=28.37 vs SMA=33.54, Curr: RSI=40.68 vs SMA=33.03; RSI Entry Zone: RSI_SMA=33.54 < 40.0; Position Delay: Delay >= 12 candles";;"SMA-RSI Difference: SMA-RSI=3.46 >= 2.0; RSI Below 50: RSI=30.95 <= 50; SMA Not Falling: SMA: 34.31 -> 34.41; No SMA Uptrend: SMA changes: ['0.094', '-0.457', '-0.727']";;;5m cross, 15m confirmed
ETH/USDT;Short;open;2025-08-02 03:15:00;2025-08-02 03:25:00;61,12079181982968;61,25301854046114;-0,1322267206314649;54,6617173512232;47,84845194729185;6,813265403931354;7,854073377554722;3527,48;3527,48;Excellent;100.0%;184,0;50,0;125,0;-5,0;10,0;8,0;-4,0;83,2579185520362;Low;0,26213978268927346;639,95007;2441,2550564999997;Optimal;0,7793296287789923;16,88057322466367;21,66037656121346;"RSI Cross SMA Down: Prev: RSI=63.56 vs SMA=61.40, Curr: RSI=61.12 vs SMA=61.25; RSI Entry Zone: RSI_SMA=61.40 > 60.0; Position Delay: Delay >= 12 candles";;"RSI-SMA Difference: RSI-SMA=6.81 >= 2.0; RSI Above 50: RSI=54.66 >= 50; SMA Not Increasing: SMA: 46.50 -> 47.85; No SMA Downtrend: SMA changes: ['1.353', '1.476', '1.414']";;;5m cross, 15m confirmed
ETH/USDT;Long;open;2025-08-02 06:45:00;2025-08-02 06:55:00;33,19655607669503;30,244400305438358;2,952155771256674;35,678351059473115;47,14697356215571;-11,468622502682592;-17,607770301875085;3476,25;3476,25;Excellent;100.0%;201,0;50,0;125,0;8,0;10,0;8,0;0,0;90,9502262443439;High;2,2082162688201;3347,99049;1516,151537;Optimal;1,0694924001123256;15,607988677718126;14,593828507878003;"RSI Cross SMA Up: Prev: RSI=27.30 vs SMA=31.16, Curr: RSI=33.20 vs SMA=30.24; RSI Entry Zone: RSI_SMA=31.16 < 40.0; Position Delay: Delay >= 12 candles";;"SMA-RSI Difference: SMA-RSI=11.47 >= 2.0; RSI Below 50: RSI=35.68 <= 50; SMA Not Falling: SMA: 48.50 -> 47.15; No SMA Uptrend: SMA changes: ['-1.356', '-1.835', '-1.792']";;;5m cross, 15m confirmed
ETH/USDT;Long;skip;2025-08-02 16:35:00;2025-08-02 16:45:00;33,493545346727856;31,815825862563965;1,677719484163891;42,30270868593662;42,17974293738553;0,12296574855109554;-7,9171677381664365;3446,78;3446,78;Excellent;100.0%;158,0;50,0;90,0;8,0;10,0;0,0;0,0;78,60696517412936;High;2,020895387194052;3298,11163;1632,0051255;Optimal;1,1491861066850007;18,481327167513363;16,082101114871218;"RSI Cross SMA Up: Prev: RSI=26.19 vs SMA=32.56, Curr: RSI=33.49 vs SMA=31.82; RSI Entry Zone: RSI_SMA=32.56 < 40.0; Position Delay: Delay >= 12 candles";;"RSI Below 50: RSI=42.30 <= 50; SMA Not Falling: SMA: 42.78 -> 42.18; No SMA Uptrend: SMA changes: ['-0.601', '-1.615', '-1.232']";SMA-RSI Difference: SMA-RSI=-0.12 >= 2.0;SMA-RSI diff -0.12 < 2.0;5m cross, 15m rejected
ETH/USDT;Long;open;2025-08-02 18:55:00;2025-08-02 19:05:00;26,47719007802047;26,142702611757922;0,3344874662625479;22,093354354747206;34,02426981293814;-11,930915458190931;-12,381419501301835;3383,44;3383,44;Excellent;100.0%;201,0;50,0;125,0;8,0;10,0;8,0;0,0;90,9502262443439;High;1,9163026578121771;5322,75366;2777,6163845;Optimal;1,1201673778099284;20,90383952865029;18,661353600137858;"RSI Cross SMA Up: Prev: RSI=21.73 vs SMA=26.35, Curr: RSI=26.48 vs SMA=26.14; RSI Entry Zone: RSI_SMA=26.35 < 40.0; Position Delay: Delay >= 12 candles";;"SMA-RSI Difference: SMA-RSI=11.93 >= 2.0; RSI Below 50: RSI=22.09 <= 50; SMA Not Falling: SMA: 35.56 -> 34.02; No SMA Uptrend: SMA changes: ['-1.534', '-1.325', '-1.161']";;;5m cross, 15m confirmed
ETH/USDT;Long;skip;2025-08-02 20:00:00;2025-08-02 20:10:00;43,02423653865508;41,04023131683903;1,984005221816055;39,56873891816691;33,93188409833097;5,636854819835939;2,611120673289257;3393,32;3393,32;Excellent;100.0%;149,0;50,0;90,0;-5,0;10,0;8,0;-4,0;74,12935323383084;Low;0,46913130665448005;1515,06225;3229,505745;Optimal;1,111309785991194;22,694077077466194;20,421017940758077;"RSI Cross SMA Up: Prev: RSI=37.50 vs SMA=39.52, Curr: RSI=43.02 vs SMA=41.04; RSI Entry Zone: RSI_SMA=39.52 < 40.0; Position Delay: Delay >= 12 candles";;"RSI Below 50: RSI=39.57 <= 50; SMA Not Falling: SMA: 34.13 -> 33.93; No SMA Uptrend: SMA changes: ['-0.195', '0.081', '0.424']";SMA-RSI Difference: SMA-RSI=-5.64 >= 2.0;SMA-RSI diff -5.64 < 2.0;5m cross, 15m rejected
ETH/USDT;Short;open;2025-08-03 03:15:00;2025-08-03 03:25:00;64,06597481580678;65,03836526857121;-0,9723904527644294;59,594124230100036;52,45052936496121;7,143594865138823;7,69462006619946;3441,65;3441,65;Excellent;100.0%;184,0;50,0;125,0;-5,0;10,0;8,0;-4,0;83,2579185520362;Low;0,6670497662535575;1078,68326;1617,0956270000001;Optimal;0,8100446885882187;18,51782598294215;22,86025233399879;"RSI Cross SMA Down: Prev: RSI=66.64 vs SMA=64.91, Curr: RSI=64.07 vs SMA=65.04; RSI Entry Zone: RSI_SMA=64.91 > 60.0; Position Delay: Delay >= 12 candles";;"RSI-SMA Difference: RSI-SMA=7.14 >= 2.0; RSI Above 50: RSI=59.59 >= 50; SMA Not Increasing: SMA: 51.33 -> 52.45; No SMA Downtrend: SMA changes: ['1.119', '0.806', '1.616']";;;5m cross, 15m confirmed
ETH/USDT;Short;open;2025-08-03 03:50:00;2025-08-03 04:00:00;65,0869843896129;66,97263023666865;-1,8856458470557556;57,81830734260733;54,78301923117639;3,035288111430944;5,948482394361807;3448,22;3448,22;Excellent;100.0%;184,0;50,0;125,0;-5,0;10,0;8,0;-4,0;83,2579185520362;Low;0,4435080331582772;704,67744;1588,8718745;Optimal;0,7859003427276953;17,19460505672052;21,87886188857184;"RSI Cross SMA Down: Prev: RSI=69.71 vs SMA=66.98, Curr: RSI=65.09 vs SMA=66.97; RSI Entry Zone: RSI_SMA=66.98 > 60.0; Position Delay: Delay >= 12 candles";;"RSI-SMA Difference: RSI-SMA=3.04 >= 2.0; RSI Above 50: RSI=57.82 >= 50; SMA Not Increasing: SMA: 53.55 -> 54.78; No SMA Downtrend: SMA changes: ['1.232', '1.100', '1.119']";;;5m cross, 15m confirmed
ETH/USDT;Short;skip;2025-08-03 08:20:00;2025-08-03 08:30:00;58,512612491074115;62,494142489304906;-3,9815299982307906;59,113358838909974;57,70275674626497;1,4106020926450071;4,399250228055865;3459,02;3459,02;Excellent;100.0%;163,0;50,0;90,0;3,0;10,0;10,0;0,0;81,09452736318407;Normal;1,3524478703779648;1252,82159;926,3363249999999;Optimal;0,8899774751800628;11,67047923094229;13,113229892229672;"RSI Cross SMA Down: Prev: RSI=66.22 vs SMA=62.58, Curr: RSI=58.51 vs SMA=62.49; RSI Entry Zone: RSI_SMA=62.58 > 60.0; Position Delay: Delay >= 12 candles";;"RSI Above 50: RSI=59.11 >= 50; SMA Not Increasing: SMA: 57.57 -> 57.70; No SMA Downtrend: SMA changes: ['0.135', '0.752', '0.263']";RSI-SMA Difference: RSI-SMA=1.41 >= 2.0;RSI-SMA різниця 1.41 < 2.0;5m cross, 15m rejected
ETH/USDT;Short;skip;2025-08-03 09:00:00;2025-08-03 09:10:00;56,76074952957872;60,759169590740434;-3,998420061161717;57,25905047555859;57,893751263500114;-0,6347007879415258;1,1928868484711472;3459,8;3459,8;Excellent;100.0%;151,0;50,0;90,0;-5,0;10,0;10,0;-4,0;75,12437810945273;Low;0,9156701226909855;840,84456;918,2832759999999;Optimal;0,9003688153772864;11,093867664132741;12,321470351551456;"RSI Cross SMA Down: Prev: RSI=61.44 vs SMA=60.99, Curr: RSI=56.76 vs SMA=60.76; RSI Entry Zone: RSI_SMA=60.99 > 60.0; Position Delay: Delay >= 12 candles";;"RSI Above 50: RSI=57.26 >= 50; SMA Not Increasing: SMA: 57.76 -> 57.89; No SMA Downtrend: SMA changes: ['0.132', '0.042', '0.017']";RSI-SMA Difference: RSI-SMA=-0.63 >= 2.0;RSI-SMA різниця -0.63 < 2.0;5m cross, 15m rejected
ETH/USDT;Short;skip;2025-08-03 10:20:00;2025-08-03 10:30:00;60,933809986546116;62,04717105723852;-1,113361070692406;61,995024419053564;60,82321226005797;1,1718121589955928;3,4540938606660916;3470,36;3470,36;Excellent;100.0%;153,0;50,0;90,0;3,0;10,0;0,0;0,0;76,11940298507463;Normal;1,4082586226918117;1288,33289;914,8411159999999;Optimal;0,8884305855907773;9,942677654063102;11,19128248770448;"RSI Cross SMA Down: Prev: RSI=69.78 vs SMA=61.46, Curr: RSI=60.93 vs SMA=62.05; RSI Entry Zone: RSI_SMA=61.46 > 60.0; Position Delay: Delay >= 12 candles";;"RSI Above 50: RSI=62.00 >= 50; SMA Not Increasing: SMA: 60.18 -> 60.82; No SMA Downtrend: SMA changes: ['0.643', '0.968', '0.547']";RSI-SMA Difference: RSI-SMA=1.17 >= 2.0;RSI-SMA різниця 1.17 < 2.0;5m cross, 15m rejected
ETH/USDT;Short;open;2025-08-03 11:25:00;2025-08-03 11:35:00;64,33292869880387;71,11023888111012;-6,777310182306252;65,88567232896477;63,50920020269363;2,376472126271146;8,00696820020954;3498,14;3498,14;Excellent;100.0%;203,0;50,0;125,0;8,0;10,0;10,0;0,0;91,8552036199095;High;2,1913294497303495;2777,93038;1267,6918025;Optimal;1,1258869975003383;12,267563683821766;10,8959102565869;"RSI Cross SMA Down: Prev: RSI=72.01 vs SMA=71.50, Curr: RSI=64.33 vs SMA=71.11; RSI Entry Zone: RSI_SMA=71.50 > 60.0; Position Delay: Delay >= 12 candles";;"RSI-SMA Difference: RSI-SMA=2.38 >= 2.0; RSI Above 50: RSI=65.89 >= 50; SMA Not Increasing: SMA: 63.12 -> 63.51; No SMA Downtrend: SMA changes: ['0.390', '1.108', '0.711']";;;5m cross, 15m confirmed
ETH/USDT;Long;open;2025-08-03 15:15:00;2025-08-03 15:25:00;39,274616445199534;38,79691906803108;0,47769737716845384;45,21587081893177;53,89903458878193;-8,683163769850161;-9,510524120011413;3466,12;3466,12;Excellent;100.0%;184,0;50,0;125,0;-5,0;10,0;8,0;-4,0;83,2579185520362;Low;0,43727314246926163;686,80758;1570,660334;Optimal;1,019998924554709;13,020507338851443;12,765216732493792;"RSI Cross SMA Up: Prev: RSI=37.05 vs SMA=39.58, Curr: RSI=39.27 vs SMA=38.80; RSI Entry Zone: RSI_SMA=39.58 < 40.0; Position Delay: Delay >= 12 candles";;"SMA-RSI Difference: SMA-RSI=8.68 >= 2.0; RSI Below 50: RSI=45.22 <= 50; SMA Not Falling: SMA: 54.86 -> 53.90; No SMA Uptrend: SMA changes: ['-0.962', '-1.210', '-1.317']";;;5m cross, 15m confirmed
ETH/USDT;Long;open;2025-08-03 15:35:00;2025-08-03 15:45:00;43,71408851548694;38,840118787436026;4,873969728050916;49,423958861803285;53,463600316769465;-4,03964145496618;-7,982829069526642;3465,94;3465,94;Excellent;100.0%;206,0;50,0;125,0;3,0;10,0;18,0;0,0;93,21266968325791;Normal;1,2890621094054073;2079,41905;1613,12557;Optimal;1,067126377865393;13,701899671790622;12,839997169968726;"RSI Cross SMA Up: Prev: RSI=37.16 vs SMA=38.31, Curr: RSI=43.71 vs SMA=38.84; RSI Entry Zone: RSI_SMA=38.31 < 40.0; Position Delay: Delay >= 12 candles";;"SMA-RSI Difference: SMA-RSI=4.04 >= 2.0; RSI Below 50: RSI=49.42 <= 50; SMA Not Falling: SMA: 53.90 -> 53.46; No SMA Uptrend: SMA changes: ['-0.435', '-0.962', '-1.210']";;;5m cross, 15m confirmed
ETH/USDT;Short;open;2025-08-03 19:40:00;2025-08-03 19:50:00;55,49712159970499;60,67875221612236;-5,181630616417372;59,552922805320684;56,50708244616215;3,0458403591585324;3,7916988342993156;3500,55;3500,55;Excellent;100.0%;206,0;50,0;125,0;3,0;10,0;18,0;0,0;93,21266968325791;Normal;1,7871728236125968;2189,18453;1224,9428265;Optimal;1,011394586988113;12,636320667700845;12,493957185722374;"RSI Cross SMA Down: Prev: RSI=66.78 vs SMA=60.36, Curr: RSI=55.50 vs SMA=60.68; RSI Entry Zone: RSI_SMA=60.36 > 60.0; Position Delay: Delay >= 12 candles";;"RSI-SMA Difference: RSI-SMA=3.05 >= 2.0; RSI Above 50: RSI=59.55 >= 50; SMA Not Increasing: SMA: 55.61 -> 56.51; No SMA Downtrend: SMA changes: ['0.899', '0.815', '0.508']";;;5m cross, 15m confirmed
ETH/USDT;Short;open;2025-08-04 01:15:00;2025-08-04 01:25:00;63,524092307889866;67,07147725626412;-3,5473849483742512;70,13294351223453;58,93294258931701;11,200000922917525;12,243006731974594;3536,27;3536,27;Excellent;100.0%;194,0;50,0;125,0;-5,0;10,0;18,0;-4,0;87,78280542986425;Low;0,8654207623398565;1397,42027;1614,7293095;Optimal;1,1378171025622499;15,200399039689584;13,359263984923247;"RSI Cross SMA Down: Prev: RSI=70.95 vs SMA=65.39, Curr: RSI=63.52 vs SMA=67.07; RSI Entry Zone: RSI_SMA=65.39 > 60.0; Position Delay: Delay >= 12 candles";;"RSI-SMA Difference: RSI-SMA=11.20 >= 2.0; RSI Above 50: RSI=70.13 >= 50; SMA Not Increasing: SMA: 58.07 -> 58.93; No SMA Downtrend: SMA changes: ['0.865', '0.958', '0.836']";;;5m cross, 15m confirmed
ETH/USDT;Short;open;2025-08-04 01:35:00;2025-08-04 01:45:00;69,5657217355041;70,42920013127893;-0,863478395774834;69,33731187047235;60,38554096702404;8,951770903448306;10,411173603582624;3549,06;3549,06;Excellent;100.0%;196,0;50,0;125,0;3,0;10,0;8,0;0,0;88,68778280542986;Normal;1,165970906657211;1931,84062;1656,8514779999998;Optimal;1,1230759330889837;15,19679910828319;13,531408394163421;"RSI Cross SMA Down: Prev: RSI=71.45 vs SMA=69.89, Curr: RSI=69.57 vs SMA=70.43; RSI Entry Zone: RSI_SMA=69.89 > 60.0; Position Delay: Delay >= 12 candles";;"RSI-SMA Difference: RSI-SMA=8.95 >= 2.0; RSI Above 50: RSI=69.34 >= 50; SMA Not Increasing: SMA: 58.93 -> 60.39; No SMA Downtrend: SMA changes: ['1.453', '0.865', '0.958']";;;5m cross, 15m confirmed
ETH/USDT;Short;skip;2025-08-04 03:25:00;2025-08-04 03:35:00;60,497974954848154;64,3845006136807;-3,8865256588325465;67,0688390709894;65,92261152190237;1,1462275490870297;4,049932229328713;3562,89;3562,89;Excellent;100.0%;151,0;50,0;90,0;-5,0;10,0;10,0;-4,0;75,12437810945273;Low;0,42044573631520105;798,8341;1899,9695585000002;Optimal;1,053411751508998;15,770720673526736;14,971088608927507;"RSI Cross SMA Down: Prev: RSI=65.18 vs SMA=63.84, Curr: RSI=60.50 vs SMA=64.38; RSI Entry Zone: RSI_SMA=63.84 > 60.0; Position Delay: Delay >= 12 candles";;"RSI Above 50: RSI=67.07 >= 50; SMA Not Increasing: SMA: 64.77 -> 65.92; No SMA Downtrend: SMA changes: ['1.151', '0.909', '0.935']";RSI-SMA Difference: RSI-SMA=1.15 >= 2.0;RSI-SMA різниця 1.15 < 2.0;5m cross, 15m rejected
ETH/USDT;Long;open;2025-08-04 05:50:00;2025-08-04 06:00:00;40,566885164025614;36,282938600842655;4,283946563182958;48,66585199229018;58,70523281801088;-10,039380825720698;-13,097129731630249;3532,09;3532,09;Excellent;100.0%;194,0;50,0;125,0;-5,0;10,0;18,0;-4,0;87,78280542986425;Low;0,8487589092371027;1366,85905;1610,4208569999998;Optimal;0,905613182758357;13,207082046939957;14,58357972077354;"RSI Cross SMA Up: Prev: RSI=34.53 vs SMA=36.07, Curr: RSI=40.57 vs SMA=36.28; RSI Entry Zone: RSI_SMA=36.07 < 40.0; Position Delay: Delay >= 12 candles";;"SMA-RSI Difference: SMA-RSI=10.04 >= 2.0; RSI Below 50: RSI=48.67 <= 50; SMA Not Falling: SMA: 59.96 -> 58.71; No SMA Uptrend: SMA changes: ['-1.254', '-0.997', '-1.271']";;;5m cross, 15m confirmed
ETH/USDT;Long;open;2025-08-04 06:25:00;2025-08-04 06:35:00;43,4530718220318;39,39567927500855;4,057392547023255;47,19858570823343;55,560854386470844;-8,362268678237413;-9,393153226161507;3530,5;3530,5;Excellent;100.0%;206,0;50,0;125,0;3,0;10,0;18,0;0,0;93,21266968325791;Normal;1,1882826785572236;1860,87317;1566,018931;Optimal;0,9076580739701301;12,85238196904517;14,159937907926468;"RSI Cross SMA Up: Prev: RSI=38.56 vs SMA=38.65, Curr: RSI=43.45 vs SMA=39.40; RSI Entry Zone: RSI_SMA=38.65 < 40.0; Position Delay: Delay >= 12 candles";;"SMA-RSI Difference: SMA-RSI=8.36 >= 2.0; RSI Below 50: RSI=47.20 <= 50; SMA Not Falling: SMA: 57.40 -> 55.56; No SMA Uptrend: SMA changes: ['-1.835', '-1.310', '-1.254']";;;5m cross, 15m confirmed
ETH/USDT;Short;open;2025-08-04 08:20:00;2025-08-04 08:30:00;60,889749771553824;61,29434041766911;-0,40459064611528817;57,8130752339579;52,249259467007974;5,563815766949929;8,140850029840237;3557,13;3557,13;Excellent;100.0%;196,0;50,0;125,0;3,0;10,0;8,0;0,0;88,68778280542986;Normal;1,3726536430825187;2271,6519;1654,9345215;Optimal;0,9759493927279527;12,675733266649589;12,988105081164765;"RSI Cross SMA Down: Prev: RSI=65.61 vs SMA=61.19, Curr: RSI=60.89 vs SMA=61.29; RSI Entry Zone: RSI_SMA=61.19 > 60.0; Position Delay: Delay >= 12 candles";;"RSI-SMA Difference: RSI-SMA=5.56 >= 2.0; RSI Above 50: RSI=57.81 >= 50; SMA Not Increasing: SMA: 51.80 -> 52.25; No SMA Downtrend: SMA changes: ['0.454', '0.751', '-0.175']";;;5m cross, 15m confirmed
ETH/USDT;Short;open;2025-08-04 14:35:00;2025-08-04 14:45:00;71,1063695596212;78,64776091063368;-7,541391351012479;72,78331079747326;65,79309641655276;6,990214380920506;16,513257633912488;3644,78;3644,78;Excellent;100.0%;202,0;50,0;125,0;3,0;6,0;18,0;0,0;91,4027149321267;Normal;1,619979808893859;4252,63044;2625,113237;High;1,3294054447313504;17,98026486033205;13,52504228983773;"RSI Cross SMA Down: Prev: RSI=81.23 vs SMA=77.53, Curr: RSI=71.11 vs SMA=78.65; RSI Entry Zone: RSI_SMA=77.53 > 60.0; Position Delay: Delay >= 12 candles";;"RSI-SMA Difference: RSI-SMA=6.99 >= 2.0; RSI Above 50: RSI=72.78 >= 50; SMA Not Increasing: SMA: 64.71 -> 65.79; No SMA Downtrend: SMA changes: ['1.086', '2.162', '2.019']";;;5m cross, 15m confirmed
ETH/USDT;Short;skip;2025-08-04 17:15:00;2025-08-04 17:25:00;68,11702488930996;71,18295921334897;-3,065934324039006;71,9533391198958;76,57474524438855;-4,621406124492751;1,1963072511891681;3702,33;3702,33;Excellent;100.0%;182,0;50,0;90,0;8,0;10,0;24,0;0,0;90,54726368159204;High;2,1419609896822767;8206,31618;3831,2164505;Optimal;1,1054284453188974;20,094494417392788;18,17801459921349;"RSI Cross SMA Down: Prev: RSI=79.57 vs SMA=71.01, Curr: RSI=68.12 vs SMA=71.18; RSI Entry Zone: RSI_SMA=71.01 > 60.0; Position Delay: Delay >= 12 candles";;"RSI Above 50: RSI=71.95 >= 50; SMA Not Increasing: SMA: 77.14 -> 76.57; No SMA Downtrend: SMA changes: ['-0.563', '0.474', '1.393']";RSI-SMA Difference: RSI-SMA=-4.62 >= 2.0;RSI-SMA різниця -4.62 < 2.0;5m cross, 15m rejected
ETH/USDT;Short;open;2025-08-04 21:20:00;2025-08-04 21:30:00;58,33871284786959;61,88881310510726;-3,5501002572376734;69,63857832923469;63,2418529779287;6,396725351305989;5,2502844183613435;3707,1;3707,1;Excellent;100.0%;194,0;50,0;125,0;-5,0;10,0;18,0;-4,0;87,78280542986425;Low;1,1184056266512352;2740,29408;2450,1790895;Optimal;1,0190388678340419;17,68289799929796;17,352525558600924;"RSI Cross SMA Down: Prev: RSI=69.56 vs SMA=61.49, Curr: RSI=58.34 vs SMA=61.89; RSI Entry Zone: RSI_SMA=61.49 > 60.0; Position Delay: Delay >= 12 candles";;"RSI-SMA Difference: RSI-SMA=6.40 >= 2.0; RSI Above 50: RSI=69.64 >= 50; SMA Not Increasing: SMA: 62.96 -> 63.24; No SMA Downtrend: SMA changes: ['0.286', '0.258', '-0.425']";;;5m cross, 15m confirmed
ETH/USDT;Short;skip;2025-08-04 21:50:00;2025-08-04 22:00:00;59,17038345405125;63,37280853131789;-4,202425077266639;64,5945352668232;63,64706161844111;0,9474736483820934;5,2622311786960525;3715,59;3715,59;Excellent;100.0%;157,0;50,0;90,0;-5,0;10,0;16,0;-4,0;78,1094527363184;Low;0,5795221826849014;1340,06974;2312,3700525;Optimal;1,0360887323613177;17,874488581027315;17,251889749143515;"RSI Cross SMA Down: Prev: RSI=64.20 vs SMA=63.91, Curr: RSI=59.17 vs SMA=63.37; RSI Entry Zone: RSI_SMA=63.91 > 60.0; Position Delay: Delay >= 12 candles";;"RSI Above 50: RSI=64.59 >= 50; SMA Not Increasing: SMA: 63.81 -> 63.65; No SMA Downtrend: SMA changes: ['-0.158', '0.563', '0.286']";RSI-SMA Difference: RSI-SMA=0.95 >= 2.0;RSI-SMA різниця 0.95 < 2.0;5m cross, 15m rejected
ETH/USDT;Short;open;2025-08-04 22:15:00;2025-08-04 22:25:00;61,72325851746374;62,88409782971932;-1,1608393122555825;66,79192341967672;64,72593387856503;2,0659895411116906;2,7821560634405125;3725,47;3725,47;Excellent;100.0%;176,0;50,0;125,0;-5,0;10,0;0,0;-4,0;79,63800904977376;Low;1,0732688648554682;1994,96503;1858,7747165;Optimal;1,0273020903810999;17,670247807110304;17,200634528598247;"RSI Cross SMA Down: Prev: RSI=64.83 vs SMA=63.02, Curr: RSI=61.72 vs SMA=62.88; RSI Entry Zone: RSI_SMA=63.02 > 60.0; Position Delay: Delay >= 12 candles";;"RSI-SMA Difference: RSI-SMA=2.07 >= 2.0; RSI Above 50: RSI=66.79 >= 50; SMA Not Increasing: SMA: 64.31 -> 64.73; No SMA Downtrend: SMA changes: ['0.419', '0.660', '-0.158']";;;5m cross, 15m confirmed
ETH/USDT;Short;skip;2025-08-04 23:00:00;2025-08-04 23:10:00;58,216743056803814;61,29382747930777;-3,077084422503958;67,5269570195314;66,3507854988139;1,1761715207174888;2,4620785947567705;3727,25;3727,25;Excellent;100.0%;151,0;50,0;90,0;-5,0;10,0;10,0;-4,0;75,12437810945273;Low;0,7419323485285153;1358,04934;1830,422063;Optimal;0,9770333779282038;16,84036604672789;17,236223886678093;"RSI Cross SMA Down: Prev: RSI=64.27 vs SMA=61.36, Curr: RSI=58.22 vs SMA=61.29; RSI Entry Zone: RSI_SMA=61.36 > 60.0; Position Delay: Delay >= 12 candles";;"RSI Above 50: RSI=67.53 >= 50; SMA Not Increasing: SMA: 65.58 -> 66.35; No SMA Downtrend: SMA changes: ['0.774', '0.457', '0.394']";RSI-SMA Difference: RSI-SMA=1.18 >= 2.0;RSI-SMA різниця 1.18 < 2.0;5m cross, 15m rejected
ETH/USDT;Long;open;2025-08-05 01:20:00;2025-08-05 01:30:00;42,31386841274254;40,02053268523332;2,2933357275092234;49,46585067382054;58,910570385545334;-9,444719711724794;-11,297663509362232;3697,91;3697,91;Excellent;100.0%;184,0;50,0;125,0;-5,0;10,0;8,0;-4,0;83,2579185520362;Low;0,6710857985852128;1179,77153;1758,0040175000001;Optimal;0,9309473459967481;15,194436034956231;16,321477364208853;"RSI Cross SMA Up: Prev: RSI=36.81 vs SMA=39.79, Curr: RSI=42.31 vs SMA=40.02; RSI Entry Zone: RSI_SMA=39.79 < 40.0; Position Delay: Delay >= 12 candles";;"SMA-RSI Difference: SMA-RSI=9.44 >= 2.0; RSI Below 50: RSI=49.47 <= 50; SMA Not Falling: SMA: 59.99 -> 58.91; No SMA Uptrend: SMA changes: ['-1.081', '-1.721', '-1.467']";;;5m cross, 15m confirmed
ETH/USDT;Long;open;2025-08-05 02:45:00;2025-08-05 02:55:00;42,02250940286411;34,338161846281125;7,684347556582985;42,896073127393436;47,81106325699902;-4,9149901296055845;-9,595745767292884;3680,93;3680,93;Excellent;100.0%;194,0;50,0;125,0;-5,0;10,0;18,0;-4,0;87,78280542986425;Low;0,6932797356347108;1043,93923;1505,7979865000002;Optimal;0,8943735264348508;13,481843155202496;15,074063304337486;"RSI Cross SMA Up: Prev: RSI=31.46 vs SMA=34.09, Curr: RSI=42.02 vs SMA=34.34; RSI Entry Zone: RSI_SMA=34.09 < 40.0; Position Delay: Delay >= 12 candles";;"SMA-RSI Difference: SMA-RSI=4.91 >= 2.0; RSI Below 50: RSI=42.90 <= 50; SMA Not Falling: SMA: 49.23 -> 47.81; No SMA Uptrend: SMA changes: ['-1.415', '-2.102', '-2.191']";;;5m cross, 15m confirmed
ETH/USDT;Long;skip;2025-08-05 04:05:00;2025-08-05 04:15:00;45,282063422605006;33,22687423712831;12,0551891854767;41,4332185398993;40,716160301704655;0,717058238194646;-6,6596540535351165;3660,94;3660,94;Excellent;100.0%;151,0;50,0;90,0;-5,0;10,0;10,0;-4,0;75,12437810945273;Low;1,1189123744883895;1609,54786;1438,493216;Optimal;0,9851735081139442;14,178147127358754;14,391522925237778;"RSI Cross SMA Up: Prev: RSI=29.87 vs SMA=33.10, Curr: RSI=45.28 vs SMA=33.23; RSI Entry Zone: RSI_SMA=33.10 < 40.0; Position Delay: Delay >= 12 candles";;"RSI Below 50: RSI=41.43 <= 50; SMA Not Falling: SMA: 41.46 -> 40.72; No SMA Uptrend: SMA changes: ['-0.748', '-1.289', '-1.426']";SMA-RSI Difference: SMA-RSI=-0.72 >= 2.0;SMA-RSI diff -0.72 < 2.0;5m cross, 15m rejected
ETH/USDT;Long;open;2025-08-05 04:45:00;2025-08-05 04:55:00;40,209408810226854;38,84555198219244;1,3638568280344145;35,183878104741154;37,85779231055191;-2,6739142058107532;-3,3009252519822;3650,0;3650,0;Excellent;100.0%;176,0;50,0;125,0;-5,0;10,0;0,0;-4,0;79,63800904977376;Low;0,5916678065097438;867,60261;1466,3677835;Optimal;0,941425259063187;13,2247409762417;14,04757398309203;"RSI Cross SMA Up: Prev: RSI=37.96 vs SMA=38.14, Curr: RSI=40.21 vs SMA=38.85; RSI Entry Zone: RSI_SMA=38.14 < 40.0; Position Delay: Delay >= 12 candles";;"SMA-RSI Difference: SMA-RSI=2.67 >= 2.0; RSI Below 50: RSI=35.18 <= 50; SMA Not Falling: SMA: 38.88 -> 37.86; No SMA Uptrend: SMA changes: ['-1.020', '-0.993', '-0.845']";;;5m cross, 15m confirmed
ETH/USDT;Long;skip;2025-08-05 05:00:00;2025-08-05 05:10:00;48,28043262794239;40,912854222178325;7,367578405764064;40,36596500832484;37,29737065647724;3,068594351847601;-1,4089040474662273;3657,27;3657,27;Excellent;100.0%;159,0;50,0;90,0;-5,0;10,0;18,0;-4,0;79,1044776119403;Low;0,6332101707073208;875,26218;1382,2617205000001;Optimal;0,9397352796623645;13,089402335081573;13,928818698585454;"RSI Cross SMA Up: Prev: RSI=39.64 vs SMA=39.84, Curr: RSI=48.28 vs SMA=40.91; RSI Entry Zone: RSI_SMA=39.84 < 40.0; Position Delay: Delay >= 12 candles";;"RSI Below 50: RSI=40.37 <= 50; SMA Not Falling: SMA: 37.86 -> 37.30; No SMA Uptrend: SMA changes: ['-0.560', '-1.020', '-0.993']";SMA-RSI Difference: SMA-RSI=-3.07 >= 2.0;SMA-RSI diff -3.07 < 2.0;5m cross, 15m rejected
ETH/USDT;Long;skip;2025-08-05 08:15:00;2025-08-05 08:25:00;39,663712648603706;33,89287124528351;5,770841403320198;38,65512360802315;39,53772832227218;-0,8826047142490268;-7,542945166593012;3621,32;3621,32;Excellent;100.0%;157,0;50,0;90,0;-5,0;10,0;16,0;-4,0;78,1094527363184;Low;1,0291517554355647;1671,42256;1624,07784;Optimal;1,1527712672359485;15,995517226776183;13,875707767360783;"RSI Cross SMA Up: Prev: RSI=32.51 vs SMA=33.97, Curr: RSI=39.66 vs SMA=33.89; RSI Entry Zone: RSI_SMA=33.97 < 40.0; Position Delay: Delay >= 12 candles";;"RSI Below 50: RSI=38.66 <= 50; SMA Not Falling: SMA: 39.29 -> 39.54; No SMA Uptrend: SMA changes: ['0.248', '-0.405', '-0.615']";SMA-RSI Difference: SMA-RSI=0.88 >= 2.0;SMA-RSI diff 0.88 < 2.0;5m cross, 15m rejected
ETH/USDT;Short;open;2025-08-05 10:45:00;2025-08-05 10:55:00;68,31369569945956;69,31916462632333;-1,0054689268637702;62,53131263122363;46,45216865576344;16,07914397546019;18,660474587483254;3683,51;3683,51;Excellent;100.0%;184,0;50,0;125,0;-5,0;10,0;8,0;-4,0;83,2579185520362;Low;0,45246747082659333;829,26765;1832,7674439999998;Optimal;0,9666327631620057;14,86027082422915;15,373233135217658;"RSI Cross SMA Down: Prev: RSI=73.73 vs SMA=68.88, Curr: RSI=68.31 vs SMA=69.32; RSI Entry Zone: RSI_SMA=68.88 > 60.0; Position Delay: Delay >= 12 candles";;"RSI-SMA Difference: RSI-SMA=16.08 >= 2.0; RSI Above 50: RSI=62.53 >= 50; SMA Not Increasing: SMA: 44.52 -> 46.45; No SMA Downtrend: SMA changes: ['1.937', '1.897', '1.498']";;;5m cross, 15m confirmed
ETH/USDT;Long;open;2025-08-05 13:15:00;2025-08-05 13:25:00;42,72940155493488;38,248542443581464;4,480859111353418;42,734483550422254;52,34986179452924;-9,615378244106985;-14,897564830160007;3635,1;3635,1;Excellent;100.0%;194,0;50,0;125,0;-5,0;10,0;18,0;-4,0;87,78280542986425;Low;1,1351570405841394;2051,92427;1807,6126885;Optimal;1,1505314292193904;18,4812708034176;16,06324723867537;"RSI Cross SMA Up: Prev: RSI=32.91 vs SMA=38.91, Curr: RSI=42.73 vs SMA=38.25; RSI Entry Zone: RSI_SMA=38.91 < 40.0; Position Delay: Delay >= 12 candles";;"SMA-RSI Difference: SMA-RSI=9.62 >= 2.0; RSI Below 50: RSI=42.73 <= 50; SMA Not Falling: SMA: 53.23 -> 52.35; No SMA Uptrend: SMA changes: ['-0.877', '-1.302', '-0.799']";;;5m cross, 15m confirmed
ETH/USDT;Long;open;2025-08-05 14:55:00;2025-08-05 15:05:00;36,48160055229661;34,575288059847416;1,9063124924491959;31,203456073080304;42,00899889147666;-10,805542818396354;-14,409233695661973;3578,03;3578,03;Excellent;100.0%;196,0;50,0;125,0;3,0;10,0;8,0;0,0;88,68778280542986;Normal;1,42794761086507;4465,88845;3127,4876025;Optimal;1,1934793629022917;22,275721293499775;18,664521554298087;"RSI Cross SMA Up: Prev: RSI=28.93 vs SMA=35.89, Curr: RSI=36.48 vs SMA=34.58; RSI Entry Zone: RSI_SMA=35.89 < 40.0; Position Delay: Delay >= 12 candles";;"SMA-RSI Difference: SMA-RSI=10.81 >= 2.0; RSI Below 50: RSI=31.20 <= 50; SMA Not Falling: SMA: 44.13 -> 42.01; No SMA Uptrend: SMA changes: ['-2.121', '-2.041', '-2.335']";;;5m cross, 15m confirmed
ETH/USDT;Long;skip;2025-08-05 15:50:00;2025-08-05 16:00:00;37,998369436092865;36,70194081531919;1,2964286207736748;34,39722543937475;36,143707135199726;-1,7464816958249756;-4,73766427106235;3565,16;3565,16;Excellent;100.0%;141,0;50,0;90,0;-5,0;10,0;0,0;-4,0;70,1492537313433;Low;0,8447899093701163;2930,33094;3468,7096845;Optimal;1,0870336934580247;22,68692669366015;20,870490795450394;"RSI Cross SMA Up: Prev: RSI=33.58 vs SMA=35.98, Curr: RSI=38.00 vs SMA=36.70; RSI Entry Zone: RSI_SMA=35.98 < 40.0; Position Delay: Delay >= 12 candles";;"RSI Below 50: RSI=34.40 <= 50; SMA Not Falling: SMA: 37.05 -> 36.14; No SMA Uptrend: SMA changes: ['-0.902', '-1.923', '-1.645']";SMA-RSI Difference: SMA-RSI=1.75 >= 2.0;SMA-RSI diff 1.75 < 2.0;5m cross, 15m rejected
ETH/USDT;Short;open;2025-08-05 23:50:00;2025-08-06 00:00:00;60,055541690033564;64,48688373398195;-4,431342043948391;58,46118235922378;50,826556399102124;7,634625960121653;10,681212434882276;3611,65;3611,65;Excellent;100.0%;194,0;50,0;125,0;-5,0;10,0;18,0;-4,0;87,78280542986425;Low;0,6515958499809366;921,9035;1414,8394285;Optimal;0,9320742966883652;15,495876237595965;16,625151334665482;"RSI Cross SMA Down: Prev: RSI=65.47 vs SMA=64.33, Curr: RSI=60.06 vs SMA=64.49; RSI Entry Zone: RSI_SMA=64.33 > 60.0; Position Delay: Delay >= 12 candles";;"RSI-SMA Difference: RSI-SMA=7.63 >= 2.0; RSI Above 50: RSI=58.46 >= 50; SMA Not Increasing: SMA: 50.29 -> 50.83; No SMA Downtrend: SMA changes: ['0.535', '1.174', '1.532']";;;5m cross, 15m confirmed
ETH/USDT;Long;open;2025-08-06 01:35:00;2025-08-06 01:45:00;40,50202382872765;39,96921606148267;0,5328077672449822;45,145056647755304;51,53081866036771;-6,385762012612403;-7,779947454323694;3574,5;3574,5;Excellent;100.0%;202,0;50,0;125,0;3,0;10,0;14,0;0,0;91,4027149321267;Normal;1,2070183555290053;1761,35132;1459,2581065;Optimal;1,0388026415137228;16,66173521283085;16,039365464600372;"RSI Cross SMA Up: Prev: RSI=37.90 vs SMA=39.97, Curr: RSI=40.50 vs SMA=39.97; RSI Entry Zone: RSI_SMA=39.97 < 40.0; Position Delay: Delay >= 12 candles";;"SMA-RSI Difference: SMA-RSI=6.39 >= 2.0; RSI Below 50: RSI=45.15 <= 50; SMA Not Falling: SMA: 51.51 -> 51.53; No SMA Uptrend: SMA changes: ['0.025', '-0.268', '-0.004']";;;5m cross, 15m confirmed
ETH/USDT;Short;open;2025-08-06 05:50:00;2025-08-06 06:00:00;63,97539289892355;64,63206627535637;-0,6566733764328134;65,42830527127035;52,10289213968076;13,325413131589585;15,985926586393076;3635,51;3635,51;Excellent;100.0%;201,0;50,0;125,0;8,0;10,0;8,0;0,0;90,9502262443439;High;1,8435585344944776;3149,93441;1708,6164345000002;Optimal;1,1893386884817116;18,767013816396666;15,779368819116025;"RSI Cross SMA Down: Prev: RSI=70.81 vs SMA=63.12, Curr: RSI=63.98 vs SMA=64.63; RSI Entry Zone: RSI_SMA=63.12 > 60.0; Position Delay: Delay >= 12 candles";;"RSI-SMA Difference: RSI-SMA=13.33 >= 2.0; RSI Above 50: RSI=65.43 >= 50; SMA Not Increasing: SMA: 50.87 -> 52.10; No SMA Downtrend: SMA changes: ['1.229', '1.707', '1.031']";;;5m cross, 15m confirmed
ETH/USDT;Short;open;2025-08-06 06:50:00;2025-08-06 07:00:00;59,12709488353264;59,32138155733798;-0,19428667380533682;60,72864532578539;55,29888102370344;5,429764302081956;6,013352892244863;3636,55;3636,55;Excellent;100.0%;184,0;50,0;125,0;-5,0;10,0;8,0;-4,0;83,2579185520362;Low;0,8165578297501808;1366,72738;1673,766793;Optimal;1,1136769009469238;18,325857757447555;16,455273286054208;"RSI Cross SMA Down: Prev: RSI=63.93 vs SMA=60.26, Curr: RSI=59.13 vs SMA=59.32; RSI Entry Zone: RSI_SMA=60.26 > 60.0; Position Delay: Delay >= 12 candles";;"RSI-SMA Difference: RSI-SMA=5.43 >= 2.0; RSI Above 50: RSI=60.73 >= 50; SMA Not Increasing: SMA: 54.15 -> 55.30; No SMA Downtrend: SMA changes: ['1.147', '0.981', '0.496']";;;5m cross, 15m confirmed
ETH/USDT;Long;open;2025-08-06 13:10:00;2025-08-06 13:20:00;41,041632416892504;35,609548158360546;5,432084258531958;39,90643750514539;46,7698818555553;-6,863444350409907;-10,388603646545327;3592,86;3592,86;Excellent;100.0%;206,0;50,0;125,0;3,0;10,0;18,0;0,0;93,21266968325791;Normal;1,171441320196528;1923,34993;1641,866218;Optimal;1,000940696374957;15,307557706536894;15,293171475568231;"RSI Cross SMA Up: Prev: RSI=31.62 vs SMA=36.29, Curr: RSI=41.04 vs SMA=35.61; RSI Entry Zone: RSI_SMA=36.29 < 40.0; Position Delay: Delay >= 12 candles";;"SMA-RSI Difference: SMA-RSI=6.86 >= 2.0; RSI Below 50: RSI=39.91 <= 50; SMA Not Falling: SMA: 47.60 -> 46.77; No SMA Uptrend: SMA changes: ['-0.828', '-1.433', '-1.358']";;;5m cross, 15m confirmed
ETH/USDT;Short;open;2025-08-06 16:10:00;2025-08-06 16:20:00;60,827970519287845;66,04667386726278;-5,218703347974937;61,65663014627383;51,464178974464815;10,192451171809012;14,947160923633804;3650,77;3650,77;Excellent;100.0%;211,0;50,0;125,0;8,0;10,0;18,0;0,0;95,47511312217195;High;2,4640241311590128;6091,6802;2472,2485964999996;Optimal;1,1573450559099419;20,176584626003116;17,433508289487303;"RSI Cross SMA Down: Prev: RSI=69.30 vs SMA=66.05, Curr: RSI=60.83 vs SMA=66.05; RSI Entry Zone: RSI_SMA=66.05 > 60.0; Position Delay: Delay >= 12 candles";;"RSI-SMA Difference: RSI-SMA=10.19 >= 2.0; RSI Above 50: RSI=61.66 >= 50; SMA Not Increasing: SMA: 49.75 -> 51.46; No SMA Downtrend: SMA changes: ['1.711', '2.097', '1.821']";;;5m cross, 15m confirmed
ETH/USDT;Short;skip;2025-08-06 18:20:00;2025-08-06 18:30:00;60,16872943660487;65,71282291800317;-5,544093481398299;65,00647845665631;63,07112999846851;1,9353484581878035;7,26909580222708;3679,38;3679,38;Excellent;100.0%;151,0;50,0;90,0;-5,0;10,0;10,0;-4,0;75,12437810945273;Low;1,0825172601761397;3225,28383;2979,429473;Optimal;0,9867917605061186;18,617070373153354;18,866260459658466;"RSI Cross SMA Down: Prev: RSI=68.64 vs SMA=65.18, Curr: RSI=60.17 vs SMA=65.71; RSI Entry Zone: RSI_SMA=65.18 > 60.0; Position Delay: Delay >= 12 candles";;"RSI Above 50: RSI=65.01 >= 50; SMA Not Increasing: SMA: 62.85 -> 63.07; No SMA Downtrend: SMA changes: ['0.219', '1.624', '1.775']";RSI-SMA Difference: RSI-SMA=1.94 >= 2.0;RSI-SMA різниця 1.94 < 2.0;5m cross, 15m rejected
ETH/USDT;Long;open;2025-08-07 03:30:00;2025-08-07 03:40:00;38,80919808363358;38,754189414432176;0,055008669201406235;45,532456644317456;49,947679662029756;-4,4152230177123;-7,863168505619591;3655,98;3655,98;Excellent;100.0%;184,0;50,0;125,0;-5,0;10,0;8,0;-4,0;83,2579185520362;Low;0,4163504716603788;619,97275;1489,0646035000002;Optimal;1,0017755437726188;13,391012275310263;13,367278087944351;"RSI Cross SMA Up: Prev: RSI=38.34 vs SMA=38.99, Curr: RSI=38.81 vs SMA=38.75; RSI Entry Zone: RSI_SMA=38.99 < 40.0; Position Delay: Delay >= 12 candles";;"SMA-RSI Difference: SMA-RSI=4.42 >= 2.0; RSI Below 50: RSI=45.53 <= 50; SMA Not Falling: SMA: 50.42 -> 49.95; No SMA Uptrend: SMA changes: ['-0.470', '-1.220', '-1.279']";;;5m cross, 15m confirmed
ETH/USDT;Short;open;2025-08-07 06:25:00;2025-08-07 06:35:00;58,61998554166734;68,7767377739214;-10,156752232254057;57,64550688333565;50,48850863983083;7,156998243504816;12,474040017630175;3688,33;3688,33;Excellent;100.0%;206,0;50,0;125,0;3,0;10,0;18,0;0,0;93,21266968325791;Normal;1,5173676578522837;1634,60535;1077,2638665;Optimal;0,9821433242661105;12,287535465128226;12,5109392504499;"RSI Cross SMA Down: Prev: RSI=69.46 vs SMA=68.67, Curr: RSI=58.62 vs SMA=68.78; RSI Entry Zone: RSI_SMA=68.67 > 60.0; Position Delay: Delay >= 12 candles";;"RSI-SMA Difference: RSI-SMA=7.16 >= 2.0; RSI Above 50: RSI=57.65 >= 50; SMA Not Increasing: SMA: 49.45 -> 50.49; No SMA Downtrend: SMA changes: ['1.040', '1.726', '0.902']";;;5m cross, 15m confirmed
ETH/USDT;Short;open;2025-08-07 06:50:00;2025-08-07 07:00:00;61,098494573326825;68,37189522495548;-7,273400651628656;60,48997636898001;53,215608142340876;7,274368226639133;7,700077297866531;3698,0;3698,0;Excellent;100.0%;211,0;50,0;125,0;8,0;10,0;18,0;0,0;95,47511312217195;High;1,8272242668828433;1790,41549;979,8553589999999;Optimal;1,0190059971657572;12,498436191870749;12,265321525715892;"RSI Cross SMA Down: Prev: RSI=69.33 vs SMA=68.64, Curr: RSI=61.10 vs SMA=68.37; RSI Entry Zone: RSI_SMA=68.64 > 60.0; Position Delay: Delay >= 12 candles";;"RSI-SMA Difference: RSI-SMA=7.27 >= 2.0; RSI Above 50: RSI=60.49 >= 50; SMA Not Increasing: SMA: 51.90 -> 53.22; No SMA Downtrend: SMA changes: ['1.313', '1.414', '1.040']";;;5m cross, 15m confirmed
ETH/USDT;Short;open;2025-08-07 07:25:00;2025-08-07 07:35:00;60,42162122299988;62,92150909350885;-2,499887870508971;64,0146401147046;55,97103047302073;8,043609641683872;8,10985123956673;3704,05;3704,05;Excellent;100.0%;184,0;50,0;125,0;-5,0;10,0;8,0;-4,0;83,2579185520362;Low;1,0846510052044582;1047,16186;965,4366750000002;Optimal;1,0156226645784552;12,345641410337535;12,155736417581547;"RSI Cross SMA Down: Prev: RSI=64.82 vs SMA=63.46, Curr: RSI=60.42 vs SMA=62.92; RSI Entry Zone: RSI_SMA=63.46 > 60.0; Position Delay: Delay >= 12 candles";;"RSI-SMA Difference: RSI-SMA=8.04 >= 2.0; RSI Above 50: RSI=64.01 >= 50; SMA Not Increasing: SMA: 54.50 -> 55.97; No SMA Downtrend: SMA changes: ['1.471', '1.284', '1.313']";;;5m cross, 15m confirmed
ETH/USDT;Short;open;2025-08-07 08:35:00;2025-08-07 08:45:00;61,79867346911752;61,80249867623286;-0,003825207115340845;65,09310585826194;62,32677651289263;2,766329345369307;7,10621749808534;3718,76;3718,76;Excellent;100.0%;188,0;50,0;125,0;3,0;10,0;0,0;0,0;85,06787330316742;Normal;1,165243490443406;1456,67074;1250,0998734999998;Optimal;1,0196625574903817;12,362703851387153;12,124308930019497;"RSI Cross SMA Down: Prev: RSI=62.48 vs SMA=61.70, Curr: RSI=61.80 vs SMA=61.80; RSI Entry Zone: RSI_SMA=61.70 > 60.0; Position Delay: Delay >= 12 candles";;"RSI-SMA Difference: RSI-SMA=2.77 >= 2.0; RSI Above 50: RSI=65.09 >= 50; SMA Not Increasing: SMA: 61.16 -> 62.33; No SMA Downtrend: SMA changes: ['1.163', '1.746', '1.545']";;;5m cross, 15m confirmed
ETH/USDT;Short;skip;2025-08-07 09:05:00;2025-08-07 09:15:00;61,317383640934636;64,46302344329801;-3,1456398023633767;62,81848263807323;63,58981612756931;-0,7713334894960795;1,7140219879096914;3723,04;3723,04;Excellent;100.0%;163,0;50,0;90,0;3,0;10,0;10,0;0,0;81,09452736318407;Normal;1,164562347853706;1705,7257;1464,6924685;Optimal;1,007749449834152;12,2971783208389;12,202614769834586;"RSI Cross SMA Down: Prev: RSI=67.51 vs SMA=64.19, Curr: RSI=61.32 vs SMA=64.46; RSI Entry Zone: RSI_SMA=64.19 > 60.0; Position Delay: Delay >= 12 candles";;"RSI Above 50: RSI=62.82 >= 50; SMA Not Increasing: SMA: 63.09 -> 63.59; No SMA Downtrend: SMA changes: ['0.501', '0.762', '1.163']";RSI-SMA Difference: RSI-SMA=-0.77 >= 2.0;RSI-SMA різниця -0.77 < 2.0;5m cross, 15m rejected
ETH/USDT;Short;open;2025-08-07 09:45:00;2025-08-07 09:55:00;56,688276198056414;59,8012315150166;-3,112955316960189;68,83484440800146;64,83130334183389;4,003541066167571;3,2102653033549537;3723,81;3723,81;Excellent;100.0%;194,0;50,0;125,0;-5,0;10,0;18,0;-4,0;87,78280542986425;Low;0,6858251109163319;1088,41933;1587,021695;Optimal;0,9758221184394477;11,925601592887437;12,221081452794976;"RSI Cross SMA Down: Prev: RSI=62.50 vs SMA=60.17, Curr: RSI=56.69 vs SMA=59.80; RSI Entry Zone: RSI_SMA=60.17 > 60.0; Position Delay: Delay >= 12 candles";;"RSI-SMA Difference: RSI-SMA=4.00 >= 2.0; RSI Above 50: RSI=68.83 >= 50; SMA Not Increasing: SMA: 64.03 -> 64.83; No SMA Downtrend: SMA changes: ['0.799', '0.063', '0.379']";;;5m cross, 15m confirmed
ETH/USDT;Short;open;2025-08-07 11:00:00;2025-08-07 11:10:00;76,05015429103337;77,38919714926688;-1,3390428582335119;79,37578562155383;72,3224362283311;7,053349393222732;12,092174168576102;3818,0;3818,0;Excellent;100.0%;184,0;50,0;125,0;-5,0;10,0;8,0;-4,0;83,2579185520362;Low;1,0469630989153158;3013,47539;2878,301435;Optimal;1,2309494525401175;16,90176548876205;13,730673874450753;"RSI Cross SMA Down: Prev: RSI=78.72 vs SMA=76.16, Curr: RSI=76.05 vs SMA=77.39; RSI Entry Zone: RSI_SMA=76.16 > 60.0; Position Delay: Delay >= 12 candles";;"RSI-SMA Difference: RSI-SMA=7.05 >= 2.0; RSI Above 50: RSI=79.38 >= 50; SMA Not Increasing: SMA: 71.01 -> 72.32; No SMA Downtrend: SMA changes: ['1.317', '1.524', '1.489']";;;5m cross, 15m confirmed
ETH/USDT;Short;open;2025-08-07 11:55:00;2025-08-07 12:05:00;68,82011568089546;73,07628877449886;-4,256173093603408;80,91936210884883;75,32724321148919;5,59211889735964;6,654462027811036;3826,9;3826,9;Excellent;100.0%;206,0;50,0;125,0;3,0;10,0;18,0;0,0;93,21266968325791;Normal;1,1804385969585538;3712,36203;3144,9005815;Optimal;1,1625041188801164;17,191566610353586;14,788391998915982;"RSI Cross SMA Down: Prev: RSI=75.67 vs SMA=73.65, Curr: RSI=68.82 vs SMA=73.08; RSI Entry Zone: RSI_SMA=73.65 > 60.0; Position Delay: Delay >= 12 candles";;"RSI-SMA Difference: RSI-SMA=5.59 >= 2.0; RSI Above 50: RSI=80.92 >= 50; SMA Not Increasing: SMA: 74.64 -> 75.33; No SMA Downtrend: SMA changes: ['0.684', '1.002', '1.319']";;;5m cross, 15m confirmed
ETH/USDT;Short;open;2025-08-07 12:20:00;2025-08-07 12:30:00;67,80614142870861;71,68571310010734;-3,879571671398722;82,39899577386458;77,68627097602209;4,7127247978424975;5,243022740570808;3831,56;3831,56;Excellent;100.0%;211,0;50,0;125,0;8,0;10,0;18,0;0,0;95,47511312217195;High;1,9114296154556738;6729,89364;3520,869189;Optimal;1,0834899881196551;16,71721814872324;15,429047182738783;"RSI Cross SMA Down: Prev: RSI=72.86 vs SMA=71.82, Curr: RSI=67.81 vs SMA=71.69; RSI Entry Zone: RSI_SMA=71.82 > 60.0; Position Delay: Delay >= 12 candles";;"RSI-SMA Difference: RSI-SMA=4.71 >= 2.0; RSI Above 50: RSI=82.40 >= 50; SMA Not Increasing: SMA: 76.53 -> 77.69; No SMA Downtrend: SMA changes: ['1.155', '1.204', '0.684']";;;5m cross, 15m confirmed
ETH/USDT;Short;open;2025-08-07 12:45:00;2025-08-07 12:55:00;63,14694387414748;71,03482024254528;-7,887876368397798;84,2781425941064;80,4568145950386;3,8213279990678046;4,255309846061621;3834,83;3834,83;Excellent;100.0%;194,0;50,0;125,0;-5,0;10,0;18,0;-4,0;87,78280542986425;Low;0,7979404527912927;2947,38011;3693,7344130000006;Optimal;1,043047208367973;16,738009526195025;16,04722144109328;"RSI Cross SMA Down: Prev: RSI=72.99 vs SMA=71.56, Curr: RSI=63.15 vs SMA=71.03; RSI Entry Zone: RSI_SMA=71.56 > 60.0; Position Delay: Delay >= 12 candles";;"RSI-SMA Difference: RSI-SMA=3.82 >= 2.0; RSI Above 50: RSI=84.28 >= 50; SMA Not Increasing: SMA: 79.16 -> 80.46; No SMA Downtrend: SMA changes: ['1.301', '1.469', '1.155']";;;5m cross, 15m confirmed
ETH/USDT;Short;skip;2025-08-07 13:00:00;2025-08-07 13:10:00;65,31985794313167;69,69492293205454;-4,3750649889228725;78,92446584272952;81,26794439705714;-2,3434785543276178;1,9032420620049162;3844,48;3844,48;Excellent;100.0%;151,0;50,0;90,0;-5,0;10,0;10,0;-4,0;75,12437810945273;Low;0,703988176644316;2555,80783;3630,4698215;Optimal;1,0189635264680923;16,691008845752517;16,380379093260093;"RSI Cross SMA Down: Prev: RSI=70.60 vs SMA=70.43, Curr: RSI=65.32 vs SMA=69.69; RSI Entry Zone: RSI_SMA=70.43 > 60.0; Position Delay: Delay >= 12 candles";;"RSI Above 50: RSI=78.92 >= 50; SMA Not Increasing: SMA: 80.46 -> 81.27; No SMA Downtrend: SMA changes: ['0.811', '1.301', '1.469']";RSI-SMA Difference: RSI-SMA=-2.34 >= 2.0;RSI-SMA різниця -2.34 < 2.0;5m cross, 15m rejected
ETH/USDT;Short;skip;2025-08-07 14:00:00;2025-08-07 14:10:00;59,83308407270777;62,412964992851606;-2,579880920143836;62,38640000130752;79,16753028228938;-16,781130280981856;-8,051371373323414;3852,24;3852,24;Excellent;100.0%;155,0;50,0;90,0;-5,0;10,0;14,0;-4,0;77,11442786069652;Low;0,7531484807290318;2961,13811;3931,6790590000005;Optimal;1,104158175995626;18,98232152341571;17,19166867219838;"RSI Cross SMA Down: Prev: RSI=65.03 vs SMA=63.12, Curr: RSI=59.83 vs SMA=62.41; RSI Entry Zone: RSI_SMA=63.12 > 60.0; Position Delay: Delay >= 12 candles";;"RSI Above 50: RSI=62.39 >= 50; SMA Not Increasing: SMA: 80.74 -> 79.17; No SMA Downtrend: SMA changes: ['-1.569', '-0.432', '-0.338']";RSI-SMA Difference: RSI-SMA=-16.78 >= 2.0;RSI-SMA різниця -16.78 < 2.0;5m cross, 15m rejected
ETH/USDT;Short;open;2025-08-07 20:00:00;2025-08-07 20:10:00;62,33052243671266;63,9435756060787;-1,6130531693660402;62,43768869388982;56,31786540741941;6,119823286470407;9,701929851624223;3856,24;3856,24;Excellent;100.0%;184,0;50,0;125,0;-5,0;10,0;8,0;-4,0;83,2579185520362;Low;0,9626775331271628;2547,34352;2646,1025965;Optimal;0,9592174385604791;17,44643711874354;18,188198439058645;"RSI Cross SMA Down: Prev: RSI=73.13 vs SMA=63.22, Curr: RSI=62.33 vs SMA=63.94; RSI Entry Zone: RSI_SMA=63.22 > 60.0; Position Delay: Delay >= 12 candles";;"RSI-SMA Difference: RSI-SMA=6.12 >= 2.0; RSI Above 50: RSI=62.44 >= 50; SMA Not Increasing: SMA: 55.25 -> 56.32; No SMA Downtrend: SMA changes: ['1.065', '0.636', '0.209']";;;5m cross, 15m confirmed
ETH/USDT;Short;open;2025-08-07 20:40:00;2025-08-07 20:50:00;64,31380578013196;67,11791923092854;-2,804113450796578;65,21963454438566;58,2740194279029;6,945615116482756;6,845963759001037;3865,74;3865,74;Excellent;100.0%;184,0;50,0;125,0;-5,0;10,0;8,0;-4,0;83,2579185520362;Low;0,46779433421841643;1185,807;2534,8896154999998;Optimal;0,9449476548153516;16,807336087079886;17,78652605933409;"RSI Cross SMA Down: Prev: RSI=67.55 vs SMA=67.14, Curr: RSI=64.31 vs SMA=67.12; RSI Entry Zone: RSI_SMA=67.14 > 60.0; Position Delay: Delay >= 12 candles";;"RSI-SMA Difference: RSI-SMA=6.95 >= 2.0; RSI Above 50: RSI=65.22 >= 50; SMA Not Increasing: SMA: 57.29 -> 58.27; No SMA Downtrend: SMA changes: ['0.981', '0.975', '1.065']";;;5m cross, 15m confirmed
ETH/USDT;Short;open;2025-08-07 21:05:00;2025-08-07 21:15:00;61,611195769710534;65,06615832899051;-3,454962559279977;63,5391319814648;59,76961133193944;3,7695206495253615;6,409097511537143;3868,35;3868,35;Excellent;100.0%;194,0;50,0;125,0;-5,0;10,0;18,0;-4,0;87,78280542986425;Low;0,7374357944049784;1885,21731;2556,4494215;Optimal;0,961851066416159;16,78913162610457;17,45502210509637;"RSI Cross SMA Down: Prev: RSI=68.61 vs SMA=65.89, Curr: RSI=61.61 vs SMA=65.07; RSI Entry Zone: RSI_SMA=65.89 > 60.0; Position Delay: Delay >= 12 candles";;"RSI-SMA Difference: RSI-SMA=3.77 >= 2.0; RSI Above 50: RSI=63.54 >= 50; SMA Not Increasing: SMA: 59.31 -> 59.77; No SMA Downtrend: SMA changes: ['0.458', '1.037', '0.981']";;;5m cross, 15m confirmed
ETH/USDT;Short;skip;2025-08-07 22:35:00;2025-08-07 22:45:00;56,26048364803119;60,56956425251439;-4,309080604483199;66,37055630283459;64,63394123840553;1,7366150644290599;2,849569772653856;3878,78;3878,78;Excellent;100.0%;151,0;50,0;90,0;-5,0;10,0;10,0;-4,0;75,12437810945273;Low;0,8184538405815575;1658,22148;2026,0415404999999;Optimal;0,9558628480151801;16,00634289484321;16,745438875545684;"RSI Cross SMA Down: Prev: RSI=63.93 vs SMA=61.01, Curr: RSI=56.26 vs SMA=60.57; RSI Entry Zone: RSI_SMA=61.01 > 60.0; Position Delay: Delay >= 12 candles";;"RSI Above 50: RSI=66.37 >= 50; SMA Not Increasing: SMA: 63.87 -> 64.63; No SMA Downtrend: SMA changes: ['0.766', '0.832', '1.241']";RSI-SMA Difference: RSI-SMA=1.74 >= 2.0;RSI-SMA різниця 1.74 < 2.0;5m cross, 15m rejected
ETH/USDT;Short;skip;2025-08-07 23:00:00;2025-08-07 23:10:00;61,52976847962192;64,02621809357376;-2,496449613951839;63,50775751245956;65,63454850445353;-2,126790991993971;2,9461231698118175;3901,71;3901,71;Excellent;100.0%;164,0;50,0;90,0;8,0;10,0;6,0;0,0;81,59203980099502;High;1,968186237541935;4846,62755;2462,484219;Optimal;1,091127950695498;18,48914259810461;16,944981187879396;"RSI Cross SMA Down: Prev: RSI=73.80 vs SMA=63.90, Curr: RSI=61.53 vs SMA=64.03; RSI Entry Zone: RSI_SMA=63.90 > 60.0; Position Delay: Delay >= 12 candles";;"RSI Above 50: RSI=63.51 >= 50; SMA Not Increasing: SMA: 65.67 -> 65.63; No SMA Downtrend: SMA changes: ['-0.039', '1.040', '0.766']";RSI-SMA Difference: RSI-SMA=-2.13 >= 2.0;RSI-SMA різниця -2.13 < 2.0;5m cross, 15m rejected
ETH/USDT;Short;skip;2025-08-08 00:00:00;2025-08-08 00:10:00;51,082606938938945;59,60412160282222;-8,521514663883273;65,4142449402797;65,54331477552478;-0,1290698352450761;0,30968955078787513;3895,52;3895,52;Excellent;100.0%;151,0;50,0;90,0;-5,0;10,0;10,0;-4,0;75,12437810945273;Low;0,9510419216390671;2429,65255;2554,7270785;Optimal;1,052556132759999;17,96305111787966;17,06612175711445;"RSI Cross SMA Down: Prev: RSI=61.69 vs SMA=61.33, Curr: RSI=51.08 vs SMA=59.60; RSI Entry Zone: RSI_SMA=61.33 > 60.0; Position Delay: Delay >= 12 candles";;"RSI Above 50: RSI=65.41 >= 50; SMA Not Increasing: SMA: 65.53 -> 65.54; No SMA Downtrend: SMA changes: ['0.014', '0.182', '0.156']";RSI-SMA Difference: RSI-SMA=-0.13 >= 2.0;RSI-SMA різниця -0.13 < 2.0;5m cross, 15m rejected
ETH/USDT;Short;skip;2025-08-08 04:00:00;2025-08-08 04:10:00;55,88910873602166;61,03726663493051;-5,148157898908849;57,51572524670039;57,30797092896376;0,20775431773662945;2,93589346198434;3927,38;3927,38;Excellent;100.0%;157,0;50,0;90,0;-5,0;10,0;16,0;-4,0;78,1094527363184;Low;0,8411620426588865;2004,42726;2382,926426;Optimal;1,0284543625710796;21,12614891178398;20,541649372724486;"RSI Cross SMA Down: Prev: RSI=63.44 vs SMA=60.94, Curr: RSI=55.89 vs SMA=61.04; RSI Entry Zone: RSI_SMA=60.94 > 60.0; Position Delay: Delay >= 12 candles";;"RSI Above 50: RSI=57.52 >= 50; SMA Not Increasing: SMA: 58.05 -> 57.31; No SMA Downtrend: SMA changes: ['-0.742', '0.127', '-0.295']";RSI-SMA Difference: RSI-SMA=0.21 >= 2.0;RSI-SMA різниця 0.21 < 2.0;5m cross, 15m rejected
ETH/USDT;Long;open;2025-08-08 09:30:00;2025-08-08 09:40:00;40,47796352818232;37,642648423488886;2,8353151046934357;44,48916055210822;49,8818648116154;-5,392704259507184;-6,886459722169782;3891,99;3891,99;Excellent;100.0%;184,0;50,0;125,0;-5,0;10,0;8,0;-4,0;83,2579185520362;Low;0,5587644391495549;1293,20453;2314,4002005;Optimal;0,930106450225169;14,638791274001305;15,738834270483133;"RSI Cross SMA Up: Prev: RSI=38.12 vs SMA=38.16, Curr: RSI=40.48 vs SMA=37.64; RSI Entry Zone: RSI_SMA=38.16 < 40.0; Position Delay: Delay >= 12 candles";;"SMA-RSI Difference: SMA-RSI=5.39 >= 2.0; RSI Below 50: RSI=44.49 <= 50; SMA Not Falling: SMA: 50.60 -> 49.88; No SMA Uptrend: SMA changes: ['-0.717', '-0.470', '-0.467']";;;5m cross, 15m confirmed
ETH/USDT;Short;skip;2025-08-08 12:05:00;2025-08-08 12:15:00;48,66798669943811;60,73585221703145;-12,06786551759334;50,376830493562125;48,50883398119929;1,8679965123628364;6,832511156204177;3906,0;3906,0;Excellent;100.0%;151,0;50,0;90,0;-5,0;10,0;10,0;-4,0;75,12437810945273;Low;1,059247326759999;2260,80912;2134,3543314999997;Optimal;0,9420439715556165;12,971168842097484;13,7691755732781;"RSI Cross SMA Down: Prev: RSI=63.13 vs SMA=60.78, Curr: RSI=48.67 vs SMA=60.74; RSI Entry Zone: RSI_SMA=60.78 > 60.0; Position Delay: Delay >= 12 candles";;"RSI Above 50: RSI=50.38 >= 50; SMA Not Increasing: SMA: 47.96 -> 48.51; No SMA Downtrend: SMA changes: ['0.549', '0.693', '-0.010']";RSI-SMA Difference: RSI-SMA=1.87 >= 2.0;RSI-SMA різниця 1.87 < 2.0;5m cross, 15m rejected
ETH/USDT;Short;open;2025-08-08 14:10:00;2025-08-08 14:20:00;62,689402396469944;66,80528415733053;-4,115881760860589;63,7961567556857;54,548679406280236;9,247477349405465;15,259899372187403;3967,0;3967,0;Excellent;100.0%;211,0;50,0;125,0;12,0;6,0;18,0;0,0;95,47511312217195;Very High;3,6796467327712135;12427,51369;3377,3659789999997;High;1,5404776043729154;21,712309644581723;14,094531191461357;"RSI Cross SMA Down: Prev: RSI=76.86 vs SMA=65.04, Curr: RSI=62.69 vs SMA=66.81; RSI Entry Zone: RSI_SMA=65.04 > 60.0; Position Delay: Delay >= 12 candles";;"RSI-SMA Difference: RSI-SMA=9.25 >= 2.0; RSI Above 50: RSI=63.80 >= 50; SMA Not Increasing: SMA: 53.15 -> 54.55; No SMA Downtrend: SMA changes: ['1.398', '2.185', '1.086']";;;5m cross, 15m confirmed
ETH/USDT;Short;open;2025-08-08 18:25:00;2025-08-08 18:35:00;71,43320976495278;74,12412128362062;-2,6909115186678463;73,05753050543626;61,400189953812365;11,657340551623896;11,171369214920757;4047,33;4047,33;Excellent;100.0%;184,0;50,0;125,0;-5,0;10,0;8,0;-4,0;83,2579185520362;Low;0,9021877298060884;5103,64994;5656,971128499999;Optimal;1,004529462875472;23,662278074095013;23,555583931168723;"RSI Cross SMA Down: Prev: RSI=74.34 vs SMA=73.82, Curr: RSI=71.43 vs SMA=74.12; RSI Entry Zone: RSI_SMA=73.82 > 60.0; Position Delay: Delay >= 12 candles";;"RSI-SMA Difference: RSI-SMA=11.66 >= 2.0; RSI Above 50: RSI=73.06 >= 50; SMA Not Increasing: SMA: 60.92 -> 61.40; No SMA Downtrend: SMA changes: ['0.477', '0.772', '0.603']";;;5m cross, 15m confirmed
ETH/USDT;Short;skip;2025-08-08 20:00:00;2025-08-08 20:10:00;59,41062193110077;60,008694394314844;-0,5980724632140735;67,0050611922644;68,70704959028271;-1,701988398018301;0,9151798127568895;4053,39;4053,39;Excellent;100.0%;141,0;50,0;90,0;-5,0;10,0;0,0;-4,0;70,1492537313433;Low;0,8917581678448103;3362,36503;3770,4897485;Optimal;0,9563386054754186;21,883101630992908;22,882169041073375;"RSI Cross SMA Down: Prev: RSI=65.44 vs SMA=60.40, Curr: RSI=59.41 vs SMA=60.01; RSI Entry Zone: RSI_SMA=60.40 > 60.0; Position Delay: Delay >= 12 candles";;"RSI Above 50: RSI=67.01 >= 50; SMA Not Increasing: SMA: 67.95 -> 68.71; No SMA Downtrend: SMA changes: ['0.752', '0.942', '0.874']";RSI-SMA Difference: RSI-SMA=-1.70 >= 2.0;RSI-SMA різниця -1.70 < 2.0;5m cross, 15m rejected
ETH/USDT;Long;skip;2025-08-08 23:00:00;2025-08-08 23:10:00;43,17756367060515;38,189107042639044;4,988456627966109;52,0489597448333;60,503023344070506;-8,454063599237209;-9,620116409414315;4029,32;4029,32;Excellent;100.0%;159,0;50,0;90,0;-5,0;10,0;18,0;-4,0;79,1044776119403;Low;0,2560309442335374;577,80082;2256,761665;Optimal;0,8392812074057902;15,452801570890246;18,411947550517308;"RSI Cross SMA Up: Prev: RSI=37.97 vs SMA=38.39, Curr: RSI=43.18 vs SMA=38.19; RSI Entry Zone: RSI_SMA=38.39 < 40.0; Position Delay: Delay >= 12 candles";;"SMA-RSI Difference: SMA-RSI=8.45 >= 2.0; SMA Not Falling: SMA: 61.65 -> 60.50; No SMA Uptrend: SMA changes: ['-1.142', '-1.173', '-1.256']";RSI Below 50: RSI=52.05 <= 50;RSI 52.05 > 50;5m cross, 15m rejected
ETH/USDT;Long;open;2025-08-08 23:20:00;2025-08-08 23:30:00;41,423755107205984;38,45849655478901;2,9652585524169766;49,76794156060939;58,95969823990182;-9,191756679292432;-9,398568875124523;4025,48;4025,48;Excellent;100.0%;184,0;50,0;125,0;-5,0;10,0;8,0;-4,0;83,2579185520362;Low;0,28755154901145247;583,95302;2030,7768190000002;Optimal;0,8328952445080345;14,910458601540952;17,90196150099056;"RSI Cross SMA Up: Prev: RSI=36.59 vs SMA=38.31, Curr: RSI=41.42 vs SMA=38.46; RSI Entry Zone: RSI_SMA=38.31 < 40.0; Position Delay: Delay >= 12 candles";;"SMA-RSI Difference: SMA-RSI=9.19 >= 2.0; RSI Below 50: RSI=49.77 <= 50; SMA Not Falling: SMA: 60.50 -> 58.96; No SMA Uptrend: SMA changes: ['-1.543', '-1.142', '-1.173']";;;5m cross, 15m confirmed
ETH/USDT;Long;open;2025-08-09 00:10:00;2025-08-09 00:20:00;39,254938506121626;36,25179800311413;3,0031405030074936;45,02180032031499;54,19271598154935;-9,17091566123436;-11,379136454050323;4012,6;4012,6;Excellent;100.0%;194,0;50,0;125,0;-5,0;10,0;18,0;-4,0;87,78280542986425;Low;0,6442942672216092;997,9492;1548,9028085;Optimal;0,8452934822082759;13,938446628128819;16,489476047674597;"RSI Cross SMA Up: Prev: RSI=30.95 vs SMA=36.53, Curr: RSI=39.25 vs SMA=36.25; RSI Entry Zone: RSI_SMA=36.53 < 40.0; Position Delay: Delay >= 12 candles";;"SMA-RSI Difference: SMA-RSI=9.17 >= 2.0; RSI Below 50: RSI=45.02 <= 50; SMA Not Falling: SMA: 55.75 -> 54.19; No SMA Uptrend: SMA changes: ['-1.560', '-1.597', '-1.610']";;;5m cross, 15m confirmed
ETH/USDT;Short;open;2025-08-09 04:50:00;2025-08-09 05:00:00;64,6763346820106;67,50953560733457;-2,8332009253239647;76,32810292504618;62,435945544295656;13,892157380750525;13,809847175980083;4076,2;4076,2;Excellent;100.0%;196,0;50,0;125,0;3,0;10,0;8,0;0,0;88,68778280542986;Normal;1,3815704791014045;1875,52248;1357,529354;Optimal;1,0935862492616633;14,394078568534146;13,162270994402439;"RSI Cross SMA Down: Prev: RSI=68.35 vs SMA=67.42, Curr: RSI=64.68 vs SMA=67.51; RSI Entry Zone: RSI_SMA=67.42 > 60.0; Position Delay: Delay >= 12 candles";;"RSI-SMA Difference: RSI-SMA=13.89 >= 2.0; RSI Above 50: RSI=76.33 >= 50; SMA Not Increasing: SMA: 60.56 -> 62.44; No SMA Downtrend: SMA changes: ['1.881', '2.003', '1.615']";;;5m cross, 15m confirmed
ETH/USDT;Short;open;2025-08-09 05:35:00;2025-08-09 05:45:00;75,44200797294738;76,53107770508616;-1,0890697321387819;88,55144515658426;69,62829248773602;18,923152668848246;21,735776830167463;4178,1;4178,1;Excellent;100.0%;197,0;50,0;125,0;8,0;6,0;8,0;0,0;89,14027149321268;High;2,263171880837169;5959,13476;2633,0897845;High;1,5819420898151801;24,30845139033146;15,366208122808997;"RSI Cross SMA Down: Prev: RSI=84.28 vs SMA=76.09, Curr: RSI=75.44 vs SMA=76.53; RSI Entry Zone: RSI_SMA=76.09 > 60.0; Position Delay: Delay >= 12 candles";;"RSI-SMA Difference: RSI-SMA=18.92 >= 2.0; RSI Above 50: RSI=88.55 >= 50; SMA Not Increasing: SMA: 67.04 -> 69.63; No SMA Downtrend: SMA changes: ['2.585', '2.302', '2.305']";;;5m cross, 15m confirmed
ETH/USDT;Short;open;2025-08-09 05:50:00;2025-08-09 06:00:00;72,59250205983257;76,40475576132066;-3,812253701488089;88,87489606771247;71,94635932176213;16,92853674595034;19,525685472646654;4181,34;4181,34;Excellent;100.0%;202,0;50,0;125,0;3,0;6,0;18,0;0,0;91,4027149321267;Normal;1,6773973286804338;4726,42139;2817,7112895;High;1,497894068987066;24,229276291022057;16,175560603832842;"RSI Cross SMA Down: Prev: RSI=77.56 vs SMA=76.12, Curr: RSI=72.59 vs SMA=76.40; RSI Entry Zone: RSI_SMA=76.12 > 60.0; Position Delay: Delay >= 12 candles";;"RSI-SMA Difference: RSI-SMA=16.93 >= 2.0; RSI Above 50: RSI=88.87 >= 50; SMA Not Increasing: SMA: 69.63 -> 71.95; No SMA Downtrend: SMA changes: ['2.318', '2.585', '2.302']";;;5m cross, 15m confirmed
ETH/USDT;Short;skip;2025-08-09 08:45:00;2025-08-09 08:55:00;54,78417280410257;61,21187309369267;-6,427700289590099;71,64775321079837;75,61190561779422;-3,9641524069958507;-2,1096658042069976;4180,0;4180,0;Excellent;100.0%;177,0;50,0;90,0;3,0;10,0;24,0;0,0;88,05970149253731;Normal;1,294458958448817;5755,37837;4446,165197;Optimal;0,9412223521417901;21,986520612466727;23,359539393040865;"RSI Cross SMA Down: Prev: RSI=70.68 vs SMA=61.07, Curr: RSI=54.78 vs SMA=61.21; RSI Entry Zone: RSI_SMA=61.07 > 60.0; Position Delay: Delay >= 12 candles";;"RSI Above 50: RSI=71.65 >= 50; SMA Not Increasing: SMA: 76.91 -> 75.61; No SMA Downtrend: SMA changes: ['-1.294', '-0.796', '-0.089']";RSI-SMA Difference: RSI-SMA=-3.96 >= 2.0;RSI-SMA різниця -3.96 < 2.0;5m cross, 15m rejected
ETH/USDT;Short;skip;2025-08-09 09:15:00;2025-08-09 09:25:00;55,560176307376175;61,11488978169304;-5,554713474316863;68,16968791863226;73,06587944103521;-4,896191522402944;-3,2642933262052574;4188,88;4188,88;Excellent;100.0%;165,0;50,0;90,0;-5,0;10,0;24,0;-4,0;82,08955223880598;Low;0,7211447327675296;3445,80756;4778,246867;Optimal;0,9465705086718587;21,818836650545332;23,050408237585525;"RSI Cross SMA Down: Prev: RSI=62.37 vs SMA=61.67, Curr: RSI=55.56 vs SMA=61.11; RSI Entry Zone: RSI_SMA=61.67 > 60.0; Position Delay: Delay >= 12 candles";;"RSI Above 50: RSI=68.17 >= 50; SMA Not Increasing: SMA: 74.54 -> 73.07; No SMA Downtrend: SMA changes: ['-1.479', '-1.067', '-1.294']";RSI-SMA Difference: RSI-SMA=-4.90 >= 2.0;RSI-SMA різниця -4.90 < 2.0;5m cross, 15m rejected
ETH/USDT;Short;skip;2025-08-09 10:20:00;2025-08-09 10:30:00;63,08025488081156;63,413646842886806;-0,3333919620752468;71,11125019339647;72,62398615678323;-1,5127359633867599;1,9145589499434787;4226,21;4226,21;Excellent;100.0%;147,0;50,0;90,0;-5,0;10,0;6,0;-4,0;73,13432835820896;Low;0,8790889581570714;3709,82243;4220,0762454999995;Optimal;1,0554090430223924;23,588454643279402;22,350059248809117;"RSI Cross SMA Down: Prev: RSI=71.31 vs SMA=63.36, Curr: RSI=63.08 vs SMA=63.41; RSI Entry Zone: RSI_SMA=63.36 > 60.0; Position Delay: Delay >= 12 candles";;"RSI Above 50: RSI=71.11 >= 50; SMA Not Increasing: SMA: 72.66 -> 72.62; No SMA Downtrend: SMA changes: ['-0.036', '0.499', '-0.361']";RSI-SMA Difference: RSI-SMA=-1.51 >= 2.0;RSI-SMA різниця -1.51 < 2.0;5m cross, 15m rejected
ETH/USDT;Short;skip;2025-08-09 18:40:00;2025-08-09 18:50:00;54,85028876208671;61,3165061503469;-6,4662173882601905;60,2076080371347;59,319371535952044;0,8882365011826536;2,4151348945301003;4230,56;4230,56;Excellent;100.0%;163,0;50,0;90,0;3,0;10,0;10,0;0,0;81,09452736318407;Normal;1,27211760532529;3011,50107;2367,3134130000003;Optimal;0,9395301228533725;18,86597963593716;20,080228591969767;"RSI Cross SMA Down: Prev: RSI=65.28 vs SMA=61.65, Curr: RSI=54.85 vs SMA=61.32; RSI Entry Zone: RSI_SMA=61.65 > 60.0; Position Delay: Delay >= 12 candles";;"RSI Above 50: RSI=60.21 >= 50; SMA Not Increasing: SMA: 59.22 -> 59.32; No SMA Downtrend: SMA changes: ['0.100', '0.662', '0.592']";RSI-SMA Difference: RSI-SMA=0.89 >= 2.0;RSI-SMA різниця 0.89 < 2.0;5m cross, 15m rejected
ETH/USDT;Short;open;2025-08-09 18:55:00;2025-08-09 19:05:00;59,939615871256215;61,29952698311198;-1,3599111118557659;64,33076414596232;60,035012051570746;4,295752094391574;3,2365508105515346;4242,59;4242,59;Excellent;100.0%;196,0;50,0;125,0;3,0;10,0;8,0;0,0;88,68778280542986;Normal;1,7358193873759153;4147,54078;2389,3849844999995;Optimal;0,9778301424618434;19,441266804798733;19,8820489986658;"RSI Cross SMA Down: Prev: RSI=66.25 vs SMA=61.24, Curr: RSI=59.94 vs SMA=61.30; RSI Entry Zone: RSI_SMA=61.24 > 60.0; Position Delay: Delay >= 12 candles";;"RSI-SMA Difference: RSI-SMA=4.30 >= 2.0; RSI Above 50: RSI=64.33 >= 50; SMA Not Increasing: SMA: 59.32 -> 60.04; No SMA Downtrend: SMA changes: ['0.716', '0.100', '0.662']";;;5m cross, 15m confirmed
ETH/USDT;Short;open;2025-08-09 19:15:00;2025-08-09 19:25:00;60,20933276663804;60,988835771826814;-0,7795030051887721;66,80426997382528;61,43991377902281;5,364356194802475;4,927545601480499;4246,13;4246,13;Excellent;100.0%;196,0;50,0;125,0;3,0;10,0;8,0;0,0;88,68778280542986;Normal;1,4620617338764976;3622,78703;2477,8618754999998;Optimal;0,9530334827779307;18,6088984184234;19,525964989374376;"RSI Cross SMA Down: Prev: RSI=61.48 vs SMA=61.15, Curr: RSI=60.21 vs SMA=60.99; RSI Entry Zone: RSI_SMA=61.15 > 60.0; Position Delay: Delay >= 12 candles";;"RSI-SMA Difference: RSI-SMA=5.36 >= 2.0; RSI Above 50: RSI=66.80 >= 50; SMA Not Increasing: SMA: 60.76 -> 61.44; No SMA Downtrend: SMA changes: ['0.678', '0.727', '0.716']";;;5m cross, 15m confirmed
ETH/USDT;Short;open;2025-08-09 19:30:00;2025-08-09 19:40:00;59,980590200539446;61,317219424975214;-1,336629224435768;70,65318907669848;62,27510453244255;8,378084544255934;6,288323084768618;4248,7;4248,7;Excellent;100.0%;196,0;50,0;125,0;3,0;10,0;8,0;0,0;88,68778280542986;Normal;1,4634260026929653;3818,44872;2609,253022;Optimal;0,9750280387464583;18,94397710282174;19,429161367684365;"RSI Cross SMA Down: Prev: RSI=61.54 vs SMA=61.47, Curr: RSI=59.98 vs SMA=61.32; RSI Entry Zone: RSI_SMA=61.47 > 60.0; Position Delay: Delay >= 12 candles";;"RSI-SMA Difference: RSI-SMA=8.38 >= 2.0; RSI Above 50: RSI=70.65 >= 50; SMA Not Increasing: SMA: 61.44 -> 62.28; No SMA Downtrend: SMA changes: ['0.835', '0.678', '0.727']";;;5m cross, 15m confirmed
ETH/USDT;Short;open;2025-08-09 19:55:00;2025-08-09 20:05:00;62,471914472279686;62,50324809517124;-0,03133362289155173;67,660753842519;62,8372169178833;4,823536924635697;6,188659221231369;4258,86;4258,86;Excellent;100.0%;196,0;50,0;125,0;3,0;10,0;8,0;0,0;88,68778280542986;Normal;1,2092999119432846;3280,10116;2712,3967574999997;Optimal;0,9707512797781335;18,78655016690589;19,352588616931396;"RSI Cross SMA Down: Prev: RSI=66.77 vs SMA=62.38, Curr: RSI=62.47 vs SMA=62.50; RSI Entry Zone: RSI_SMA=62.38 > 60.0; Position Delay: Delay >= 12 candles";;"RSI-SMA Difference: RSI-SMA=4.82 >= 2.0; RSI Above 50: RSI=67.66 >= 50; SMA Not Increasing: SMA: 62.28 -> 62.84; No SMA Downtrend: SMA changes: ['0.562', '0.835', '0.678']";;;5m cross, 15m confirmed
ETH/USDT;Short;open;2025-08-09 20:30:00;2025-08-09 20:40:00;62,45324948592185;65,21720964276517;-2,763960156843318;73,295589863865;66,01726982899137;7,27832003487363;6,812556026637016;4268,7;4268,7;Excellent;100.0%;184,0;50,0;125,0;-5,0;10,0;8,0;-4,0;83,2579185520362;Low;0,813789664401461;2411,02071;2962,7074605;Optimal;1,0441520040558387;20,21672402211825;19,361859138889425;"RSI Cross SMA Down: Prev: RSI=65.02 vs SMA=64.75, Curr: RSI=62.45 vs SMA=65.22; RSI Entry Zone: RSI_SMA=64.75 > 60.0; Position Delay: Delay >= 12 candles";;"RSI-SMA Difference: RSI-SMA=7.28 >= 2.0; RSI Above 50: RSI=73.30 >= 50; SMA Not Increasing: SMA: 64.99 -> 66.02; No SMA Downtrend: SMA changes: ['1.025', '1.081', '1.074']";;;5m cross, 15m confirmed
ETH/USDT;Short;open;2025-08-09 20:45:00;2025-08-09 20:55:00;65,7042747730286;66,75249351204486;-1,0482187390162636;75,59592001366997;67,06711750132467;8,528802512345294;7,1402493595145655;4277,91;4277,91;Excellent;100.0%;184,0;50,0;125,0;-5,0;10,0;8,0;-4,0;83,2579185520362;Low;1,01321488494923;3086,98142;3046,7193740000002;Optimal;1,0321063666535701;20,03338659196692;19,410195731009566;"RSI Cross SMA Down: Prev: RSI=69.36 vs SMA=66.35, Curr: RSI=65.70 vs SMA=66.75; RSI Entry Zone: RSI_SMA=66.35 > 60.0; Position Delay: Delay >= 12 candles";;"RSI-SMA Difference: RSI-SMA=8.53 >= 2.0; RSI Above 50: RSI=75.60 >= 50; SMA Not Increasing: SMA: 66.02 -> 67.07; No SMA Downtrend: SMA changes: ['1.050', '1.025', '1.081']";;;5m cross, 15m confirmed
ETH/USDT;Short;open;2025-08-09 21:00:00;2025-08-09 21:10:00;64,29817500424078;66,61158579021263;-2,313410785971854;75,00709764237352;67,90168017092844;7,1054174714450795;7,637513339554668;4283,91;4283,91;Excellent;100.0%;196,0;50,0;125,0;3,0;10,0;8,0;0,0;88,68778280542986;Normal;1,642286164461492;5322,92574;3241,1682295;Optimal;1,032552509005144;20,066001835397838;19,433396035937456;"RSI Cross SMA Down: Prev: RSI=71.06 vs SMA=66.79, Curr: RSI=64.30 vs SMA=66.61; RSI Entry Zone: RSI_SMA=66.79 > 60.0; Position Delay: Delay >= 12 candles";;"RSI-SMA Difference: RSI-SMA=7.11 >= 2.0; RSI Above 50: RSI=75.01 >= 50; SMA Not Increasing: SMA: 67.07 -> 67.90; No SMA Downtrend: SMA changes: ['0.835', '1.050', '1.025']";;;5m cross, 15m confirmed
ETH/USDT;Short;skip;2025-08-09 21:55:00;2025-08-09 22:05:00;53,013597379133856;59,30311268194698;-6,289515302813122;65,18276705497694;67,98997834652594;-2,8072112915490095;-4,407246106386981;4278,87;4278,87;Excellent;100.0%;151,0;50,0;90,0;-5,0;10,0;10,0;-4,0;75,12437810945273;Low;0,5658154221513594;1933,22092;3416,6988815000004;Optimal;1,0439979457267576;20,56660205261263;19,699849158511146;"RSI Cross SMA Down: Prev: RSI=62.18 vs SMA=60.21, Curr: RSI=53.01 vs SMA=59.30; RSI Entry Zone: RSI_SMA=60.21 > 60.0; Position Delay: Delay >= 12 candles";;"RSI Above 50: RSI=65.18 >= 50; SMA Not Increasing: SMA: 67.89 -> 67.99; No SMA Downtrend: SMA changes: ['0.103', '0.186', '-0.200']";RSI-SMA Difference: RSI-SMA=-2.81 >= 2.0;RSI-SMA різниця -2.81 < 2.0;5m cross, 15m rejected
ETH/USDT;Short;open;2025-08-10 01:45:00;2025-08-10 01:55:00;54,172331236986;60,0578541197135;-5,8855228827275;58,63127286165588;56,60589054521917;2,025382316436712;4,118184087717414;4302,92;4302,92;Excellent;100.0%;192,0;50,0;125,0;-5,0;10,0;16,0;-4,0;86,87782805429865;Low;0,5723262513922489;1869,56261;3266,6029305;Optimal;1,0473079050291176;24,169375953997474;23,07762200393733;"RSI Cross SMA Down: Prev: RSI=62.08 vs SMA=60.38, Curr: RSI=54.17 vs SMA=60.06; RSI Entry Zone: RSI_SMA=60.38 > 60.0; Position Delay: Delay >= 12 candles";;"RSI-SMA Difference: RSI-SMA=2.03 >= 2.0; RSI Above 50: RSI=58.63 >= 50; SMA Not Increasing: SMA: 57.56 -> 56.61; No SMA Downtrend: SMA changes: ['-0.952', '-0.215', '-0.376']";;;5m cross, 15m confirmed
ETH/USDT;Long;open;2025-08-10 03:40:00;2025-08-10 03:50:00;37,32831595023959;33,53400829718419;3,794307653055405;40,3470235116277;52,41842078566034;-12,071397274032641;-12,710968848380167;4236,54;4236,54;Excellent;100.0%;194,0;50,0;125,0;-5,0;10,0;18,0;-4,0;87,78280542986425;Low;1,12197908869218;4194,65128;3738,6180565000004;Optimal;1,0662584792629777;25,87258220473161;24,264831378049468;"RSI Cross SMA Up: Prev: RSI=30.47 vs SMA=33.61, Curr: RSI=37.33 vs SMA=33.53; RSI Entry Zone: RSI_SMA=33.61 < 40.0; Position Delay: Delay >= 12 candles";;"SMA-RSI Difference: SMA-RSI=12.07 >= 2.0; RSI Below 50: RSI=40.35 <= 50; SMA Not Falling: SMA: 53.39 -> 52.42; No SMA Uptrend: SMA changes: ['-0.969', '-0.895', '-0.747']";;;5m cross, 15m confirmed
ETH/USDT;Long;open;2025-08-10 06:25:00;2025-08-10 06:35:00;40,989429770666575;39,599406175797974;1,3900235948686017;38,05506378661988;41,96827048055955;-3,913206693939671;-3,3512707421066303;4215,8;4215,8;Excellent;100.0%;196,0;50,0;125,0;3,0;10,0;8,0;0,0;88,68778280542986;Normal;1,1634398733805527;4234,48866;3639,6282755000007;Optimal;0,9185051480076891;21,83402723603206;23,771262777777356;"RSI Cross SMA Up: Prev: RSI=35.51 vs SMA=39.89, Curr: RSI=40.99 vs SMA=39.60; RSI Entry Zone: RSI_SMA=39.89 < 40.0; Position Delay: Delay >= 12 candles";;"SMA-RSI Difference: SMA-RSI=3.91 >= 2.0; RSI Below 50: RSI=38.06 <= 50; SMA Not Falling: SMA: 42.32 -> 41.97; No SMA Uptrend: SMA changes: ['-0.350', '-0.341', '-0.535']";;;5m cross, 15m confirmed
ETH/USDT;Long;open;2025-08-10 08:10:00;2025-08-10 08:20:00;44,14500993413015;37,399783145113545;6,7452267890166056;37,01603366430864;39,77814958961503;-2,7621159253063965;-6,602506971099582;4192,0;4192,0;Excellent;100.0%;198,0;50,0;125,0;3,0;10,0;10,0;0,0;89,59276018099548;Normal;1,7819868922278341;5892,74223;3306,8381455000003;Optimal;1,0121108208535685;22,286753705470353;22,02007255161516;"RSI Cross SMA Up: Prev: RSI=31.59 vs SMA=37.84, Curr: RSI=44.15 vs SMA=37.40; RSI Entry Zone: RSI_SMA=37.84 < 40.0; Position Delay: Delay >= 12 candles";;"SMA-RSI Difference: SMA-RSI=2.76 >= 2.0; RSI Below 50: RSI=37.02 <= 50; SMA Not Falling: SMA: 40.58 -> 39.78; No SMA Uptrend: SMA changes: ['-0.803', '-0.845', '-0.924']";;;5m cross, 15m confirmed
ETH/USDT;Short;open;2025-08-10 15:15:00;2025-08-10 15:25:00;61,00535881390855;61,6026347881763;-0,5972759742677525;54,26375172446238;46,3679106913354;7,8958410331269775;11,448474950799733;4223,46;4223,46;Excellent;100.0%;184,0;50,0;125,0;-5,0;10,0;8,0;-4,0;83,2579185520362;Low;1,1101958494886615;2118,9043;1908,5860399999997;Optimal;1,0246333183888732;19,35466953678644;18,889361871639696;"RSI Cross SMA Down: Prev: RSI=66.84 vs SMA=60.61, Curr: RSI=61.01 vs SMA=61.60; RSI Entry Zone: RSI_SMA=60.61 > 60.0; Position Delay: Delay >= 12 candles";;"RSI-SMA Difference: RSI-SMA=7.90 >= 2.0; RSI Above 50: RSI=54.26 >= 50; SMA Not Increasing: SMA: 45.02 -> 46.37; No SMA Downtrend: SMA changes: ['1.351', '0.943', '0.764']";;;5m cross, 15m confirmed
ETH/USDT;Short;open;2025-08-10 19:55:00;2025-08-10 20:05:00;58,11254869092806;60,52806420677515;-2,4155155158470905;64,2289767063069;58,82856852905648;5,400408177250412;4,902530323207105;4248,85;4248,85;Excellent;100.0%;184,0;50,0;125,0;-5,0;10,0;8,0;-4,0;83,2579185520362;Low;1,038522324734901;1192,46795;1148,2352585;Optimal;0,9052270884045884;14,3306837517069;15,831037244990005;"RSI Cross SMA Down: Prev: RSI=66.24 vs SMA=60.12, Curr: RSI=58.11 vs SMA=60.53; RSI Entry Zone: RSI_SMA=60.12 > 60.0; Position Delay: Delay >= 12 candles";;"RSI-SMA Difference: RSI-SMA=5.40 >= 2.0; RSI Above 50: RSI=64.23 >= 50; SMA Not Increasing: SMA: 58.37 -> 58.83; No SMA Downtrend: SMA changes: ['0.462', '0.598', '0.552']";;;5m cross, 15m confirmed
ETH/USDT;Short;open;2025-08-11 00:45:00;2025-08-11 00:55:00;57,873673987988305;62,11636423486609;-4,242690246877785;60,34367002390876;56,41888163534737;3,924788388561389;9,051166905990337;4261,88;4261,88;Excellent;100.0%;194,0;50,0;125,0;-5,0;10,0;18,0;-4,0;87,78280542986425;Low;1,0959973633283693;2006,12199;1830,407679;Optimal;1,0226802696165527;17,886584069902632;17,489908235551557;"RSI Cross SMA Down: Prev: RSI=63.15 vs SMA=62.28, Curr: RSI=57.87 vs SMA=62.12; RSI Entry Zone: RSI_SMA=62.28 > 60.0; Position Delay: Delay >= 12 candles";;"RSI-SMA Difference: RSI-SMA=3.92 >= 2.0; RSI Above 50: RSI=60.34 >= 50; SMA Not Increasing: SMA: 54.82 -> 56.42; No SMA Downtrend: SMA changes: ['1.599', '1.517', '1.611']";;;5m cross, 15m confirmed
ETH/USDT;Short;open;2025-08-11 01:45:00;2025-08-11 01:55:00;64,35797302008837;65,38903706758352;-1,0310640474951498;69,20868246647605;62,52966651155547;6,67901595492058;9,040401599884612;4302,69;4302,69;Excellent;100.0%;196,0;50,0;125,0;3,0;10,0;8,0;0,0;88,68778280542986;Normal;1,462385945978409;3172,24659;2169,226666;Optimal;1,0893993496638588;19,409008424106805;17,816247485456625;"RSI Cross SMA Down: Prev: RSI=69.20 vs SMA=65.22, Curr: RSI=64.36 vs SMA=65.39; RSI Entry Zone: RSI_SMA=65.22 > 60.0; Position Delay: Delay >= 12 candles";;"RSI-SMA Difference: RSI-SMA=6.68 >= 2.0; RSI Above 50: RSI=69.21 >= 50; SMA Not Increasing: SMA: 61.30 -> 62.53; No SMA Downtrend: SMA changes: ['1.231', '1.660', '1.277']";;;5m cross, 15m confirmed
ETH/USDT;Short;open;2025-08-11 02:05:00;2025-08-11 02:15:00;63,68943251221758;66,88912171565275;-3,1996892034351703;71,34007708205418;63,62770882969561;7,712368252358573;8,563442665722683;4315,23;4315,23;Excellent;100.0%;215,0;50,0;125,0;12,0;10,0;18,0;0,0;97,28506787330316;Very High;3,900274289122447;9550,42072;2448,6536105;Optimal;1,1619675812168397;21,006222108099205;18,078148175270947;"RSI Cross SMA Down: Prev: RSI=71.95 vs SMA=66.33, Curr: RSI=63.69 vs SMA=66.89; RSI Entry Zone: RSI_SMA=66.33 > 60.0; Position Delay: Delay >= 12 candles";;"RSI-SMA Difference: RSI-SMA=7.71 >= 2.0; RSI Above 50: RSI=71.34 >= 50; SMA Not Increasing: SMA: 62.53 -> 63.63; No SMA Downtrend: SMA changes: ['1.098', '1.231', '1.660']";;;5m cross, 15m confirmed
ETH/USDT;Long;open;2025-08-11 08:10:00;2025-08-11 08:20:00;41,68075222999055;35,718774356044534;5,961977873946019;39,37602062546606;51,58896932380518;-12,212948698339119;-13,28623429672867;4274,38;4274,38;Excellent;100.0%;206,0;50,0;125,0;3,0;10,0;18,0;0,0;93,21266968325791;Normal;1,5508667486626773;3617,61493;2332,6407205;Optimal;0,9433961145253338;17,71640632134106;18,77939292791661;"RSI Cross SMA Up: Prev: RSI=34.21 vs SMA=35.73, Curr: RSI=41.68 vs SMA=35.72; RSI Entry Zone: RSI_SMA=35.73 < 40.0; Position Delay: Delay >= 12 candles";;"SMA-RSI Difference: SMA-RSI=12.21 >= 2.0; RSI Below 50: RSI=39.38 <= 50; SMA Not Falling: SMA: 53.37 -> 51.59; No SMA Uptrend: SMA changes: ['-1.776', '-1.873', '-2.140']";;;5m cross, 15m confirmed
ETH/USDT;Long;open;2025-08-11 10:25:00;2025-08-11 10:35:00;41,9374415514975;38,34813477659737;3,5893067749001304;34,82293000240114;41,02735794485186;-6,204427942450721;-8,362790100636682;4260,39;4260,39;Excellent;100.0%;215,0;50,0;125,0;12,0;10,0;18,0;0,0;97,28506787330316;Very High;3,0172937897368386;6870,70017;2277,106788;Optimal;1,052102045629639;17,64952598553071;16,775488707436363;"RSI Cross SMA Up: Prev: RSI=37.08 vs SMA=38.37, Curr: RSI=41.94 vs SMA=38.35; RSI Entry Zone: RSI_SMA=38.37 < 40.0; Position Delay: Delay >= 12 candles";;"SMA-RSI Difference: SMA-RSI=6.20 >= 2.0; RSI Below 50: RSI=34.82 <= 50; SMA Not Falling: SMA: 42.21 -> 41.03; No SMA Uptrend: SMA changes: ['-1.179', '-1.538', '-1.306']";;;5m cross, 15m confirmed
ETH/USDT;Long;open;2025-08-11 11:30:00;2025-08-11 11:40:00;28,749103596122126;28,500784275280093;0,24831932084203245;26,637227473011393;34,103499086040145;-7,466271613028752;-13,17691134462278;4207,6;4207,6;Excellent;100.0%;196,0;50,0;125,0;3,0;10,0;8,0;0,0;88,68778280542986;Normal;1,3343767361956564;3515,10836;2634,2698164999997;Optimal;1,1294787327635931;19,26250786827222;17,054334277849552;"RSI Cross SMA Up: Prev: RSI=15.53 vs SMA=29.10, Curr: RSI=28.75 vs SMA=28.50; RSI Entry Zone: RSI_SMA=29.10 < 40.0; Position Delay: Delay >= 12 candles";;"SMA-RSI Difference: SMA-RSI=7.47 >= 2.0; RSI Below 50: RSI=26.64 <= 50; SMA Not Falling: SMA: 35.01 -> 34.10; No SMA Uptrend: SMA changes: ['-0.910', '-1.605', '-1.352']";;;5m cross, 15m confirmed
ETH/USDT;Long;open;2025-08-11 12:00:00;2025-08-11 12:10:00;28,69009270673844;24,82869832743768;3,8613943793007586;21,576619945595382;31,122394741223918;-9,545774795628535;-9,244114081131617;4189,89;4189,89;Excellent;100.0%;206,0;50,0;125,0;3,0;10,0;18,0;0,0;93,21266968325791;Normal;1,186084210637337;3418,91044;2882,519141;Optimal;1,1700284302352915;20,527417498663315;17,54437496406414;"RSI Cross SMA Up: Prev: RSI=24.33 vs SMA=24.97, Curr: RSI=28.69 vs SMA=24.83; RSI Entry Zone: RSI_SMA=24.97 < 40.0; Position Delay: Delay >= 12 candles";;"SMA-RSI Difference: SMA-RSI=9.55 >= 2.0; RSI Below 50: RSI=21.58 <= 50; SMA Not Falling: SMA: 32.77 -> 31.12; No SMA Uptrend: SMA changes: ['-1.647', '-1.334', '-0.910']";;;5m cross, 15m confirmed
ETH/USDT;Short;open;2025-08-11 14:20:00;2025-08-11 14:30:00;61,41572495116923;62,433380922980895;-1,0176559718116636;63,281765464066304;34,263459736028935;29,01830572803737;30,04301480802999;4270,92;4270,92;Excellent;100.0%;184,0;50,0;125,0;-5,0;10,0;8,0;-4,0;83,2579185520362;Low;0,9280844412257597;3498,18463;3769,252532;Optimal;1,2456453913514787;27,128066379492232;21,778321958915846;"RSI Cross SMA Down: Prev: RSI=66.72 vs SMA=60.59, Curr: RSI=61.42 vs SMA=62.43; RSI Entry Zone: RSI_SMA=60.59 > 60.0; Position Delay: Delay >= 12 candles";;"RSI-SMA Difference: RSI-SMA=29.02 >= 2.0; RSI Above 50: RSI=63.28 >= 50; SMA Not Increasing: SMA: 31.59 -> 34.26; No SMA Downtrend: SMA changes: ['2.676', '2.176', '1.944']";;;5m cross, 15m confirmed
ETH/USDT;Short;open;2025-08-11 14:35:00;2025-08-11 14:45:00;63,32777488345746;67,22134716866786;-3,8935722852104035;61,43172344027952;37,01444007036219;24,417283369917328;27,306874036301682;4288,72;4288,72;Excellent;100.0%;211,0;50,0;125,0;8,0;10,0;18,0;0,0;95,47511312217195;High;1,9530631447389708;7957,59164;4074,415956;Optimal;1,240983580483082;27,91177592381418;22,49165610470758;"RSI Cross SMA Down: Prev: RSI=67.58 vs SMA=65.88, Curr: RSI=63.33 vs SMA=67.22; RSI Entry Zone: RSI_SMA=65.88 > 60.0; Position Delay: Delay >= 12 candles";;"RSI-SMA Difference: RSI-SMA=24.42 >= 2.0; RSI Above 50: RSI=61.43 >= 50; SMA Not Increasing: SMA: 34.26 -> 37.01; No SMA Downtrend: SMA changes: ['2.751', '2.676', '2.176']";;;5m cross, 15m confirmed
ETH/USDT;Short;open;2025-08-11 16:20:00;2025-08-11 16:30:00;66,46747853975137;66,6403594129769;-0,17288087322553736;72,91660051597361;58,58815499637994;14,328445519593672;16,344938001574295;4343,24;4343,24;Excellent;100.0%;184,0;50,0;125,0;-5,0;10,0;8,0;-4,0;83,2579185520362;Low;0,7875181210782003;3421,14571;4344,2120485000005;Optimal;1,0955969306973725;28,992910489681158;26,46311766429147;"RSI Cross SMA Down: Prev: RSI=70.45 vs SMA=65.84, Curr: RSI=66.47 vs SMA=66.64; RSI Entry Zone: RSI_SMA=65.84 > 60.0; Position Delay: Delay >= 12 candles";;"RSI-SMA Difference: RSI-SMA=14.33 >= 2.0; RSI Above 50: RSI=72.92 >= 50; SMA Not Increasing: SMA: 55.33 -> 58.59; No SMA Downtrend: SMA changes: ['3.259', '3.668', '3.348']";;;5m cross, 15m confirmed
ETH/USDT;Long;open;2025-08-11 20:35:00;2025-08-11 20:45:00;41,247551986673884;37,37702325085286;3,8705287358210256;42,132275900070084;49,2110295925823;-7,078753692512215;-11,199502662209907;4251,06;4251,06;Excellent;100.0%;194,0;50,0;125,0;-5,0;10,0;18,0;-4,0;87,78280542986425;Low;0,6433639577541831;2216,70116;3445,4854569999998;Optimal;0,976226776758628;27,050553415128824;27,709292614309298;"RSI Cross SMA Up: Prev: RSI=37.81 vs SMA=38.15, Curr: RSI=41.25 vs SMA=37.38; RSI Entry Zone: RSI_SMA=38.15 < 40.0; Position Delay: Delay >= 12 candles";;"SMA-RSI Difference: SMA-RSI=7.08 >= 2.0; RSI Below 50: RSI=42.13 <= 50; SMA Not Falling: SMA: 50.34 -> 49.21; No SMA Uptrend: SMA changes: ['-1.130', '-1.476', '-1.632']";;;5m cross, 15m confirmed
ETH/USDT;Long;open;2025-08-11 21:55:00;2025-08-11 22:05:00;39,19880968262103;36,565836663037054;2,6329730195839787;36,361115694491076;43,500290908111914;-7,139175213620838;-8,16505362750427;4219,7;4219,7;Excellent;100.0%;184,0;50,0;125,0;-5,0;10,0;8,0;-4,0;83,2579185520362;Low;1,0268732235256197;2796,61814;2723,430776;Optimal;0,9882349894836922;26,455390126069947;26,770343498859198;"RSI Cross SMA Up: Prev: RSI=29.39 vs SMA=36.89, Curr: RSI=39.20 vs SMA=36.57; RSI Entry Zone: RSI_SMA=36.89 < 40.0; Position Delay: Delay >= 12 candles";;"SMA-RSI Difference: SMA-RSI=7.14 >= 2.0; RSI Below 50: RSI=36.36 <= 50; SMA Not Falling: SMA: 44.62 -> 43.50; No SMA Uptrend: SMA changes: ['-1.119', '-1.450', '-0.962']";;;5m cross, 15m confirmed
ETH/USDT;Long;open;2025-08-11 22:10:00;2025-08-11 22:20:00;35,662766913328284;35,24281152658979;0,41995538673849353;33,335161880195926;42,48213960237466;-9,146977722178733;-8,937336496714787;4205,0;4205,0;Excellent;100.0%;184,0;50,0;125,0;-5,0;10,0;8,0;-4,0;83,2579185520362;Low;0,9210787458337811;2458,57966;2669,2393795;Optimal;0,9942376544932954;26,551433688493535;26,705318963226397;"RSI Cross SMA Up: Prev: RSI=32.35 vs SMA=35.83, Curr: RSI=35.66 vs SMA=35.24; RSI Entry Zone: RSI_SMA=35.83 < 40.0; Position Delay: Delay >= 12 candles";;"SMA-RSI Difference: SMA-RSI=9.15 >= 2.0; RSI Below 50: RSI=33.34 <= 50; SMA Not Falling: SMA: 43.50 -> 42.48; No SMA Uptrend: SMA changes: ['-1.018', '-1.119', '-1.450']";;;5m cross, 15m confirmed
ETH/USDT;Long;open;2025-08-11 22:25:00;2025-08-11 22:35:00;38,26008987968929;33,4283775773989;4,831712302290391;33,169339509747246;41,083335642737765;-7,913996132990519;-8,066716356263363;4204,18;4204,18;Excellent;100.0%;206,0;50,0;125,0;3,0;10,0;18,0;0,0;93,21266968325791;Normal;1,4216755299044301;3864,2;2718,0604285;Optimal;1,0016736939742268;26,665616996458322;26,621061486261247;"RSI Cross SMA Up: Prev: RSI=32.41 vs SMA=33.61, Curr: RSI=38.26 vs SMA=33.43; RSI Entry Zone: RSI_SMA=33.61 < 40.0; Position Delay: Delay >= 12 candles";;"SMA-RSI Difference: SMA-RSI=7.91 >= 2.0; RSI Below 50: RSI=33.17 <= 50; SMA Not Falling: SMA: 42.48 -> 41.08; No SMA Uptrend: SMA changes: ['-1.399', '-1.018', '-1.119']";;;5m cross, 15m confirmed
ETH/USDT;Short;open;2025-08-12 01:30:00;2025-08-12 01:40:00;61,666717684112626;62,32236895524909;-0,6556512711364633;59,84177472292315;47,46093956247605;12,380835160447099;13,986967901640554;4275,16;4275,16;Excellent;100.0%;184,0;50,0;125,0;-5,0;10,0;8,0;-4,0;83,2579185520362;Low;0,7069959693448672;1563,99977;2212,17636;Optimal;0,9731888569613503;23,217544487843192;23,857182829175432;"RSI Cross SMA Down: Prev: RSI=66.62 vs SMA=62.17, Curr: RSI=61.67 vs SMA=62.32; RSI Entry Zone: RSI_SMA=62.17 > 60.0; Position Delay: Delay >= 12 candles";;"RSI-SMA Difference: RSI-SMA=12.38 >= 2.0; RSI Above 50: RSI=59.84 >= 50; SMA Not Increasing: SMA: 45.57 -> 47.46; No SMA Downtrend: SMA changes: ['1.893', '1.763', '1.701']";;;5m cross, 15m confirmed
ETH/USDT;Short;open;2025-08-12 02:55:00;2025-08-12 03:05:00;57,06995566427658;60,7264365397561;-3,6564808754795237;60,05678427852984;55,03918679906216;5,017597479467682;9,023747165751011;4291,92;4291,92;Excellent;100.0%;194,0;50,0;125,0;-5,0;10,0;18,0;-4,0;87,78280542986425;Low;0,7100623888779004;1526,49207;2149,7999245;Optimal;0,9720400963631222;22,11912347817267;22,75536118410253;"RSI Cross SMA Down: Prev: RSI=61.87 vs SMA=60.84, Curr: RSI=57.07 vs SMA=60.73; RSI Entry Zone: RSI_SMA=60.84 > 60.0; Position Delay: Delay >= 12 candles";;"RSI-SMA Difference: RSI-SMA=5.02 >= 2.0; RSI Above 50: RSI=60.06 >= 50; SMA Not Increasing: SMA: 53.70 -> 55.04; No SMA Downtrend: SMA changes: ['1.342', '1.509', '1.644']";;;5m cross, 15m confirmed
ETH/USDT;Short;open;2025-08-12 13:30:00;2025-08-12 13:40:00;73,5157949565998;74,72063371294391;-1,2048387563441025;62,648325830142454;55,37428604155655;7,2740397885859025;15,792334373063662;4418,17;4418,17;Excellent;100.0%;197,0;50,0;125,0;8,0;6,0;8,0;0,0;89,14027149321268;High;1,9858308526837727;7969,53946;4013,201552;High;1,3849547397588597;30,51682759113742;22,034530598776705;"RSI Cross SMA Down: Prev: RSI=75.08 vs SMA=73.42, Curr: RSI=73.52 vs SMA=74.72; RSI Entry Zone: RSI_SMA=73.42 > 60.0; Position Delay: Delay >= 12 candles";;"RSI-SMA Difference: RSI-SMA=7.27 >= 2.0; RSI Above 50: RSI=62.65 >= 50; SMA Not Increasing: SMA: 54.05 -> 55.37; No SMA Downtrend: SMA changes: ['1.323', '1.981', '1.717']";;;5m cross, 15m confirmed
ETH/USDT;Short;open;2025-08-12 15:10:00;2025-08-12 15:20:00;61,23667393430757;61,767499630079605;-0,5308256957720374;67,6814022293398;64,56746403933153;3,1139381900082697;3,8840693311235746;4417,5;4417,5;Excellent;100.0%;184,0;50,0;125,0;-5,0;10,0;8,0;-4,0;83,2579185520362;Low;1,0283808865662796;4980,73012;4843,2737179999995;Optimal;1,1062976026488116;30,30260610459274;27,391007656564675;"RSI Cross SMA Down: Prev: RSI=63.53 vs SMA=61.64, Curr: RSI=61.24 vs SMA=61.77; RSI Entry Zone: RSI_SMA=61.64 > 60.0; Position Delay: Delay >= 12 candles";;"RSI-SMA Difference: RSI-SMA=3.11 >= 2.0; RSI Above 50: RSI=67.68 >= 50; SMA Not Increasing: SMA: 62.84 -> 64.57; No SMA Downtrend: SMA changes: ['1.723', '1.597', '1.914']";;;5m cross, 15m confirmed
ETH/USDT;Short;open;2025-08-12 16:10:00;2025-08-12 16:20:00;67,59562001878426;69,65241580201038;-2,0567957832261214;73,6031783063456;69,19579747111099;4,407380835234605;5,130544508669279;4467,02;4467,02;Excellent;100.0%;184,0;50,0;125,0;-5,0;10,0;8,0;-4,0;83,2579185520362;Low;1,1432944366202673;6774,65492;5925,5557475000005;Optimal;1,0037670275604056;30,02326668453952;29,91059265765009;"RSI Cross SMA Down: Prev: RSI=78.59 vs SMA=69.69, Curr: RSI=67.60 vs SMA=69.65; RSI Entry Zone: RSI_SMA=69.69 > 60.0; Position Delay: Delay >= 12 candles";;"RSI-SMA Difference: RSI-SMA=4.41 >= 2.0; RSI Above 50: RSI=73.60 >= 50; SMA Not Increasing: SMA: 69.19 -> 69.20; No SMA Downtrend: SMA changes: ['0.005', '1.457', '1.762']";;;5m cross, 15m confirmed
ETH/USDT;Short;skip;2025-08-12 17:25:00;2025-08-12 17:35:00;59,44027256973784;63,129801259924754;-3,6895286901869113;69,02144682161699;69,33731393759386;-0,31586711597687156;1,49861051545759;4476,68;4476,68;Excellent;100.0%;151,0;50,0;90,0;-5,0;10,0;10,0;-4,0;75,12437810945273;Low;0,961279110297664;6370,05738;6626,6470495;Optimal;0,9760825801969242;29,07193283881468;29,78429635835672;"RSI Cross SMA Down: Prev: RSI=70.30 vs SMA=63.43, Curr: RSI=59.44 vs SMA=63.13; RSI Entry Zone: RSI_SMA=63.43 > 60.0; Position Delay: Delay >= 12 candles";;"RSI Above 50: RSI=69.02 >= 50; SMA Not Increasing: SMA: 68.89 -> 69.34; No SMA Downtrend: SMA changes: ['0.445', '0.702', '-0.343']";RSI-SMA Difference: RSI-SMA=-0.32 >= 2.0;RSI-SMA різниця -0.32 < 2.0;5m cross, 15m rejected
ETH/USDT;Short;skip;2025-08-12 17:40:00;2025-08-12 17:50:00;60,3965857155739;63,42089447999571;-3,0243087644218107;70,13326372303945;69,68595738293875;0,44730634010069537;1,2401665060479559;4483,48;4483,48;Excellent;100.0%;151,0;50,0;90,0;-5,0;10,0;10,0;-4,0;75,12437810945273;Low;0,4271026241781089;2442,63398;5719,0797755;Optimal;0,9754235560624234;28,888223350327916;29,616081312351636;"RSI Cross SMA Down: Prev: RSI=64.58 vs SMA=63.34, Curr: RSI=60.40 vs SMA=63.42; RSI Entry Zone: RSI_SMA=63.34 > 60.0; Position Delay: Delay >= 12 candles";;"RSI Above 50: RSI=70.13 >= 50; SMA Not Increasing: SMA: 69.34 -> 69.69; No SMA Downtrend: SMA changes: ['0.349', '0.445', '0.702']";RSI-SMA Difference: RSI-SMA=0.45 >= 2.0;RSI-SMA різниця 0.45 < 2.0;5m cross, 15m rejected
ETH/USDT;Short;skip;2025-08-12 18:25:00;2025-08-12 18:35:00;63,74785292800931;65,20636517370497;-1,4585122456956583;72,1506813746201;71,03168377780028;1,118997596819824;2,0819251775770673;4501,14;4501,14;Excellent;100.0%;141,0;50,0;90,0;-5,0;10,0;0,0;-4,0;70,1492537313433;Low;0,6831339939662339;3383,46948;4952,8635815;Optimal;0,970677587206568;28,321441946308447;29,176981440163214;"RSI Cross SMA Down: Prev: RSI=67.39 vs SMA=65.90, Curr: RSI=63.75 vs SMA=65.21; RSI Entry Zone: RSI_SMA=65.90 > 60.0; Position Delay: Delay >= 12 candles";;"RSI Above 50: RSI=72.15 >= 50; SMA Not Increasing: SMA: 70.69 -> 71.03; No SMA Downtrend: SMA changes: ['0.340', '0.573', '0.433']";RSI-SMA Difference: RSI-SMA=1.12 >= 2.0;RSI-SMA різниця 1.12 < 2.0;5m cross, 15m rejected
ETH/USDT;Short;open;2025-08-12 21:00:00;2025-08-12 21:10:00;70,5054498140709;76,18160536962833;-5,676155555557429;76,81573117542646;72,85508837620736;3,9606427992191016;7,166085379329185;4608,3;4608,3;Excellent;100.0%;194,0;50,0;125,0;-5,0;10,0;18,0;-4,0;87,78280542986425;Low;0,865831648986822;3719,53667;4295,9121145;Optimal;1,1068488263351695;31,08276383928182;28,082212403114134;"RSI Cross SMA Down: Prev: RSI=78.30 vs SMA=75.77, Curr: RSI=70.51 vs SMA=76.18; RSI Entry Zone: RSI_SMA=75.77 > 60.0; Position Delay: Delay >= 12 candles";;"RSI-SMA Difference: RSI-SMA=3.96 >= 2.0; RSI Above 50: RSI=76.82 >= 50; SMA Not Increasing: SMA: 72.38 -> 72.86; No SMA Downtrend: SMA changes: ['0.477', '0.918', '0.502']";;;5m cross, 15m confirmed
ETH/USDT;Short;open;2025-08-13 04:25:00;2025-08-13 04:35:00;64,07676261308033;66,12612687258711;-2,049364259506774;67,6462731775682;59,49693601678235;8,149337160785855;8,258505091189129;4660,93;4660,93;Excellent;100.0%;196,0;50,0;125,0;3,0;10,0;8,0;0,0;88,68778280542986;Normal;1,1992170055920677;3210,42426;2677,1003455;Optimal;0,998858021483281;25,688649504429215;25,718018929539323;"RSI Cross SMA Down: Prev: RSI=67.21 vs SMA=65.73, Curr: RSI=64.08 vs SMA=66.13; RSI Entry Zone: RSI_SMA=65.73 > 60.0; Position Delay: Delay >= 12 candles";;"RSI-SMA Difference: RSI-SMA=8.15 >= 2.0; RSI Above 50: RSI=67.65 >= 50; SMA Not Increasing: SMA: 59.41 -> 59.50; No SMA Downtrend: SMA changes: ['0.090', '-0.040', '-0.114']";;;5m cross, 15m confirmed
ETH/USDT;Short;open;2025-08-13 04:40:00;2025-08-13 04:50:00;66,55386486178547;67,79637747127667;-1,2425126094912002;69,60940243295332;60,770573380470054;8,838829052483263;8,994731092786239;4671,76;4671,76;Excellent;100.0%;196,0;50,0;125,0;3,0;10,0;8,0;0,0;88,68778280542986;Normal;1,2412393584456192;3443,13055;2773,945675;Optimal;0,9992616493008158;25,584460254112876;25,603364516204884;"RSI Cross SMA Down: Prev: RSI=68.61 vs SMA=67.58, Curr: RSI=66.55 vs SMA=67.80; RSI Entry Zone: RSI_SMA=67.58 > 60.0; Position Delay: Delay >= 12 candles";;"RSI-SMA Difference: RSI-SMA=8.84 >= 2.0; RSI Above 50: RSI=69.61 >= 50; SMA Not Increasing: SMA: 59.50 -> 60.77; No SMA Downtrend: SMA changes: ['1.274', '0.090', '-0.040']";;;5m cross, 15m confirmed
ETH/USDT;Short;open;2025-08-13 10:20:00;2025-08-13 10:30:00;66,53472473355396;66,65684273041707;-0,12211799686311053;66,62360623299975;55,70356478427976;10,920041448719985;14,156130687317889;4692,74;4692,74;Excellent;100.0%;184,0;50,0;125,0;-5,0;10,0;8,0;-4,0;83,2579185520362;Low;0,7973970904403075;2069,29045;2595,056434;Optimal;1,068666719837135;23,658708313703897;22,13852820017591;"RSI Cross SMA Down: Prev: RSI=71.79 vs SMA=65.70, Curr: RSI=66.53 vs SMA=66.66; RSI Entry Zone: RSI_SMA=65.70 > 60.0; Position Delay: Delay >= 12 candles";;"RSI-SMA Difference: RSI-SMA=10.92 >= 2.0; RSI Above 50: RSI=66.62 >= 50; SMA Not Increasing: SMA: 54.57 -> 55.70; No SMA Downtrend: SMA changes: ['1.136', '1.544', '1.597']";;;5m cross, 15m confirmed
ETH/USDT;Short;open;2025-08-13 17:30:00;2025-08-13 17:40:00;56,637275661774694;59,545609189896645;-2,9083335281219505;56,687908592389064;52,37862341448924;4,309285177899824;6,527284835629558;4714,78;4714,78;Excellent;100.0%;184,0;50,0;125,0;-5,0;10,0;8,0;-4,0;83,2579185520362;Low;0,5017765613726524;2315,68669;4614,9758045;Optimal;0,956448584259329;31,862488544917504;33,31333128543624;"RSI Cross SMA Down: Prev: RSI=60.44 vs SMA=60.14, Curr: RSI=56.64 vs SMA=59.55; RSI Entry Zone: RSI_SMA=60.14 > 60.0; Position Delay: Delay >= 12 candles";;"RSI-SMA Difference: RSI-SMA=4.31 >= 2.0; RSI Above 50: RSI=56.69 >= 50; SMA Not Increasing: SMA: 51.75 -> 52.38; No SMA Downtrend: SMA changes: ['0.629', '0.792', '0.486']";;;5m cross, 15m confirmed
ETH/USDT;Short;skip;2025-08-13 18:15:00;2025-08-13 18:25:00;57,97804290456963;59,76945151345577;-1,7914086088861438;54,005989141311616;54,192218315117735;-0,1862291738061188;5,331287847285476;4732,07;4732,07;Excellent;100.0%;141,0;50,0;90,0;-5,0;10,0;0,0;-4,0;70,1492537313433;Low;0,6856601895057558;3149,737;4593,728859000001;Optimal;0,9654786297311456;32,08395675407575;33,23114128689735;"RSI Cross SMA Down: Prev: RSI=63.63 vs SMA=60.03, Curr: RSI=57.98 vs SMA=59.77; RSI Entry Zone: RSI_SMA=60.03 > 60.0; Position Delay: Delay >= 12 candles";;"RSI Above 50: RSI=54.01 >= 50; SMA Not Increasing: SMA: 53.46 -> 54.19; No SMA Downtrend: SMA changes: ['0.732', '0.445', '0.636']";RSI-SMA Difference: RSI-SMA=-0.19 >= 2.0;RSI-SMA різниця -0.19 < 2.0;5m cross, 15m rejected
ETH/USDT;Short;open;2025-08-14 03:50:00;2025-08-14 04:00:00;60,354212804894885;60,362113481344174;-0,007900676449288824;60,849417996926796;52,89748429312924;7,9519337037975575;6,861990310943547;4767,01;4767,01;Excellent;100.0%;196,0;50,0;125,0;3,0;10,0;8,0;0,0;88,68778280542986;Normal;1,221326943188661;2679,93762;2194,2835495;Optimal;0,885263794558442;23,844841776668165;26,935295358556555;"RSI Cross SMA Down: Prev: RSI=67.82 vs SMA=60.62, Curr: RSI=60.35 vs SMA=60.36; RSI Entry Zone: RSI_SMA=60.62 > 60.0; Position Delay: Delay >= 12 candles";;"RSI-SMA Difference: RSI-SMA=7.95 >= 2.0; RSI Above 50: RSI=60.85 >= 50; SMA Not Increasing: SMA: 52.43 -> 52.90; No SMA Downtrend: SMA changes: ['0.466', '0.557', '0.185']";;;5m cross, 15m confirmed
ETH/USDT;Short;open;2025-08-14 04:10:00;2025-08-14 04:20:00;59,720878794489025;61,39288422264737;-1,672005428158343;59,86127406582565;53,58817868358051;6,273095382245138;7,144546687492434;4771,99;4771,99;Excellent;100.0%;184,0;50,0;125,0;-5,0;10,0;8,0;-4,0;83,2579185520362;Low;0,9163408082282081;1941,458;2118,707344;Optimal;0,8680327395241647;22,89663879262042;26,37762120029231;"RSI Cross SMA Down: Prev: RSI=64.33 vs SMA=61.26, Curr: RSI=59.72 vs SMA=61.39; RSI Entry Zone: RSI_SMA=61.26 > 60.0; Position Delay: Delay >= 12 candles";;"RSI-SMA Difference: RSI-SMA=6.27 >= 2.0; RSI Above 50: RSI=59.86 >= 50; SMA Not Increasing: SMA: 52.90 -> 53.59; No SMA Downtrend: SMA changes: ['0.691', '0.466', '0.557']";;;5m cross, 15m confirmed
ETH/USDT;Short;open;2025-08-14 04:25:00;2025-08-14 04:35:00;58,408557203508536;62,364600560492036;-3,9560433569835;60,65054733362105;54,615459464425605;6,0350878691954435;6,753372318412713;4774,8;4774,8;Excellent;100.0%;194,0;50,0;125,0;-5,0;10,0;18,0;-4,0;87,78280542986425;Low;0,9678831889256586;2056,3737;2124,609378;Optimal;0,8642496270239656;22,31473602171896;25,819780910475504;"RSI Cross SMA Down: Prev: RSI=63.34 vs SMA=62.62, Curr: RSI=58.41 vs SMA=62.36; RSI Entry Zone: RSI_SMA=62.62 > 60.0; Position Delay: Delay >= 12 candles";;"RSI-SMA Difference: RSI-SMA=6.04 >= 2.0; RSI Above 50: RSI=60.65 >= 50; SMA Not Increasing: SMA: 53.59 -> 54.62; No SMA Downtrend: SMA changes: ['1.027', '0.691', '0.466']";;;5m cross, 15m confirmed
ETH/USDT;Long;open;2025-08-14 11:35:00;2025-08-14 11:45:00;41,77738214803909;38,89842092735034;2,878961220688751;38,65864199359008;45,77409697658586;-7,115454982995779;-6,891570747962994;4705,35;4705,35;Excellent;100.0%;184,0;50,0;125,0;-5,0;10,0;8,0;-4,0;83,2579185520362;Low;0,5480584178807447;1303,72102;2378,7993715000002;Optimal;1,0845950601729473;24,43947592022274;22,53327238677048;"RSI Cross SMA Up: Prev: RSI=38.57 vs SMA=39.58, Curr: RSI=41.78 vs SMA=38.90; RSI Entry Zone: RSI_SMA=39.58 < 40.0; Position Delay: Delay >= 12 candles";;"SMA-RSI Difference: SMA-RSI=7.12 >= 2.0; RSI Below 50: RSI=38.66 <= 50; SMA Not Falling: SMA: 46.28 -> 45.77; No SMA Uptrend: SMA changes: ['-0.504', '-0.819', '-0.668']";;;5m cross, 15m confirmed
ETH/USDT;Long;open;2025-08-14 13:10:00;2025-08-14 13:20:00;41,182000014828674;37,59170482726933;3,5902951875593416;24,931776114707176;40,13199869878935;-15,200222584082177;-18,621381656836853;4583,82;4583,82;Excellent;100.0%;211,0;50,0;125,0;12,0;6,0;18,0;0,0;95,47511312217195;Very High;3,8225468315098174;19460,79455;5091,054579000001;High;1,6786630142320993;45,22509736549701;26,941141242803354;"RSI Cross SMA Up: Prev: RSI=33.44 vs SMA=38.60, Curr: RSI=41.18 vs SMA=37.59; RSI Entry Zone: RSI_SMA=38.60 < 40.0; Position Delay: Delay >= 12 candles";;"SMA-RSI Difference: SMA-RSI=15.20 >= 2.0; RSI Below 50: RSI=24.93 <= 50; SMA Not Falling: SMA: 42.12 -> 40.13; No SMA Uptrend: SMA changes: ['-1.987', '-2.195', '-1.765']";;;5m cross, 15m confirmed
ETH/USDT;Long;open;2025-08-14 16:50:00;2025-08-14 17:00:00;44,368816349206966;39,783230874602616;4,5855854746043505;36,221579327982575;40,40166325969127;-4,180083931708694;-4,784451503666117;4564,6;4564,6;Excellent;100.0%;200,0;50,0;125,0;-5,0;10,0;24,0;-4,0;90,49773755656109;Low;0,6996273320735408;5436,89269;7771,126771;Optimal;1,0017624927762465;50,09586389626442;50,00772564106553;"RSI Cross SMA Up: Prev: RSI=37.16 vs SMA=39.79, Curr: RSI=44.37 vs SMA=39.78; RSI Entry Zone: RSI_SMA=39.79 < 40.0; Position Delay: Delay >= 12 candles";;"SMA-RSI Difference: SMA-RSI=4.18 >= 2.0; RSI Below 50: RSI=36.22 <= 50; SMA Not Falling: SMA: 39.29 -> 40.40; No SMA Uptrend: SMA changes: ['1.112', '0.750', '0.847']";;;5m cross, 15m confirmed
ETH/USDT;Long;open;2025-08-14 17:10:00;2025-08-14 17:20:00;39,10870622103232;37,711398939828086;1,3973072812042346;34,776261793377;40,72483275493322;-5,948570961556214;-4,661872354796046;4534,7;4534,7;Excellent;100.0%;190,0;50,0;125,0;-5,0;10,0;14,0;-4,0;85,97285067873304;Low;0,628735177529957;4991,03421;7938,213716;Optimal;0,9869105609404464;49,392587903674105;50,047684013642474;"RSI Cross SMA Up: Prev: RSI=37.24 vs SMA=38.13, Curr: RSI=39.11 vs SMA=37.71; RSI Entry Zone: RSI_SMA=38.13 < 40.0; Position Delay: Delay >= 12 candles";;"SMA-RSI Difference: SMA-RSI=5.95 >= 2.0; RSI Below 50: RSI=34.78 <= 50; SMA Not Falling: SMA: 40.40 -> 40.72; No SMA Uptrend: SMA changes: ['0.323', '1.112', '0.750']";;;5m cross, 15m confirmed
ETH/USDT;Long;open;2025-08-14 22:05:00;2025-08-14 22:15:00;39,56081327315662;38,39196599437633;1,1688472787802908;37,611412755674976;40,562237038365204;-2,9508242826902276;-5,885383962922728;4476,39;4476,39;Excellent;100.0%;176,0;50,0;125,0;-5,0;10,0;0,0;-4,0;79,63800904977376;Low;0,5494548874012906;1464,11894;2664,675433;Optimal;0,9890935455918891;38,395976256832455;38,819357812971774;"RSI Cross SMA Up: Prev: RSI=36.02 vs SMA=38.93, Curr: RSI=39.56 vs SMA=38.39; RSI Entry Zone: RSI_SMA=38.93 < 40.0; Position Delay: Delay >= 12 candles";;"SMA-RSI Difference: SMA-RSI=2.95 >= 2.0; RSI Below 50: RSI=37.61 <= 50; SMA Not Falling: SMA: 40.97 -> 40.56; No SMA Uptrend: SMA changes: ['-0.404', '-0.259', '-0.257']";;;5m cross, 15m confirmed
ETH/USDT;Short;open;2025-08-14 23:50:00;2025-08-15 00:00:00;55,7347971069387;62,46264389877149;-6,727846791832789;50,62045791271816;44,14682047124376;6,473637441474402;10,53631682115446;4549,85;4549,85;Excellent;100.0%;194,0;50,0;125,0;-5,0;10,0;18,0;-4,0;87,78280542986425;Low;1,0199761660475604;1980,76908;1941,975848;Optimal;0,8844074170954855;31,73191755017882;35,87929831523888;"RSI Cross SMA Down: Prev: RSI=65.80 vs SMA=62.22, Curr: RSI=55.73 vs SMA=62.46; RSI Entry Zone: RSI_SMA=62.22 > 60.0; Position Delay: Delay >= 12 candles";;"RSI-SMA Difference: RSI-SMA=6.47 >= 2.0; RSI Above 50: RSI=50.62 >= 50; SMA Not Increasing: SMA: 43.56 -> 44.15; No SMA Downtrend: SMA changes: ['0.584', '1.078', '0.939']";;;5m cross, 15m confirmed
ETH/USDT;Short;open;2025-08-15 02:50:00;2025-08-15 03:00:00;64,97315703898207;68,5956334484343;-3,622476409452233;63,60271309822104;58,438956170338066;5,163756927882972;7,781950316481219;4627,11;4627,11;Excellent;100.0%;206,0;50,0;125,0;3,0;10,0;18,0;0,0;93,21266968325791;Normal;1,427155590682336;2536,73624;1777,4770015000001;Optimal;0,8988452115515039;26,71482098796391;29,721269741039446;"RSI Cross SMA Down: Prev: RSI=71.61 vs SMA=68.63, Curr: RSI=64.97 vs SMA=68.60; RSI Entry Zone: RSI_SMA=68.63 > 60.0; Position Delay: Delay >= 12 candles";;"RSI-SMA Difference: RSI-SMA=5.16 >= 2.0; RSI Above 50: RSI=63.60 >= 50; SMA Not Increasing: SMA: 57.83 -> 58.44; No SMA Downtrend: SMA changes: ['0.607', '1.103', '1.314']";;;5m cross, 15m confirmed
ETH/USDT;Short;open;2025-08-15 03:40:00;2025-08-15 03:50:00;59,81398373275715;65,00158196058241;-5,187598227825262;64,91555503732005;60,93077926670827;3,984775770611776;5,369986587977611;4634,54;4634,54;Excellent;100.0%;206,0;50,0;125,0;3,0;10,0;18,0;0,0;93,21266968325791;Normal;1,2871116017542314;2344,9967;1821,9062719999997;Optimal;0,8824718759895623;25,086782693351648;28,427855182603427;"RSI Cross SMA Down: Prev: RSI=65.79 vs SMA=65.58, Curr: RSI=59.81 vs SMA=65.00; RSI Entry Zone: RSI_SMA=65.58 > 60.0; Position Delay: Delay >= 12 candles";;"RSI-SMA Difference: RSI-SMA=3.98 >= 2.0; RSI Above 50: RSI=64.92 >= 50; SMA Not Increasing: SMA: 60.20 -> 60.93; No SMA Downtrend: SMA changes: ['0.733', '1.198', '0.561']";;;5m cross, 15m confirmed
ETH/USDT;Long;open;2025-08-15 14:05:00;2025-08-15 14:15:00;36,136434996302576;34,91217293708497;1,2242620592176081;36,05676669452061;45,29884240596537;-9,242075711444755;-14,76493731193313;4565,41;4565,41;Excellent;100.0%;196,0;50,0;125,0;3,0;10,0;8,0;0,0;88,68778280542986;Normal;1,7484571737335495;5844,54557;3342,687289;Optimal;1,2978289319875735;27,316365574959303;21,047739730324373;"RSI Cross SMA Up: Prev: RSI=33.01 vs SMA=35.72, Curr: RSI=36.14 vs SMA=34.91; RSI Entry Zone: RSI_SMA=35.72 < 40.0; Position Delay: Delay >= 12 candles";;"SMA-RSI Difference: SMA-RSI=9.24 >= 2.0; RSI Below 50: RSI=36.06 <= 50; SMA Not Falling: SMA: 46.76 -> 45.30; No SMA Uptrend: SMA changes: ['-1.463', '-1.845', '-1.412']";;;5m cross, 15m confirmed
ETH/USDT;Long;open;2025-08-15 14:30:00;2025-08-15 14:40:00;31,820509985161124;31,619338274441052;0,20117171072007167;30,386424181424758;42,3479742325003;-11,961550051075541;-10,627507867373888;4544,58;4544,58;Excellent;100.0%;196,0;50,0;125,0;3,0;10,0;8,0;0,0;88,68778280542986;Normal;1,179037232626886;4195,03737;3558,0194195000004;Optimal;1,2618163631134804;28,35763154167414;22,473659694587287;"RSI Cross SMA Up: Prev: RSI=32.27 vs SMA=32.46, Curr: RSI=31.82 vs SMA=31.62; RSI Entry Zone: RSI_SMA=32.46 < 40.0; Position Delay: Delay >= 12 candles";;"SMA-RSI Difference: SMA-RSI=11.96 >= 2.0; RSI Below 50: RSI=30.39 <= 50; SMA Not Falling: SMA: 43.98 -> 42.35; No SMA Uptrend: SMA changes: ['-1.635', '-1.316', '-1.463']";;;5m cross, 15m confirmed
ETH/USDT;Long;open;2025-08-15 15:30:00;2025-08-15 15:40:00;32,10549974804026;28,09715423469525;4,008345513345009;18,318119261472688;34,1513031869226;-15,833183925449909;-15,581757607045384;4460,79;4460,79;Excellent;100.0%;202,0;50,0;125,0;3,0;6,0;18,0;0,0;91,4027149321267;Normal;1,2750792876812043;5778,21393;4531,650687;High;1,31987737778478;35,282380894985344;26,731559680340627;"RSI Cross SMA Up: Prev: RSI=21.45 vs SMA=28.04, Curr: RSI=32.11 vs SMA=28.10; RSI Entry Zone: RSI_SMA=28.04 < 40.0; Position Delay: Delay >= 12 candles";;"SMA-RSI Difference: SMA-RSI=15.83 >= 2.0; RSI Below 50: RSI=18.32 <= 50; SMA Not Falling: SMA: 36.58 -> 34.15; No SMA Uptrend: SMA changes: ['-2.424', '-2.194', '-2.000']";;;5m cross, 15m confirmed
ETH/USDT;Long;open;2025-08-15 15:50:00;2025-08-15 16:00:00;37,20287587498255;26,90236813072406;10,300507744258493;23,348811738607964;32,69985239072032;-9,351040652112353;-13,958521649196152;4445,57;4445,57;Excellent;100.0%;202,0;50,0;125,0;3,0;6,0;18,0;0,0;91,4027149321267;Normal;1,2282348545857664;5838,85631;4753,859808;High;1,3045778481862178;36,54863940248634;28,01568296847956;"RSI Cross SMA Up: Prev: RSI=24.11 vs SMA=26.44, Curr: RSI=37.20 vs SMA=26.90; RSI Entry Zone: RSI_SMA=26.44 < 40.0; Position Delay: Delay >= 12 candles";;"SMA-RSI Difference: SMA-RSI=9.35 >= 2.0; RSI Below 50: RSI=23.35 <= 50; SMA Not Falling: SMA: 34.15 -> 32.70; No SMA Uptrend: SMA changes: ['-1.451', '-2.424', '-2.194']";;;5m cross, 15m confirmed
ETH/USDT;Long;open;2025-08-15 16:20:00;2025-08-15 16:30:00;33,99380220612221;29,420982510002972;4,5728196961192396;21,677723698058827;28,627757792670703;-6,950034094611876;-8,989231015299241;4401,98;4401,98;Excellent;100.0%;194,0;50,0;125,0;-5,0;10,0;18,0;-4,0;87,78280542986425;Low;0,6769275820131117;3472,07382;5129,165825499999;Optimal;1,2538839807278575;37,87642887255202;30,207283492500977;"RSI Cross SMA Up: Prev: RSI=28.17 vs SMA=29.08, Curr: RSI=33.99 vs SMA=29.42; RSI Entry Zone: RSI_SMA=29.08 < 40.0; Position Delay: Delay >= 12 candles";;"SMA-RSI Difference: SMA-RSI=6.95 >= 2.0; RSI Below 50: RSI=21.68 <= 50; SMA Not Falling: SMA: 30.57 -> 28.63; No SMA Uptrend: SMA changes: ['-1.946', '-2.126', '-1.451']";;;5m cross, 15m confirmed
ETH/USDT;Long;skip;2025-08-15 17:25:00;2025-08-15 17:35:00;50,81514493325084;39,220387659133436;11,594757274117406;36,38618491583353;26,14610946822776;10,240075447605772;3,788233914261202;4431,28;4431,28;Excellent;100.0%;165,0;50,0;90,0;-5,0;10,0;24,0;-4,0;82,08955223880598;Low;0,6240386204886865;3220,73393;5161,1131495;Optimal;1,1319159861160824;38,39417417297375;33,91963241434093;"RSI Cross SMA Up: Prev: RSI=36.25 vs SMA=37.60, Curr: RSI=50.82 vs SMA=39.22; RSI Entry Zone: RSI_SMA=37.60 < 40.0; Position Delay: Delay >= 12 candles";;"RSI Below 50: RSI=36.39 <= 50; SMA Not Falling: SMA: 25.58 -> 26.15; No SMA Uptrend: SMA changes: ['0.565', '-0.495', '-1.153']";SMA-RSI Difference: SMA-RSI=-10.24 >= 2.0;SMA-RSI diff -10.24 < 2.0;5m cross, 15m rejected
ETH/USDT;Short;open;2025-08-15 23:05:00;2025-08-15 23:15:00;56,235623111394084;60,44595446147626;-4,210331350082178;51,538358025229854;45,053473135949716;6,4848848892801385;10,11089048021305;4446,5;4446,5;Excellent;100.0%;206,0;50,0;125,0;3,0;10,0;18,0;0,0;93,21266968325791;Normal;1,7793215864647578;3856,92619;2167,638621;Optimal;0,9919742712262162;30,894531074100264;31,144488289913397;"RSI Cross SMA Down: Prev: RSI=64.52 vs SMA=60.79, Curr: RSI=56.24 vs SMA=60.45; RSI Entry Zone: RSI_SMA=60.79 > 60.0; Position Delay: Delay >= 12 candles";;"RSI-SMA Difference: RSI-SMA=6.48 >= 2.0; RSI Above 50: RSI=51.54 >= 50; SMA Not Increasing: SMA: 43.83 -> 45.05; No SMA Downtrend: SMA changes: ['1.220', '1.711', '1.004']";;;5m cross, 15m confirmed
ETH/USDT;Short;open;2025-08-16 01:00:00;2025-08-16 01:10:00;58,465893432859005;60,87557446295093;-2,4096810300919245;58,764285398397156;51,96427865315007;6,800006745247089;6,94609155177375;4469,3;4469,3;Excellent;100.0%;196,0;50,0;125,0;3,0;10,0;8,0;0,0;88,68778280542986;Normal;1,1658221818314136;2195,1366;1882,9085895;Optimal;0,9636551193420891;28,392107445979434;29,46293427607526;"RSI Cross SMA Down: Prev: RSI=62.64 vs SMA=60.17, Curr: RSI=58.47 vs SMA=60.88; RSI Entry Zone: RSI_SMA=60.17 > 60.0; Position Delay: Delay >= 12 candles";;"RSI-SMA Difference: RSI-SMA=6.80 >= 2.0; RSI Above 50: RSI=58.76 >= 50; SMA Not Increasing: SMA: 50.91 -> 51.96; No SMA Downtrend: SMA changes: ['1.058', '1.003', '1.104']";;;5m cross, 15m confirmed
ETH/USDT;Short;open;2025-08-16 01:15:00;2025-08-16 01:25:00;55,80533490242625;60,931296162985554;-5,125961260559301;55,005509541726205;52,456080396786334;2,5494291449398716;5,350418226124343;4469,41;4469,41;Excellent;100.0%;198,0;50,0;125,0;3,0;10,0;10,0;0,0;89,59276018099548;Normal;1,1776584370526355;2250,05712;1910,6194540000001;Optimal;0,9732711394390826;28,602671199838056;29,388183868600482;"RSI Cross SMA Down: Prev: RSI=62.73 vs SMA=61.33, Curr: RSI=55.81 vs SMA=60.93; RSI Entry Zone: RSI_SMA=61.33 > 60.0; Position Delay: Delay >= 12 candles";;"RSI-SMA Difference: RSI-SMA=2.55 >= 2.0; RSI Above 50: RSI=55.01 >= 50; SMA Not Increasing: SMA: 51.96 -> 52.46; No SMA Downtrend: SMA changes: ['0.492', '1.058', '1.003']";;;5m cross, 15m confirmed
ETH/USDT;Long;skip;2025-08-16 06:15:00;2025-08-16 06:25:00;45,10959728057102;39,480658550701534;5,628938729869489;44,096060957263724;45,876530005853496;-1,7804690485897723;-5,1807415769033485;4427,92;4427,92;Excellent;100.0%;151,0;50,0;90,0;-5,0;10,0;10,0;-4,0;75,12437810945273;Low;0,8591013087392121;955,8565;1112,6237270000001;Optimal;0,886404381897668;18,806173729829375;21,216246347483057;"RSI Cross SMA Up: Prev: RSI=33.21 vs SMA=39.90, Curr: RSI=45.11 vs SMA=39.48; RSI Entry Zone: RSI_SMA=39.90 < 40.0; Position Delay: Delay >= 12 candles";;"RSI Below 50: RSI=44.10 <= 50; SMA Not Falling: SMA: 46.10 -> 45.88; No SMA Uptrend: SMA changes: ['-0.219', '-0.881', '-0.872']";SMA-RSI Difference: SMA-RSI=1.78 >= 2.0;SMA-RSI diff 1.78 < 2.0;5m cross, 15m rejected
ETH/USDT;Long;open;2025-08-16 06:40:00;2025-08-16 06:50:00;41,459211824470685;39,17073938146593;2,288472443004757;42,030672678615915;45,288528125082074;-3,2578554464661593;-4,129155603498641;4421,06;4421,06;Excellent;100.0%;196,0;50,0;125,0;3,0;10,0;8,0;0,0;88,68778280542986;Normal;1,2041240499300834;1335,31752;1108,9534505;Optimal;0,919177024127234;19,09358989198441;20,772483853275084;"RSI Cross SMA Up: Prev: RSI=37.73 vs SMA=39.24, Curr: RSI=41.46 vs SMA=39.17; RSI Entry Zone: RSI_SMA=39.24 < 40.0; Position Delay: Delay >= 12 candles";;"SMA-RSI Difference: SMA-RSI=3.26 >= 2.0; RSI Below 50: RSI=42.03 <= 50; SMA Not Falling: SMA: 45.88 -> 45.29; No SMA Uptrend: SMA changes: ['-0.588', '-0.219', '-0.881']";;;5m cross, 15m confirmed
ETH/USDT;Long;open;2025-08-16 10:40:00;2025-08-16 10:50:00;37,722495572137866;35,376820352964884;2,345675219172982;37,90268473686765;48,07067230833683;-10,167987571469183;-12,729088767031035;4401,8;4401,8;Excellent;100.0%;184,0;50,0;125,0;-5,0;10,0;8,0;-4,0;83,2579185520362;Low;0,7540768645567826;1271,76419;1686,5179795;Optimal;1,1169469889723134;20,432612162346306;18,293269388859766;"RSI Cross SMA Up: Prev: RSI=36.21 vs SMA=36.51, Curr: RSI=37.72 vs SMA=35.38; RSI Entry Zone: RSI_SMA=36.51 < 40.0; Position Delay: Delay >= 12 candles";;"SMA-RSI Difference: SMA-RSI=10.17 >= 2.0; RSI Below 50: RSI=37.90 <= 50; SMA Not Falling: SMA: 48.84 -> 48.07; No SMA Uptrend: SMA changes: ['-0.766', '-0.384', '-0.569']";;;5m cross, 15m confirmed
ETH/USDT;Short;open;2025-08-17 04:10:00;2025-08-17 04:20:00;63,917075678301984;65,98617749413566;-2,069101815833676;66,05264425441695;52,81601345966997;13,23663079474698;14,010323789385966;4455,92;4455,92;Excellent;100.0%;196,0;50,0;125,0;3,0;10,0;8,0;0,0;88,68778280542986;Normal;1,7484332545805177;1354,44339;774,6611925;Optimal;1,073089164982437;14,61806771067196;13,622416652498034;"RSI Cross SMA Down: Prev: RSI=69.61 vs SMA=66.54, Curr: RSI=63.92 vs SMA=65.99; RSI Entry Zone: RSI_SMA=66.54 > 60.0; Position Delay: Delay >= 12 candles";;"RSI-SMA Difference: RSI-SMA=13.24 >= 2.0; RSI Above 50: RSI=66.05 >= 50; SMA Not Increasing: SMA: 51.74 -> 52.82; No SMA Downtrend: SMA changes: ['1.072', '1.315', '1.101']";;;5m cross, 15m confirmed
ETH/USDT;Short;open;2025-08-17 04:35:00;2025-08-17 04:45:00;65,8578157992379;67,99343956985659;-2,135623770618693;68,1689283224297;56,30735363483255;11,861574687597141;13,897028949669513;4469,14;4469,14;Excellent;100.0%;196,0;50,0;125,0;3,0;10,0;8,0;0,0;88,68778280542986;Normal;1,45494443810345;1276,3886;877,2765245;Optimal;1,0684321297157393;14,9863951178753;14,02652981042651;"RSI Cross SMA Down: Prev: RSI=69.04 vs SMA=67.38, Curr: RSI=65.86 vs SMA=67.99; RSI Entry Zone: RSI_SMA=67.38 > 60.0; Position Delay: Delay >= 12 candles";;"RSI-SMA Difference: RSI-SMA=11.86 >= 2.0; RSI Above 50: RSI=68.17 >= 50; SMA Not Increasing: SMA: 54.56 -> 56.31; No SMA Downtrend: SMA changes: ['1.751', '1.740', '1.072']";;;5m cross, 15m confirmed
ETH/USDT;Short;open;2025-08-17 05:00:00;2025-08-17 05:10:00;68,34765433433873;68,72856015475575;-0,38090582041702703;73,20334334542935;60,747824640623;12,455518704806344;12,764327340279443;4482,32;4482,32;Excellent;100.0%;201,0;50,0;125,0;8,0;10,0;8,0;0,0;90,9502262443439;High;1,9586975141708802;2039,92257;1041,4689125;Optimal;1,079334738014213;15,565922321025187;14,421774610593705;"RSI Cross SMA Down: Prev: RSI=69.59 vs SMA=68.84, Curr: RSI=68.35 vs SMA=68.73; RSI Entry Zone: RSI_SMA=68.84 > 60.0; Position Delay: Delay >= 12 candles";;"RSI-SMA Difference: RSI-SMA=12.46 >= 2.0; RSI Above 50: RSI=73.20 >= 50; SMA Not Increasing: SMA: 58.42 -> 60.75; No SMA Downtrend: SMA changes: ['2.326', '2.115', '1.751']";;;5m cross, 15m confirmed
ETH/USDT;Short;open;2025-08-17 05:15:00;2025-08-17 05:25:00;67,88743776966447;68,72710305071365;-0,8396652810491787;66,9848943913874;62,36636937482181;4,618525016565592;10,349977449935594;4484,48;4484,48;Excellent;100.0%;196,0;50,0;125,0;3,0;10,0;8,0;0,0;88,68778280542986;Normal;1,7614058952307676;1973,56018;1120,4459944999999;Optimal;1,0750083647338928;15,677642155237681;14,583739689428853;"RSI Cross SMA Down: Prev: RSI=70.49 vs SMA=68.85, Curr: RSI=67.89 vs SMA=68.73; RSI Entry Zone: RSI_SMA=68.85 > 60.0; Position Delay: Delay >= 12 candles";;"RSI-SMA Difference: RSI-SMA=4.62 >= 2.0; RSI Above 50: RSI=66.98 >= 50; SMA Not Increasing: SMA: 60.75 -> 62.37; No SMA Downtrend: SMA changes: ['1.619', '2.326', '2.115']";;;5m cross, 15m confirmed
ETH/USDT;Short;open;2025-08-17 09:30:00;2025-08-17 09:40:00;70,2954429693155;75,11537078285463;-4,819927813539124;70,82832359784277;62,67810875448979;8,150214843352977;13,49804092336086;4538,98;4538,98;Excellent;100.0%;194,0;50,0;125,0;-5,0;10,0;18,0;-4,0;87,78280542986425;Low;1,01442928589971;1929,46139;1902,016648;Optimal;1,177907098939201;18,137435108195998;15,398018336531122;"RSI Cross SMA Down: Prev: RSI=77.31 vs SMA=73.89, Curr: RSI=70.30 vs SMA=75.12; RSI Entry Zone: RSI_SMA=73.89 > 60.0; Position Delay: Delay >= 12 candles";;"RSI-SMA Difference: RSI-SMA=8.15 >= 2.0; RSI Above 50: RSI=70.83 >= 50; SMA Not Increasing: SMA: 62.42 -> 62.68; No SMA Downtrend: SMA changes: ['0.254', '1.108', '0.981']";;;5m cross, 15m confirmed
ETH/USDT;Short;skip;2025-08-17 11:25:00;2025-08-17 11:35:00;58,83739591337189;64,56792734689586;-5,730531433523964;68,30320160483171;69,65909083720143;-1,3558892323697194;2,711324294433846;4554,8;4554,8;Excellent;100.0%;151,0;50,0;90,0;-5,0;10,0;10,0;-4,0;75,12437810945273;Low;0,46564674383924826;871,29871;1871,158172;Optimal;1,0292449928895575;17,535126410777785;17,03688289174838;"RSI Cross SMA Down: Prev: RSI=66.36 vs SMA=64.96, Curr: RSI=58.84 vs SMA=64.57; RSI Entry Zone: RSI_SMA=64.96 > 60.0; Position Delay: Delay >= 12 candles";;"RSI Above 50: RSI=68.30 >= 50; SMA Not Increasing: SMA: 68.81 -> 69.66; No SMA Downtrend: SMA changes: ['0.852', '0.947', '1.390']";RSI-SMA Difference: RSI-SMA=-1.36 >= 2.0;RSI-SMA різниця -1.36 < 2.0;5m cross, 15m rejected
ETH/USDT;Short;skip;2025-08-17 16:00:00;2025-08-17 16:10:00;51,14518850818232;60,048258893262854;-8,903070385080532;58,14550023694829;59,52346549426053;-1,3779652573122405;4,09183296461634;4553,22;4553,22;Excellent;100.0%;169,0;50,0;90,0;3,0;10,0;16,0;0,0;84,07960199004975;Normal;1,3972599662749006;1772,98654;1268,902411;Optimal;0,9398966754472441;14,17937760901683;15,086102525333075;"RSI Cross SMA Down: Prev: RSI=62.09 vs SMA=60.74, Curr: RSI=51.15 vs SMA=60.05; RSI Entry Zone: RSI_SMA=60.74 > 60.0; Position Delay: Delay >= 12 candles";;"RSI Above 50: RSI=58.15 >= 50; SMA Not Increasing: SMA: 59.74 -> 59.52; No SMA Downtrend: SMA changes: ['-0.214', '0.345', '0.385']";RSI-SMA Difference: RSI-SMA=-1.38 >= 2.0;RSI-SMA різниця -1.38 < 2.0;5m cross, 15m rejected
ETH/USDT;Long;open;2025-08-17 17:20:00;2025-08-17 17:30:00;40,52511632726087;36,79305534334902;3,7320609839118504;43,510128376688826;55,30791382632754;-11,797785449638717;-16,222596288207757;4518,57;4518,57;Excellent;100.0%;194,0;50,0;125,0;-5,0;10,0;18,0;-4,0;87,78280542986425;Low;1,0397540767112097;1586,23339;1525,5851605;Optimal;1,0813944745121986;16,18471866369797;14,966526133766925;"RSI Cross SMA Up: Prev: RSI=34.93 vs SMA=37.43, Curr: RSI=40.53 vs SMA=36.79; RSI Entry Zone: RSI_SMA=37.43 < 40.0; Position Delay: Delay >= 12 candles";;"SMA-RSI Difference: SMA-RSI=11.80 >= 2.0; RSI Below 50: RSI=43.51 <= 50; SMA Not Falling: SMA: 56.17 -> 55.31; No SMA Uptrend: SMA changes: ['-0.863', '-1.327', '-0.961']";;;5m cross, 15m confirmed
ETH/USDT;Long;open;2025-08-17 19:20:00;2025-08-17 19:30:00;37,26265804890535;34,47323125259427;2,7894267963110835;33,98326808846652;42,42475234682562;-8,441484258359104;-12,711091088651676;4480,38;4480,38;Excellent;100.0%;184,0;50,0;125,0;-5,0;10,0;8,0;-4,0;83,2579185520362;Low;0,5822135403385351;1025,75824;1761,8247755;Optimal;1,2543873485442871;20,81473823918954;16,593549244055264;"RSI Cross SMA Up: Prev: RSI=32.53 vs SMA=35.37, Curr: RSI=37.26 vs SMA=34.47; RSI Entry Zone: RSI_SMA=35.37 < 40.0; Position Delay: Delay >= 12 candles";;"SMA-RSI Difference: SMA-RSI=8.44 >= 2.0; RSI Below 50: RSI=33.98 <= 50; SMA Not Falling: SMA: 44.67 -> 42.42; No SMA Uptrend: SMA changes: ['-2.240', '-2.425', '-2.481']";;;5m cross, 15m confirmed
ETH/USDT;Long;open;2025-08-17 19:50:00;2025-08-17 20:00:00;33,1329020104601;30,582122696375702;2,550779314084398;29,90500774202299;38,89564650704004;-8,990638765017053;-9,633723077671306;4461,4;4461,4;Excellent;100.0%;184,0;50,0;125,0;-5,0;10,0;8,0;-4,0;83,2579185520362;Low;0,9940848450741062;1828,18826;1839,0666240000003;Optimal;1,2177980384785656;21,46107531848484;17,622852591630757;"RSI Cross SMA Up: Prev: RSI=30.72 vs SMA=30.92, Curr: RSI=33.13 vs SMA=30.58; RSI Entry Zone: RSI_SMA=30.92 < 40.0; Position Delay: Delay >= 12 candles";;"SMA-RSI Difference: SMA-RSI=8.99 >= 2.0; RSI Below 50: RSI=29.91 <= 50; SMA Not Falling: SMA: 40.33 -> 38.90; No SMA Uptrend: SMA changes: ['-1.438', '-2.092', '-2.240']";;;5m cross, 15m confirmed
ETH/USDT;Short;open;2025-08-17 23:00:00;2025-08-17 23:10:00;56,68228751640423;67,21978855888612;-10,537501042481892;52,075711404533415;44,05026091025936;8,025450494274054;15,155368963056501;4509,61;4509,61;Excellent;100.0%;194,0;50,0;125,0;-5,0;10,0;18,0;-4,0;87,78280542986425;Low;0,6936655059171519;1047,68993;1510,3676355;Optimal;0,9957516841956499;19,012571491010817;19,093687505403345;"RSI Cross SMA Down: Prev: RSI=67.54 vs SMA=67.23, Curr: RSI=56.68 vs SMA=67.22; RSI Entry Zone: RSI_SMA=67.23 > 60.0; Position Delay: Delay >= 12 candles";;"RSI-SMA Difference: RSI-SMA=8.03 >= 2.0; RSI Above 50: RSI=52.08 >= 50; SMA Not Increasing: SMA: 42.39 -> 44.05; No SMA Downtrend: SMA changes: ['1.658', '1.732', '2.055']";;;5m cross, 15m confirmed
ETH/USDT;Long;open;2025-08-18 00:45:00;2025-08-18 00:55:00;40,44801350239956;36,25935054121844;4,188662961181123;42,178285478882934;47,36342514927526;-5,185139670392324;-7,698305316768372;4459,96;4459,96;Excellent;100.0%;200,0;50,0;125,0;-5,0;10,0;24,0;-4,0;90,49773755656109;Low;0,8750489455261078;1085,4124;1240,4019289999999;Optimal;1,0695470143504278;20,972488793536368;19,608758205242314;"RSI Cross SMA Up: Prev: RSI=36.20 vs SMA=36.45, Curr: RSI=40.45 vs SMA=36.26; RSI Entry Zone: RSI_SMA=36.45 < 40.0; Position Delay: Delay >= 12 candles";;"SMA-RSI Difference: SMA-RSI=5.19 >= 2.0; RSI Below 50: RSI=42.18 <= 50; SMA Not Falling: SMA: 46.95 -> 47.36; No SMA Uptrend: SMA changes: ['0.409', '0.120', '0.068']";;;5m cross, 15m confirmed
ETH/USDT;Long;open;2025-08-18 02:10:00;2025-08-18 02:20:00;27,77955885901754;24,416710515173538;3,3628483438440036;25,80011900693468;40,280928013040395;-14,480809006105716;-14,693138760451056;4376,51;4376,51;Excellent;100.0%;215,0;50,0;125,0;12,0;10,0;18,0;0,0;97,28506787330316;Very High;4,3637993698368565;9203,46498;2109,0486065;Optimal;1,2484074911365604;26,902089738684936;21,54912552967225;"RSI Cross SMA Up: Prev: RSI=11.63 vs SMA=25.38, Curr: RSI=27.78 vs SMA=24.42; RSI Entry Zone: RSI_SMA=25.38 < 40.0; Position Delay: Delay >= 12 candles";;"SMA-RSI Difference: SMA-RSI=14.48 >= 2.0; RSI Below 50: RSI=25.80 <= 50; SMA Not Falling: SMA: 42.88 -> 40.28; No SMA Uptrend: SMA changes: ['-2.604', '-2.002', '-1.545']";;;5m cross, 15m confirmed
ETH/USDT;Long;open;2025-08-18 02:55:00;2025-08-18 03:05:00;27,111261492390497;25,39141860461772;1,7198428877727778;19,834723368841324;34,14936142689349;-14,314638058052168;-12,710977803235979;4320,55;4320,55;Excellent;100.0%;201,0;50,0;125,0;8,0;10,0;8,0;0,0;90,9502262443439;High;2,4763704934543966;6803,88028;2747,5211394999997;Optimal;1,29517802489289;30,4640383221176;23,521120445690816;"RSI Cross SMA Up: Prev: RSI=23.33 vs SMA=24.83, Curr: RSI=27.11 vs SMA=25.39; RSI Entry Zone: RSI_SMA=24.83 < 40.0; Position Delay: Delay >= 12 candles";;"SMA-RSI Difference: SMA-RSI=14.31 >= 2.0; RSI Below 50: RSI=19.83 <= 50; SMA Not Falling: SMA: 35.97 -> 34.15; No SMA Uptrend: SMA changes: ['-1.825', '-1.886', '-2.421']";;;5m cross, 15m confirmed
ETH/USDT;Long;open;2025-08-18 03:40:00;2025-08-18 03:50:00;32,72386720331649;30,30955649887387;2,4143107044426166;18,387784371763388;28,571838595174857;-10,184054223411469;-11,489038088093372;4306,07;4306,07;Excellent;100.0%;205,0;50,0;125,0;12,0;10,0;8,0;0,0;92,76018099547511;Very High;3,215936907540186;10916,9389;3394,6371505;Optimal;1,1906836923231445;30,53369977904244;25,64383805363799;"RSI Cross SMA Up: Prev: RSI=26.12 vs SMA=29.71, Curr: RSI=32.72 vs SMA=30.31; RSI Entry Zone: RSI_SMA=29.71 < 40.0; Position Delay: Delay >= 12 candles";;"SMA-RSI Difference: SMA-RSI=10.18 >= 2.0; RSI Below 50: RSI=18.39 <= 50; SMA Not Falling: SMA: 30.40 -> 28.57; No SMA Uptrend: SMA changes: ['-1.826', '-1.692', '-2.060']";;;5m cross, 15m confirmed
ETH/USDT;Long;open;2025-08-18 07:00:00;2025-08-18 07:10:00;37,487047501603875;35,23330495986067;2,2537425417432075;26,026515329969158;28,11252824479464;-2,0860129148254813;-2,0414269775025295;4257,86;4257,86;Excellent;100.0%;182,0;50,0;125,0;-5,0;10,0;6,0;-4,0;82,35294117647058;Low;0,5803108831767532;2548,63083;4391,8370374999995;Optimal;1,0451353644163373;30,237779243957316;28,93192621115046;"RSI Cross SMA Up: Prev: RSI=34.55 vs SMA=35.50, Curr: RSI=37.49 vs SMA=35.23; RSI Entry Zone: RSI_SMA=35.50 < 40.0; Position Delay: Delay >= 12 candles";;"SMA-RSI Difference: SMA-RSI=2.09 >= 2.0; RSI Below 50: RSI=26.03 <= 50; SMA Not Falling: SMA: 27.57 -> 28.11; No SMA Uptrend: SMA changes: ['0.546', '0.563', '0.317']";;;5m cross, 15m confirmed
ETH/USDT;Short;open;2025-08-18 13:10:00;2025-08-18 13:20:00;65,25311967286743;66,34658006289041;-1,0934603900229831;60,454031425882356;50,14683994737985;10,307191478502503;12,619275979853688;4335,99;4335,99;Excellent;100.0%;196,0;50,0;125,0;3,0;10,0;8,0;0,0;88,68778280542986;Normal;1,2700259282150541;3327,0737;2619,6895875;Optimal;0,9717495704741226;27,433141457221744;28,230670010831027;"RSI Cross SMA Down: Prev: RSI=66.15 vs SMA=65.82, Curr: RSI=65.25 vs SMA=66.35; RSI Entry Zone: RSI_SMA=65.82 > 60.0; Position Delay: Delay >= 12 candles";;"RSI-SMA Difference: RSI-SMA=10.31 >= 2.0; RSI Above 50: RSI=60.45 >= 50; SMA Not Increasing: SMA: 49.41 -> 50.15; No SMA Downtrend: SMA changes: ['0.733', '2.295', '2.135']";;;5m cross, 15m confirmed
ETH/USDT;Short;open;2025-08-18 13:35:00;2025-08-18 13:45:00;64,20641486331382;69,5379142686878;-5,331499405373975;55,422549694156054;51,798297456756146;3,624252237399908;8,865255987884431;4348,88;4348,88;Excellent;100.0%;206,0;50,0;125,0;3,0;10,0;18,0;0,0;93,21266968325791;Normal;1,6879172368210467;4789,86195;2837,7350770000003;Optimal;1,0682027980454978;29,908422991175872;27,998824797968734;"RSI Cross SMA Down: Prev: RSI=73.29 vs SMA=69.03, Curr: RSI=64.21 vs SMA=69.54; RSI Entry Zone: RSI_SMA=69.03 > 60.0; Position Delay: Delay >= 12 candles";;"RSI-SMA Difference: RSI-SMA=3.62 >= 2.0; RSI Above 50: RSI=55.42 >= 50; SMA Not Increasing: SMA: 51.20 -> 51.80; No SMA Downtrend: SMA changes: ['0.594', '1.057', '0.733']";;;5m cross, 15m confirmed
ETH/USDT;Long;open;2025-08-19 00:00:00;2025-08-19 00:10:00;37,252776731866376;36,377059427402166;0,8757173044642101;43,87614575219095;49,72950187695735;-5,8533561247664;-7,570118483611623;4316,72;4316,72;Excellent;100.0%;184,0;50,0;125,0;-5,0;10,0;8,0;-4,0;83,2579185520362;Low;0,867003530621352;1296,52551;1495,4097235000002;Optimal;0,926731396808235;23,22228097674704;25,058265055794088;"RSI Cross SMA Up: Prev: RSI=34.76 vs SMA=36.91, Curr: RSI=37.25 vs SMA=36.38; RSI Entry Zone: RSI_SMA=36.91 < 40.0; Position Delay: Delay >= 12 candles";;"SMA-RSI Difference: SMA-RSI=5.85 >= 2.0; RSI Below 50: RSI=43.88 <= 50; SMA Not Falling: SMA: 50.01 -> 49.73; No SMA Uptrend: SMA changes: ['-0.285', '-0.926', '-1.157']";;;5m cross, 15m confirmed
ETH/USDT;Long;skip;2025-08-19 00:45:00;2025-08-19 00:55:00;44,961245047909394;33,839951416357714;11,12129363155168;52,23466783291346;47,697466994889744;4,537200838023715;-6,24403475208364;4309,71;4309,71;Excellent;100.0%;136,0;50,0;55,0;3,0;10,0;18,0;0,0;75,13812154696133;Normal;1,4200882357690472;2374,88845;1672,3527385000002;Optimal;1,071080833320862;26,808149163962586;25,029062541287875;"RSI Cross SMA Up: Prev: RSI=28.27 vs SMA=33.00, Curr: RSI=44.96 vs SMA=33.84; RSI Entry Zone: RSI_SMA=33.00 < 40.0; Position Delay: Delay >= 12 candles";;"SMA Not Falling: SMA: 47.80 -> 47.70; No SMA Uptrend: SMA changes: ['-0.106', '-1.109', '-0.817']";"SMA-RSI Difference: SMA-RSI=-4.54 >= 2.0; RSI Below 50: RSI=52.23 <= 50";SMA-RSI diff -4.54 < 2.0;5m cross, 15m rejected
ETH/USDT;Long;open;2025-08-19 04:15:00;2025-08-19 04:25:00;33,57491471852816;28,181174562594148;5,393740155934015;24,451794863450303;36,8953473096998;-12,443552446249498;-12,992333548788451;4222,32;4222,32;Excellent;100.0%;194,0;50,0;125,0;-5,0;10,0;18,0;-4,0;87,78280542986425;Low;0,8578189578880556;2007,47939;2340,213365;Optimal;1,0139732740470153;25,621447567624774;25,2683657680279;"RSI Cross SMA Up: Prev: RSI=26.17 vs SMA=28.24, Curr: RSI=33.57 vs SMA=28.18; RSI Entry Zone: RSI_SMA=28.24 < 40.0; Position Delay: Delay >= 12 candles";;"SMA-RSI Difference: SMA-RSI=12.44 >= 2.0; RSI Below 50: RSI=24.45 <= 50; SMA Not Falling: SMA: 38.88 -> 36.90; No SMA Uptrend: SMA changes: ['-1.984', '-0.816', '-0.713']";;;5m cross, 15m confirmed
ETH/USDT;Short;open;2025-08-19 09:45:00;2025-08-19 09:55:00;60,6410612923908;64,29035558177955;-3,649294289388749;60,333632399019244;47,852171033286204;12,48146136573304;13,857915868455203;4275,95;4275,95;Excellent;100.0%;194,0;50,0;125,0;-5,0;10,0;18,0;-4,0;87,78280542986425;Low;0,7151838616200971;1071,96335;1498,8640090000001;Optimal;1,0010578055855943;21,43259903505093;21,40995146879993;"RSI Cross SMA Down: Prev: RSI=64.77 vs SMA=63.37, Curr: RSI=60.64 vs SMA=64.29; RSI Entry Zone: RSI_SMA=63.37 > 60.0; Position Delay: Delay >= 12 candles";;"RSI-SMA Difference: RSI-SMA=12.48 >= 2.0; RSI Above 50: RSI=60.33 >= 50; SMA Not Increasing: SMA: 46.68 -> 47.85; No SMA Downtrend: SMA changes: ['1.173', '1.454', '1.550']";;;5m cross, 15m confirmed
ETH/USDT;Short;open;2025-08-19 10:30:00;2025-08-19 10:40:00;60,23965322694085;64,65504850800117;-4,41539528106032;63,440282552388055;52,27307446680641;11,167208085581642;12,16960645309875;4286,37;4286,37;Excellent;100.0%;206,0;50,0;125,0;3,0;10,0;18,0;0,0;93,21266968325791;Normal;1,631325049820019;2508,76094;1537,8669875;Optimal;0,965054115537297;20,484384139944204;21,226150751701066;"RSI Cross SMA Down: Prev: RSI=66.82 vs SMA=65.04, Curr: RSI=60.24 vs SMA=64.66; RSI Entry Zone: RSI_SMA=65.04 > 60.0; Position Delay: Delay >= 12 candles";;"RSI-SMA Difference: RSI-SMA=11.17 >= 2.0; RSI Above 50: RSI=63.44 >= 50; SMA Not Increasing: SMA: 50.67 -> 52.27; No SMA Downtrend: SMA changes: ['1.603', '1.531', '1.287']";;;5m cross, 15m confirmed
ETH/USDT;Short;open;2025-08-19 11:35:00;2025-08-19 11:45:00;60,944595596281204;61,22483993003197;-0,2802443337507654;61,65474688711138;58,359534620655275;3,2952122664561045;6,690236584841749;4299,77;4299,77;Excellent;100.0%;184,0;50,0;125,0;-5,0;10,0;8,0;-4,0;83,2579185520362;Low;1,0817920505909246;1659,71503;1534,227423;Optimal;0,9509501679183892;19,677954378929208;20,692939591150033;"RSI Cross SMA Down: Prev: RSI=66.09 vs SMA=61.64, Curr: RSI=60.94 vs SMA=61.22; RSI Entry Zone: RSI_SMA=61.64 > 60.0; Position Delay: Delay >= 12 candles";;"RSI-SMA Difference: RSI-SMA=3.30 >= 2.0; RSI Above 50: RSI=61.65 >= 50; SMA Not Increasing: SMA: 57.16 -> 58.36; No SMA Downtrend: SMA changes: ['1.203', '1.670', '1.574']";;;5m cross, 15m confirmed
ETH/USDT;Short;open;2025-08-19 12:00:00;2025-08-19 12:10:00;57,8087668614422;61,86270925829708;-4,053942396854879;63,674272337321106;61,31841490344539;2,3558574338757197;3,6901540061308773;4301,65;4301,65;Excellent;100.0%;186,0;50,0;125,0;-5,0;10,0;10,0;-4,0;84,16289592760181;Low;0,5064605114643513;772,46505;1525,222663;Optimal;0,9193036520296629;18,83997086754609;20,49374091569277;"RSI Cross SMA Down: Prev: RSI=65.04 vs SMA=61.72, Curr: RSI=57.81 vs SMA=61.86; RSI Entry Zone: RSI_SMA=61.72 > 60.0; Position Delay: Delay >= 12 candles";;"RSI-SMA Difference: RSI-SMA=2.36 >= 2.0; RSI Above 50: RSI=63.67 >= 50; SMA Not Increasing: SMA: 59.97 -> 61.32; No SMA Downtrend: SMA changes: ['1.348', '1.610', '1.203']";;;5m cross, 15m confirmed
ETH/USDT;Long;open;2025-08-19 15:20:00;2025-08-19 15:30:00;39,42556922239912;30,478336889513432;8,947232332885687;41,53203939129469;48,51787507046898;-6,9858356791742935;-17,616453718410884;4209,56;4209,56;Excellent;100.0%;207,0;50,0;125,0;8,0;6,0;18,0;0,0;93,66515837104072;High;1,9139238259122562;6554,34914;3424,5611300000005;High;1,3051042926490448;30,080339751296403;23,048226812771123;"RSI Cross SMA Up: Prev: RSI=30.01 vs SMA=30.67, Curr: RSI=39.43 vs SMA=30.48; RSI Entry Zone: RSI_SMA=30.67 < 40.0; Position Delay: Delay >= 12 candles";;"SMA-RSI Difference: SMA-RSI=6.99 >= 2.0; RSI Below 50: RSI=41.53 <= 50; SMA Not Falling: SMA: 50.22 -> 48.52; No SMA Uptrend: SMA changes: ['-1.704', '-2.400', '-2.686']";;;5m cross, 15m confirmed
ETH/USDT;Long;open;2025-08-19 16:20:00;2025-08-19 16:30:00;41,37238576898275;39,7099203482022;1,6624654207805492;32,65054071130409;40,64724141067573;-7,996700699371644;-8,828795224741818;4194,78;4194,78;Excellent;100.0%;184,0;50,0;125,0;-5,0;10,0;8,0;-4,0;83,2579185520362;Low;0,48872473681860745;1762,03597;3605,375045;Optimal;1,09655103446366;28,701184757308784;26,174052876022294;"RSI Cross SMA Up: Prev: RSI=36.81 vs SMA=38.69, Curr: RSI=41.37 vs SMA=39.71; RSI Entry Zone: RSI_SMA=38.69 < 40.0; Position Delay: Delay >= 12 candles";;"SMA-RSI Difference: SMA-RSI=8.00 >= 2.0; RSI Below 50: RSI=32.65 <= 50; SMA Not Falling: SMA: 42.78 -> 40.65; No SMA Uptrend: SMA changes: ['-2.132', '-1.949', '-2.071']";;;5m cross, 15m confirmed
ETH/USDT;Long;open;2025-08-19 17:10:00;2025-08-19 17:20:00;39,8744927799384;35,173173855777975;4,701318924160425;32,89269068988334;35,12563590764388;-2,2329452177605447;-6,322173319088262;4158,5;4158,5;Excellent;100.0%;186,0;50,0;125,0;-5,0;10,0;10,0;-4,0;84,16289592760181;Low;1,0919424611625355;4689,04103;4294,219885;Optimal;1,0278115699294357;29,06493181917174;28,278463357993907;"RSI Cross SMA Up: Prev: RSI=29.66 vs SMA=35.22, Curr: RSI=39.87 vs SMA=35.17; RSI Entry Zone: RSI_SMA=35.22 < 40.0; Position Delay: Delay >= 12 candles";;"SMA-RSI Difference: SMA-RSI=2.23 >= 2.0; RSI Below 50: RSI=32.89 <= 50; SMA Not Falling: SMA: 36.15 -> 35.13; No SMA Uptrend: SMA changes: ['-1.023', '-2.608', '-1.890']";;;5m cross, 15m confirmed
ETH/USDT;Long;open;2025-08-20 00:00:00;2025-08-20 00:10:00;41,32767855897039;37,13851840119769;4,189160157772697;36,02886303424672;40,03741376448544;-4,008550730238724;-8,631582709974971;4095,58;4095,58;Excellent;100.0%;206,0;50,0;125,0;3,0;10,0;18,0;0,0;93,21266968325791;Normal;1,4199338071008512;3488,3532;2456,701279;Optimal;1,0093408005000362;25,719747836988336;25,481728098424785;"RSI Cross SMA Up: Prev: RSI=30.35 vs SMA=37.48, Curr: RSI=41.33 vs SMA=37.14; RSI Entry Zone: RSI_SMA=37.48 < 40.0; Position Delay: Delay >= 12 candles";;"SMA-RSI Difference: SMA-RSI=4.01 >= 2.0; RSI Below 50: RSI=36.03 <= 50; SMA Not Falling: SMA: 40.51 -> 40.04; No SMA Uptrend: SMA changes: ['-0.470', '-0.983', '-0.165']";;;5m cross, 15m confirmed
ETH/USDT;Short;open;2025-08-20 03:35:00;2025-08-20 03:45:00;57,63223966534811;59,954013359337786;-2,3217736939896767;54,00561961919366;46,40048422571832;7,6051353934753365;9,37097349636332;4145,51;4145,51;Excellent;100.0%;184,0;50,0;125,0;-5,0;10,0;8,0;-4,0;83,2579185520362;Low;0,8773811318522098;2128,03946;2425,44475;Optimal;0,9459878706497565;24,393623092521864;25,786401548433155;"RSI Cross SMA Down: Prev: RSI=66.09 vs SMA=60.32, Curr: RSI=57.63 vs SMA=59.95; RSI Entry Zone: RSI_SMA=60.32 > 60.0; Position Delay: Delay >= 12 candles";;"RSI-SMA Difference: RSI-SMA=7.61 >= 2.0; RSI Above 50: RSI=54.01 >= 50; SMA Not Increasing: SMA: 45.12 -> 46.40; No SMA Downtrend: SMA changes: ['1.284', '2.059', '1.410']";;;5m cross, 15m confirmed
ETH/USDT;Short;open;2025-08-20 04:35:00;2025-08-20 04:45:00;60,00914562601252;61,32539542464745;-1,316249798634935;59,60060731500143;51,57277366195806;8,027833653043373;9,037514354317965;4163,0;4163,0;Excellent;100.0%;184,0;50,0;125,0;-5,0;10,0;8,0;-4,0;83,2579185520362;Low;0,8847589481769855;1954,33294;2208,8874535;Optimal;0,9131485693861101;22,81336654377127;24,983192558805847;"RSI Cross SMA Down: Prev: RSI=70.16 vs SMA=61.57, Curr: RSI=60.01 vs SMA=61.33; RSI Entry Zone: RSI_SMA=61.57 > 60.0; Position Delay: Delay >= 12 candles";;"RSI-SMA Difference: RSI-SMA=8.03 >= 2.0; RSI Above 50: RSI=59.60 >= 50; SMA Not Increasing: SMA: 50.19 -> 51.57; No SMA Downtrend: SMA changes: ['1.380', '1.386', '1.095']";;;5m cross, 15m confirmed
ETH/USDT;Short;open;2025-08-20 05:05:00;2025-08-20 05:15:00;58,94865802017292;63,08517619770297;-4,13651817753005;57,69139812395055;54,94431027040285;2,747087853547697;6,313805768613906;4165,36;4165,36;Excellent;100.0%;186,0;50,0;125,0;-5,0;10,0;10,0;-4,0;84,16289592760181;Low;0,8736091197444574;1722,85435;1972,1112235;Optimal;0,8897462413774478;21,74060686682322;24,434615012439743;"RSI Cross SMA Down: Prev: RSI=63.81 vs SMA=62.79, Curr: RSI=58.95 vs SMA=63.09; RSI Entry Zone: RSI_SMA=62.79 > 60.0; Position Delay: Delay >= 12 candles";;"RSI-SMA Difference: RSI-SMA=2.75 >= 2.0; RSI Above 50: RSI=57.69 >= 50; SMA Not Increasing: SMA: 53.25 -> 54.94; No SMA Downtrend: SMA changes: ['1.690', '1.682', '1.380']";;;5m cross, 15m confirmed
ETH/USDT;Short;open;2025-08-20 06:10:00;2025-08-20 06:20:00;59,5974817715867;60,43689546336928;-0,8394136917825819;60,55152814078952;57,79718883219273;2,7543393085967907;4,574259904344889;4175,76;4175,76;Excellent;100.0%;176,0;50,0;125,0;-5,0;10,0;0,0;-4,0;79,63800904977376;Low;1,0733566228895217;2019,72911;1881,6943660000002;Optimal;0,8714990426854954;19,67569743657162;22,57684343053506;"RSI Cross SMA Down: Prev: RSI=65.31 vs SMA=60.74, Curr: RSI=59.60 vs SMA=60.44; RSI Entry Zone: RSI_SMA=60.74 > 60.0; Position Delay: Delay >= 12 candles";;"RSI-SMA Difference: RSI-SMA=2.75 >= 2.0; RSI Above 50: RSI=60.55 >= 50; SMA Not Increasing: SMA: 57.16 -> 57.80; No SMA Downtrend: SMA changes: ['0.641', '0.798', '0.557']";;;5m cross, 15m confirmed
ETH/USDT;Short;open;2025-08-20 06:45:00;2025-08-20 06:55:00;57,51305725367526;62,7280511653746;-5,214993911699345;61,61325472017261;59,51767332935269;2,0955813908199232;3,0011694562205;4180,2;4180,2;Excellent;100.0%;186,0;50,0;125,0;-5,0;10,0;10,0;-4,0;84,16289592760181;Low;0,9756867602281304;1649,09722;1690,191245;Optimal;0,8659524992387961;18,48484958751737;21,346262761255645;"RSI Cross SMA Down: Prev: RSI=65.12 vs SMA=62.90, Curr: RSI=57.51 vs SMA=62.73; RSI Entry Zone: RSI_SMA=62.90 > 60.0; Position Delay: Delay >= 12 candles";;"RSI-SMA Difference: RSI-SMA=2.10 >= 2.0; RSI Above 50: RSI=61.61 >= 50; SMA Not Increasing: SMA: 59.18 -> 59.52; No SMA Downtrend: SMA changes: ['0.338', '0.872', '0.511']";;;5m cross, 15m confirmed
ETH/USDT;Short;skip;2025-08-20 07:30:00;2025-08-20 07:40:00;60,23173111424111;64,67071825592687;-4,4389871416857645;61,10836587775049;61,748176541765936;-0,6398106640154495;4,269617271274986;4196,92;4196,92;Excellent;100.0%;151,0;50,0;90,0;-5,0;10,0;10,0;-4,0;75,12437810945273;Low;0,8381447375500815;1445,98371;1725,2195775;Optimal;0,8838300250664531;17,845340577177755;20,19091914855009;"RSI Cross SMA Down: Prev: RSI=68.81 vs SMA=64.46, Curr: RSI=60.23 vs SMA=64.67; RSI Entry Zone: RSI_SMA=64.46 > 60.0; Position Delay: Delay >= 12 candles";;"RSI Above 50: RSI=61.11 >= 50; SMA Not Increasing: SMA: 61.51 -> 61.75; No SMA Downtrend: SMA changes: ['0.234', '1.034', '0.962']";RSI-SMA Difference: RSI-SMA=-0.64 >= 2.0;RSI-SMA різниця -0.64 < 2.0;5m cross, 15m rejected
ETH/USDT;Short;skip;2025-08-20 09:00:00;2025-08-20 09:10:00;61,97572206150296;65,29136126578781;-3,3156392042848566;66,57864064605909;64,92106251707575;1,6575781289833316;5,514996345768144;4227,96;4227,96;Excellent;100.0%;163,0;50,0;90,0;3,0;10,0;10,0;0,0;81,09452736318407;Normal;1,314226079887032;2533,60925;1927,833642;Optimal;0,970976756739404;18,186748152341245;18,73036406495805;"RSI Cross SMA Down: Prev: RSI=72.19 vs SMA=64.65, Curr: RSI=61.98 vs SMA=65.29; RSI Entry Zone: RSI_SMA=64.65 > 60.0; Position Delay: Delay >= 12 candles";;"RSI Above 50: RSI=66.58 >= 50; SMA Not Increasing: SMA: 64.47 -> 64.92; No SMA Downtrend: SMA changes: ['0.451', '1.010', '0.934']";RSI-SMA Difference: RSI-SMA=1.66 >= 2.0;RSI-SMA різниця 1.66 < 2.0;5m cross, 15m rejected
ETH/USDT;Long;skip;2025-08-20 14:20:00;2025-08-20 14:30:00;41,1035108362695;38,309191795366516;2,794319040902984;44,24438200261419;46,090749128256725;-1,8463671256425371;-9,164390203333504;4144,52;4144,52;Excellent;100.0%;149,0;50,0;90,0;3,0;6,0;0,0;0,0;74,12935323383084;Normal;1,4977780483576104;3816,5496;2548,1409639999997;High;1,337186417877703;30,737849581555878;22,986959163361103;"RSI Cross SMA Up: Prev: RSI=37.00 vs SMA=37.90, Curr: RSI=41.10 vs SMA=38.31; RSI Entry Zone: RSI_SMA=37.90 < 40.0; Position Delay: Delay >= 12 candles";;"RSI Below 50: RSI=44.24 <= 50; SMA Not Falling: SMA: 47.39 -> 46.09; No SMA Uptrend: SMA changes: ['-1.303', '-1.907', '-1.494']";SMA-RSI Difference: SMA-RSI=1.85 >= 2.0;SMA-RSI diff 1.85 < 2.0;5m cross, 15m rejected
ETH/USDT;Short;open;2025-08-20 15:45:00;2025-08-20 15:55:00;62,62420857601531;68,11555568358675;-5,4913471075714355;58,11706808715353;51,49069070689976;6,626377380253764;13,339300782388925;4273,65;4273,65;Excellent;100.0%;194,0;50,0;125,0;-5,0;10,0;18,0;-4,0;87,78280542986425;Low;1,0219302671927748;3613,07504;3535,5397095;Optimal;1,220776317855439;35,97966829840512;29,47277709450597;"RSI Cross SMA Down: Prev: RSI=69.27 vs SMA=68.02, Curr: RSI=62.62 vs SMA=68.12; RSI Entry Zone: RSI_SMA=68.02 > 60.0; Position Delay: Delay >= 12 candles";;"RSI-SMA Difference: RSI-SMA=6.63 >= 2.0; RSI Above 50: RSI=58.12 >= 50; SMA Not Increasing: SMA: 50.72 -> 51.49; No SMA Downtrend: SMA changes: ['0.774', '1.043', '1.339']";;;5m cross, 15m confirmed
ETH/USDT;Short;open;2025-08-20 16:30:00;2025-08-20 16:40:00;63,15590648467527;65,06885744440879;-1,9129509597335215;63,046258125313294;54,783471010186645;8,262787115126649;10,765647511631927;4311,22;4311,22;Excellent;100.0%;184,0;50,0;125,0;-5,0;10,0;8,0;-4,0;83,2579185520362;Low;0,8988613846865828;3245,74757;3610,954509;Optimal;1,119938709832492;36,195044187899406;32,318772331133246;"RSI Cross SMA Down: Prev: RSI=68.74 vs SMA=66.01, Curr: RSI=63.16 vs SMA=65.07; RSI Entry Zone: RSI_SMA=66.01 > 60.0; Position Delay: Delay >= 12 candles";;"RSI-SMA Difference: RSI-SMA=8.26 >= 2.0; RSI Above 50: RSI=63.05 >= 50; SMA Not Increasing: SMA: 53.30 -> 54.78; No SMA Downtrend: SMA changes: ['1.483', '1.065', '0.745']";;;5m cross, 15m confirmed
ETH/USDT;Short;open;2025-08-20 17:10:00;2025-08-20 17:20:00;58,54343630484817;62,72789661645534;-4,184460311607168;62,65281090577527;57,039737584929604;5,613073320845665;6,623491270401497;4308,07;4308,07;Excellent;100.0%;194,0;50,0;125,0;-5,0;10,0;18,0;-4,0;87,78280542986425;Low;0,7743313817243767;2723,90895;3517,756111;Optimal;1,0401233394715075;35,244706468137736;33,88512220680075;"RSI Cross SMA Down: Prev: RSI=63.46 vs SMA=62.97, Curr: RSI=58.54 vs SMA=62.73; RSI Entry Zone: RSI_SMA=62.97 > 60.0; Position Delay: Delay >= 12 candles";;"RSI-SMA Difference: RSI-SMA=5.61 >= 2.0; RSI Above 50: RSI=62.65 >= 50; SMA Not Increasing: SMA: 55.79 -> 57.04; No SMA Downtrend: SMA changes: ['1.254', '1.002', '1.483']";;;5m cross, 15m confirmed
ETH/USDT;Short;skip;2025-08-20 18:00:00;2025-08-20 18:10:00;48,92919514627601;61,1777611293356;-12,248565983059592;55,05107938204144;62,9453908061147;-7,894311424073258;0,8609895728663824;4303,49;4303,49;Excellent;100.0%;159,0;50,0;90,0;-5,0;10,0;18,0;-4,0;79,1044776119403;Low;0,968914095512231;3663,54848;3781,0869890000004;Optimal;1,0295893062481096;36,45401034559764;35,40636069583747;"RSI Cross SMA Down: Prev: RSI=66.31 vs SMA=62.10, Curr: RSI=48.93 vs SMA=61.18; RSI Entry Zone: RSI_SMA=62.10 > 60.0; Position Delay: Delay >= 12 candles";;"RSI Above 50: RSI=55.05 >= 50; SMA Not Increasing: SMA: 62.91 -> 62.95; No SMA Downtrend: SMA changes: ['0.040', '1.610', '2.366']";RSI-SMA Difference: RSI-SMA=-7.89 >= 2.0;RSI-SMA різниця -7.89 < 2.0;5m cross, 15m rejected
ETH/USDT;Long;skip;2025-08-21 09:30:00;2025-08-21 09:40:00;45,48570265652593;39,25461180515657;6,231090851369359;47,322204134800856;46,40027063512183;0,921933499679028;-5,09684003078128;4281,05;4281,05;Excellent;100.0%;157,0;50,0;90,0;-5,0;10,0;16,0;-4,0;78,1094527363184;Low;0,8991413532742913;1083,42789;1204,9583595;Optimal;1,0137754787912565;18,961406516266834;18,703753358559112;"RSI Cross SMA Up: Prev: RSI=38.80 vs SMA=39.36, Curr: RSI=45.49 vs SMA=39.25; RSI Entry Zone: RSI_SMA=39.36 < 40.0; Position Delay: Delay >= 12 candles";;"RSI Below 50: RSI=47.32 <= 50; SMA Not Falling: SMA: 46.25 -> 46.40; No SMA Uptrend: SMA changes: ['0.150', '-1.007', '-0.957']";SMA-RSI Difference: SMA-RSI=-0.92 >= 2.0;SMA-RSI diff -0.92 < 2.0;5m cross, 15m rejected
ETH/USDT;Long;skip;2025-08-21 10:05:00;2025-08-21 10:15:00;47,689868778841465;40,24060589683392;7,449262882007545;44,9365484684452;45,91646589160195;-0,9799174231567491;-1,1467051594380777;4280,84;4280,84;Excellent;100.0%;151,0;50,0;90,0;-5,0;10,0;10,0;-4,0;75,12437810945273;Low;0,9256422687270447;1098,54012;1186,7869015;Optimal;1,0193010984951016;19,048304598209736;18,687613136425238;"RSI Cross SMA Up: Prev: RSI=37.08 vs SMA=39.58, Curr: RSI=47.69 vs SMA=40.24; RSI Entry Zone: RSI_SMA=39.58 < 40.0; Position Delay: Delay >= 12 candles";;"RSI Below 50: RSI=44.94 <= 50; SMA Not Falling: SMA: 46.25 -> 45.92; No SMA Uptrend: SMA changes: ['-0.329', '-0.155', '0.150']";SMA-RSI Difference: SMA-RSI=0.98 >= 2.0;SMA-RSI diff 0.98 < 2.0;5m cross, 15m rejected
ETH/USDT;Long;open;2025-08-21 17:25:00;2025-08-21 17:35:00;42,17917082343178;38,44207672357349;3,7370940998582896;40,14876136085006;44,55561882922011;-4,406857468370049;-6,521894105395823;4224,29;4224,29;Excellent;100.0%;206,0;50,0;125,0;3,0;10,0;18,0;0,0;93,21266968325791;Normal;1,3553387949953328;3494,13489;2578,052737;Optimal;0,9479594720693665;26,68807721798401;28,1531837639902;"RSI Cross SMA Up: Prev: RSI=37.03 vs SMA=38.92, Curr: RSI=42.18 vs SMA=38.44; RSI Entry Zone: RSI_SMA=38.92 < 40.0; Position Delay: Delay >= 12 candles";;"SMA-RSI Difference: SMA-RSI=4.41 >= 2.0; RSI Below 50: RSI=40.15 <= 50; SMA Not Falling: SMA: 44.78 -> 44.56; No SMA Uptrend: SMA changes: ['-0.225', '-1.068', '-0.558']";;;5m cross, 15m confirmed
ETH/USDT;Short;open;2025-08-22 02:45:00;2025-08-22 02:55:00;66,0504250607005;66,62783579621478;-0,5774107355142775;61,04625303378518;53,30729287510564;7,738960158679539;12,167547328043815;4295,5;4295,5;Excellent;100.0%;196,0;50,0;125,0;3,0;10,0;8,0;0,0;88,68778280542986;Normal;1,1818175344185229;1304,64002;1103,9267754999998;Optimal;1,0205144986487877;21,258691420214358;20,831346784746252;"RSI Cross SMA Down: Prev: RSI=68.62 vs SMA=65.82, Curr: RSI=66.05 vs SMA=66.63; RSI Entry Zone: RSI_SMA=65.82 > 60.0; Position Delay: Delay >= 12 candles";;"RSI-SMA Difference: RSI-SMA=7.74 >= 2.0; RSI Above 50: RSI=61.05 >= 50; SMA Not Increasing: SMA: 52.31 -> 53.31; No SMA Downtrend: SMA changes: ['1.002', '1.291', '1.073']";;;5m cross, 15m confirmed
ETH/USDT;Short;open;2025-08-22 07:55:00;2025-08-22 08:05:00;57,5953816798738;62,642024715486;-5,046643035612199;62,68179636836723;58,6452630847888;4,036533283578429;6,420438687447681;4327,53;4327,53;Excellent;100.0%;206,0;50,0;125,0;3,0;10,0;18,0;0,0;93,21266968325791;Normal;1,462059473501149;2018,90149;1380,861399;Optimal;1,0453186306683675;20,569170653593762;19,677417057459326;"RSI Cross SMA Down: Prev: RSI=69.26 vs SMA=62.21, Curr: RSI=57.60 vs SMA=62.64; RSI Entry Zone: RSI_SMA=62.21 > 60.0; Position Delay: Delay >= 12 candles";;"RSI-SMA Difference: RSI-SMA=4.04 >= 2.0; RSI Above 50: RSI=62.68 >= 50; SMA Not Increasing: SMA: 58.36 -> 58.65; No SMA Downtrend: SMA changes: ['0.282', '0.319', '0.849']";;;5m cross, 15m confirmed
ETH/USDT;Short;open;2025-08-22 08:10:00;2025-08-22 08:20:00;63,52657761468695;64,69171078919061;-1,1651331745036586;66,70483944037534;59,392799915303065;7,312039525072272;5,806811288935923;4344,44;4344,44;Excellent;100.0%;196,0;50,0;125,0;3,0;10,0;8,0;0,0;88,68778280542986;Normal;1,3610932837268805;1896,44372;1393,3238394999998;Optimal;1,0527562238311874;20,761372749765652;19,72096890029386;"RSI Cross SMA Down: Prev: RSI=65.15 vs SMA=64.27, Curr: RSI=63.53 vs SMA=64.69; RSI Entry Zone: RSI_SMA=64.27 > 60.0; Position Delay: Delay >= 12 candles";;"RSI-SMA Difference: RSI-SMA=7.31 >= 2.0; RSI Above 50: RSI=66.70 >= 50; SMA Not Increasing: SMA: 58.65 -> 59.39; No SMA Downtrend: SMA changes: ['0.748', '0.282', '0.319']";;;5m cross, 15m confirmed
ETH/USDT;Short;open;2025-08-22 08:35:00;2025-08-22 08:45:00;59,61655107331666;63,56245274782167;-3,9459016745050164;64,79157432475833;61,070394965743056;3,7211793590152737;6,210658433834475;4342,87;4342,87;Excellent;100.0%;206,0;50,0;125,0;3,0;10,0;18,0;0,0;93,21266968325791;Normal;1,243143172430564;1851,87677;1489,6729604999998;Optimal;1,012437015629976;20,031642830155103;19,7855693943496;"RSI Cross SMA Down: Prev: RSI=64.86 vs SMA=64.38, Curr: RSI=59.62 vs SMA=63.56; RSI Entry Zone: RSI_SMA=64.38 > 60.0; Position Delay: Delay >= 12 candles";;"RSI-SMA Difference: RSI-SMA=3.72 >= 2.0; RSI Above 50: RSI=64.79 >= 50; SMA Not Increasing: SMA: 60.36 -> 61.07; No SMA Downtrend: SMA changes: ['0.715', '0.963', '0.748']";;;5m cross, 15m confirmed
ETH/USDT;Long;open;2025-08-22 11:40:00;2025-08-22 11:50:00;33,32483463765833;31,467605405862912;1,857229231795415;40,98346712671106;52,16317859385093;-11,179711467139867;-13,590380150647453;4282,46;4282,46;Excellent;100.0%;184,0;50,0;125,0;-5,0;10,0;8,0;-4,0;83,2579185520362;Low;0,7195983082124308;1297,32559;1802,846915;Optimal;0,9066210252498089;16,796238712963742;18,526195891316036;"RSI Cross SMA Up: Prev: RSI=28.56 vs SMA=31.99, Curr: RSI=33.32 vs SMA=31.47; RSI Entry Zone: RSI_SMA=31.99 < 40.0; Position Delay: Delay >= 12 candles";;"SMA-RSI Difference: SMA-RSI=11.18 >= 2.0; RSI Below 50: RSI=40.98 <= 50; SMA Not Falling: SMA: 54.00 -> 52.16; No SMA Uptrend: SMA changes: ['-1.837', '-1.595', '-1.770']";;;5m cross, 15m confirmed
ETH/USDT;Long;open;2025-08-22 12:40:00;2025-08-22 12:50:00;38,093968662526436;27,425995904216386;10,66797275831005;33,054630939891624;43,80599844142706;-10,751367501535434;-15,414072274337125;4241,83;4241,83;Excellent;100.0%;211,0;50,0;125,0;8,0;10,0;18,0;0,0;95,47511312217195;High;1,90739234121559;3863,81269;2025,704207;Optimal;1,1093870796853924;20,179084597067856;18,18939932380534;"RSI Cross SMA Up: Prev: RSI=18.27 vs SMA=26.83, Curr: RSI=38.09 vs SMA=27.43; RSI Entry Zone: RSI_SMA=26.83 < 40.0; Position Delay: Delay >= 12 candles";;"SMA-RSI Difference: SMA-RSI=10.75 >= 2.0; RSI Below 50: RSI=33.05 <= 50; SMA Not Falling: SMA: 45.32 -> 43.81; No SMA Uptrend: SMA changes: ['-1.511', '-2.255', '-2.476']";;;5m cross, 15m confirmed
ETH/USDT;Short;open;2025-08-22 14:55:00;2025-08-22 15:05:00;78,96475634470535;79,8750686381574;-0,9103122934520513;82,01393329345916;51,31150475349517;30,70242853996399;33,026386178288554;4614,65;4614,65;Excellent;100.0%;192,0;50,0;125,0;3,0;6,0;8,0;0,0;86,87782805429865;Normal;1,7377418905739699;10391,78082;5980,0485195;High;1,7514274720481064;50,983798571832246;29,10985432483377;"RSI Cross SMA Down: Prev: RSI=81.28 vs SMA=78.97, Curr: RSI=78.96 vs SMA=79.88; RSI Entry Zone: RSI_SMA=78.97 > 60.0; Position Delay: Delay >= 12 candles";;"RSI-SMA Difference: RSI-SMA=30.70 >= 2.0; RSI Above 50: RSI=82.01 >= 50; SMA Not Increasing: SMA: 48.34 -> 51.31; No SMA Downtrend: SMA changes: ['2.976', '2.999', '2.521']";;;5m cross, 15m confirmed
ETH/USDT;Short;open;2025-08-22 16:15:00;2025-08-22 16:25:00;73,25658208885265;73,94078366240116;-0,6842015735485063;79,90133314738614;71,64691647622773;8,25441667115841;11,682771263216813;4743,35;4743,35;Excellent;100.0%;184,0;50,0;125,0;-5,0;10,0;8,0;-4,0;83,2579185520362;Low;0,742442790624042;5603,47112;7547,3439715;Optimal;1,25175394475818;53,63987700446699;42,85177388822162;"RSI Cross SMA Down: Prev: RSI=79.06 vs SMA=74.37, Curr: RSI=73.26 vs SMA=73.94; RSI Entry Zone: RSI_SMA=74.37 > 60.0; Position Delay: Delay >= 12 candles";;"RSI-SMA Difference: RSI-SMA=8.25 >= 2.0; RSI Above 50: RSI=79.90 >= 50; SMA Not Increasing: SMA: 68.42 -> 71.65; No SMA Downtrend: SMA changes: ['3.231', '3.608', '3.513']";;;5m cross, 15m confirmed
ETH/USDT;Short;skip;2025-08-22 16:45:00;2025-08-22 16:55:00;71,14533827368955;72,83099745988991;-1,6856591862003683;78,93517462754589;77,51036151185984;1,4248131156860495;5,022292653368581;4745,0;4745,0;Excellent;100.0%;141,0;50,0;90,0;-5,0;10,0;0,0;-4,0;70,1492537313433;Low;0,4779006053649292;3767,39761;7883,2241845;Optimal;1,0661517206277182;50,29142455997408;47,170982878838295;"RSI Cross SMA Down: Prev: RSI=74.05 vs SMA=73.09, Curr: RSI=71.15 vs SMA=72.83; RSI Entry Zone: RSI_SMA=73.09 > 60.0; Position Delay: Delay >= 12 candles";;"RSI Above 50: RSI=78.94 >= 50; SMA Not Increasing: SMA: 74.88 -> 77.51; No SMA Downtrend: SMA changes: ['2.628', '3.235', '3.231']";RSI-SMA Difference: RSI-SMA=1.42 >= 2.0;RSI-SMA різниця 1.42 < 2.0;5m cross, 15m rejected
ETH/USDT;Short;skip;2025-08-22 17:30:00;2025-08-22 17:40:00;73,1099925069594;75,23331465285422;-2,123322145894818;77,47199128135688;81,06977193998293;-3,59778065862605;0,20956959165621925;4821,91;4821,91;Excellent;100.0%;155,0;50,0;90,0;-5,0;10,0;14,0;-4,0;77,11442786069652;Low;0,9971358912872683;8829,70685;8855,068729499999;Optimal;1,0194670708447569;52,232769591203734;51,235367070681654;"RSI Cross SMA Down: Prev: RSI=81.75 vs SMA=75.26, Curr: RSI=73.11 vs SMA=75.23; RSI Entry Zone: RSI_SMA=75.26 > 60.0; Position Delay: Delay >= 12 candles";;"RSI Above 50: RSI=77.47 >= 50; SMA Not Increasing: SMA: 81.53 -> 81.07; No SMA Downtrend: SMA changes: ['-0.462', '2.192', '1.829']";RSI-SMA Difference: RSI-SMA=-3.60 >= 2.0;RSI-SMA різниця -3.60 < 2.0;5m cross, 15m rejected
ETH/USDT;Short;skip;2025-08-22 20:00:00;2025-08-22 20:10:00;62,477249357566784;62,858767488140835;-0,38151813057405093;72,04399749344046;74,97942453206626;-2,9354270386258037;-2,114184041872084;4832,24;4832,24;Excellent;100.0%;147,0;50,0;90,0;-5,0;10,0;6,0;-4,0;73,13432835820896;Low;0,5999898810897071;3518,32347;5863,971345;Optimal;0,855558358902778;39,61471438614566;46,302761201410114;"RSI Cross SMA Down: Prev: RSI=63.11 vs SMA=62.26, Curr: RSI=62.48 vs SMA=62.86; RSI Entry Zone: RSI_SMA=62.26 > 60.0; Position Delay: Delay >= 12 candles";;"RSI Above 50: RSI=72.04 >= 50; SMA Not Increasing: SMA: 75.57 -> 74.98; No SMA Downtrend: SMA changes: ['-0.588', '-0.446', '-0.647']";RSI-SMA Difference: RSI-SMA=-2.94 >= 2.0;RSI-SMA різниця -2.94 < 2.0;5m cross, 15m rejected
ETH/USDT;Short;skip;2025-08-22 20:10:00;2025-08-22 20:20:00;58,41983721813351;63,21435005040413;-4,79451283227062;72,04399749344046;74,97942453206626;-2,9354270386258037;-2,114184041872084;4826,59;4826,59;Excellent;100.0%;157,0;50,0;90,0;-5,0;10,0;16,0;-4,0;78,1094527363184;Low;0,5999898810897071;3518,32347;5863,971345;Optimal;0,855558358902778;39,61471438614566;46,302761201410114;"RSI Cross SMA Down: Prev: RSI=63.79 vs SMA=63.39, Curr: RSI=58.42 vs SMA=63.21; RSI Entry Zone: RSI_SMA=63.39 > 60.0; Position Delay: Delay >= 12 candles";;"RSI Above 50: RSI=72.04 >= 50; SMA Not Increasing: SMA: 75.57 -> 74.98; No SMA Downtrend: SMA changes: ['-0.588', '-0.446', '-0.647']";RSI-SMA Difference: RSI-SMA=-2.94 >= 2.0;RSI-SMA різниця -2.94 < 2.0;5m cross, 15m rejected
ETH/USDT;Short;skip;2025-08-22 20:50:00;2025-08-22 21:00:00;59,50778330084978;61,60876351584841;-2,1009802149986285;74,25597587610457;73,33070622709927;0,9252696490053012;-0,2936500940200517;4839,82;4839,82;Excellent;100.0%;147,0;50,0;90,0;-5,0;10,0;6,0;-4,0;73,13432835820896;Low;0,7247542871959063;4120,77788;5685,758543;Optimal;0,8661446137115918;37,6606259133972;43,480759814477594;"RSI Cross SMA Down: Prev: RSI=63.27 vs SMA=62.19, Curr: RSI=59.51 vs SMA=61.61; RSI Entry Zone: RSI_SMA=62.19 > 60.0; Position Delay: Delay >= 12 candles";;"RSI Above 50: RSI=74.26 >= 50; SMA Not Increasing: SMA: 73.97 -> 73.33; No SMA Downtrend: SMA changes: ['-0.637', '-0.566', '-0.445']";RSI-SMA Difference: RSI-SMA=0.93 >= 2.0;RSI-SMA різниця 0.93 < 2.0;5m cross, 15m rejected
ETH/USDT;Short;skip;2025-08-22 21:10:00;2025-08-22 21:20:00;59,96336151833657;61,85964751844297;-1,8962860001064001;75,0743795503987;73,15944824631653;1,9149313040821738;0,9559856771849079;4858,07;4858,07;Excellent;100.0%;159,0;50,0;90,0;3,0;10,0;6,0;0,0;79,1044776119403;Normal;1,5557202786659392;8496,42211;5461,407315;Optimal;0,9053953544170156;38,47772406244029;42,498256562423066;"RSI Cross SMA Down: Prev: RSI=72.62 vs SMA=62.04, Curr: RSI=59.96 vs SMA=61.86; RSI Entry Zone: RSI_SMA=62.04 > 60.0; Position Delay: Delay >= 12 candles";;"RSI Above 50: RSI=75.07 >= 50; SMA Not Increasing: SMA: 73.33 -> 73.16; No SMA Downtrend: SMA changes: ['-0.171', '-0.637', '-0.566']";RSI-SMA Difference: RSI-SMA=1.91 >= 2.0;RSI-SMA різниця 1.91 < 2.0;5m cross, 15m rejected
ETH/USDT;Short;open;2025-08-22 21:30:00;2025-08-22 21:40:00;57,94822833287757;62,69487982064278;-4,746651487765213;75,61345469540521;73,43830765539307;2,175147040012135;2,6543785579367474;4862,52;4862,52;Excellent;100.0%;186,0;50,0;125,0;-5,0;10,0;10,0;-4,0;84,16289592760181;Low;0,6558787134147402;3466,73425;5285,6331195;Optimal;0,9198578047110381;37,63579268649194;40,914794105937666;"RSI Cross SMA Down: Prev: RSI=66.22 vs SMA=62.73, Curr: RSI=57.95 vs SMA=62.69; RSI Entry Zone: RSI_SMA=62.73 > 60.0; Position Delay: Delay >= 12 candles";;"RSI-SMA Difference: RSI-SMA=2.18 >= 2.0; RSI Above 50: RSI=75.61 >= 50; SMA Not Increasing: SMA: 73.30 -> 73.44; No SMA Downtrend: SMA changes: ['0.139', '0.140', '-0.171']";;;5m cross, 15m confirmed
ETH/USDT;Long;open;2025-08-23 01:50:00;2025-08-23 02:00:00;39,61813406335217;37,39054402223858;2,2275900411135936;47,34765709047745;54,57906810382611;-7,231411013348662;-11,566716073038899;4777,69;4777,69;Excellent;100.0%;184,0;50,0;125,0;-5,0;10,0;8,0;-4,0;83,2579185520362;Low;0,7986584709030823;2116,7185;2650,3425144999997;Optimal;0,9045835851145384;27,916681103114975;30,861361583938276;"RSI Cross SMA Up: Prev: RSI=36.49 vs SMA=37.39, Curr: RSI=39.62 vs SMA=37.39; RSI Entry Zone: RSI_SMA=37.39 < 40.0; Position Delay: Delay >= 12 candles";;"SMA-RSI Difference: SMA-RSI=7.23 >= 2.0; RSI Below 50: RSI=47.35 <= 50; SMA Not Falling: SMA: 55.55 -> 54.58; No SMA Uptrend: SMA changes: ['-0.971', '-1.442', '-1.778']";;;5m cross, 15m confirmed
ETH/USDT;Long;open;2025-08-23 02:45:00;2025-08-23 02:55:00;33,27834379225443;30,747678804637747;2,530664987616685;37,514558703778945;48,01401882481626;-10,499460121037316;-14,960988918339906;4709,79;4709,79;Excellent;100.0%;184,0;50,0;125,0;-5,0;10,0;8,0;-4,0;83,2579185520362;Low;0,8364195435575827;1977,26279;2363,960533;Optimal;1,1116432338901652;33,11893869705515;29,792776753703908;"RSI Cross SMA Up: Prev: RSI=27.17 vs SMA=30.39, Curr: RSI=33.28 vs SMA=30.75; RSI Entry Zone: RSI_SMA=30.39 < 40.0; Position Delay: Delay >= 12 candles";;"SMA-RSI Difference: SMA-RSI=10.50 >= 2.0; RSI Below 50: RSI=37.51 <= 50; SMA Not Falling: SMA: 49.80 -> 48.01; No SMA Uptrend: SMA changes: ['-1.789', '-1.963', '-1.707']";;;5m cross, 15m confirmed
ETH/USDT;Long;open;2025-08-23 03:45:00;2025-08-23 03:55:00;36,12448270060954;35,90873555839371;0,21574714221583235;37,04354919831964;41,7162295674057;-4,672680369086059;-7,3959398674377255;4687,49;4687,49;Excellent;100.0%;184,0;50,0;125,0;-5,0;10,0;8,0;-4,0;83,2579185520362;Low;0,7563317717413245;1619,58934;2141,3741965;Optimal;1,0680669669183065;32,31052343103372;30,251402235816048;"RSI Cross SMA Up: Prev: RSI=31.34 vs SMA=34.78, Curr: RSI=36.12 vs SMA=35.91; RSI Entry Zone: RSI_SMA=34.78 < 40.0; Position Delay: Delay >= 12 candles";;"SMA-RSI Difference: SMA-RSI=4.67 >= 2.0; RSI Below 50: RSI=37.04 <= 50; SMA Not Falling: SMA: 43.12 -> 41.72; No SMA Uptrend: SMA changes: ['-1.407', '-1.473', '-1.640']";;;5m cross, 15m confirmed
ETH/USDT;Long;skip;2025-08-23 08:30:00;2025-08-23 08:40:00;42,44333459007922;38,513088770720834;3,930245819358383;45,92864958031482;47,00904332319489;-1,0803937428800694;-4,8236249046618385;4712,49;4712,49;Excellent;100.0%;151,0;50,0;90,0;-5,0;10,0;10,0;-4,0;75,12437810945273;Low;0,6881093521778346;1385,35342;2013,2750930000002;Optimal;0,9175634487403205;23,184695139836702;25,2676751364343;"RSI Cross SMA Up: Prev: RSI=34.27 vs SMA=38.25, Curr: RSI=42.44 vs SMA=38.51; RSI Entry Zone: RSI_SMA=38.25 < 40.0; Position Delay: Delay >= 12 candles";;"RSI Below 50: RSI=45.93 <= 50; SMA Not Falling: SMA: 47.05 -> 47.01; No SMA Uptrend: SMA changes: ['-0.039', '-0.792', '-0.295']";SMA-RSI Difference: SMA-RSI=1.08 >= 2.0;SMA-RSI diff 1.08 < 2.0;5m cross, 15m rejected
ETH/USDT;Short;open;2025-08-23 16:25:00;2025-08-23 16:35:00;57,36041479020779;59,87445352116898;-2,5140387309611896;59,454944909510274;53,42588576387182;6,029059145638456;5,5007459016400375;4754,38;4754,38;Excellent;100.0%;184,0;50,0;125,0;-5,0;10,0;8,0;-4,0;83,2579185520362;Low;0,984740437646514;1441,22842;1463,5617315000002;Optimal;0,9936048887771882;20,064854254866678;20,19399711243383;"RSI Cross SMA Down: Prev: RSI=60.78 vs SMA=60.08, Curr: RSI=57.36 vs SMA=59.87; RSI Entry Zone: RSI_SMA=60.08 > 60.0; Position Delay: Delay >= 12 candles";;"RSI-SMA Difference: RSI-SMA=6.03 >= 2.0; RSI Above 50: RSI=59.45 >= 50; SMA Not Increasing: SMA: 52.48 -> 53.43; No SMA Downtrend: SMA changes: ['0.944', '0.381', '0.793']";;;5m cross, 15m confirmed
ETH/USDT;Short;open;2025-08-23 23:25:00;2025-08-23 23:35:00;64,0669511526094;67,55500710079775;-3,4880559481883466;66,73651067273927;55,950613674845286;10,785896997893985;11,50633687020805;4786,01;4786,01;Excellent;100.0%;206,0;50,0;125,0;3,0;10,0;18,0;0,0;93,21266968325791;Normal;1,4334315493046912;1088,31598;759,2381935000001;Optimal;1,0171746128383;13,136420368635074;12,91461682471559;"RSI Cross SMA Down: Prev: RSI=73.93 vs SMA=67.46, Curr: RSI=64.07 vs SMA=67.56; RSI Entry Zone: RSI_SMA=67.46 > 60.0; Position Delay: Delay >= 12 candles";;"RSI-SMA Difference: RSI-SMA=10.79 >= 2.0; RSI Above 50: RSI=66.74 >= 50; SMA Not Increasing: SMA: 55.30 -> 55.95; No SMA Downtrend: SMA changes: ['0.649', '0.938', '0.892']";;;5m cross, 15m confirmed
ETH/USDT;Short;open;2025-08-24 00:55:00;2025-08-24 01:05:00;58,25144214115758;60,97428024366043;-2,7228381025028483;63,70343867023834;61,330635790380406;2,372802879857936;7,38442983441539;4798,01;4798,01;Excellent;100.0%;188,0;50,0;125,0;3,0;10,0;0,0;0,0;85,06787330316742;Normal;1,7376687501788217;1666,97701;959,3180575;Optimal;1,123508689132657;14,605757086905752;13,000128283993357;"RSI Cross SMA Down: Prev: RSI=62.81 vs SMA=60.47, Curr: RSI=58.25 vs SMA=60.97; RSI Entry Zone: RSI_SMA=60.47 > 60.0; Position Delay: Delay >= 12 candles";;"RSI-SMA Difference: RSI-SMA=2.37 >= 2.0; RSI Above 50: RSI=63.70 >= 50; SMA Not Increasing: SMA: 60.06 -> 61.33; No SMA Downtrend: SMA changes: ['1.268', '1.452', '0.949']";;;5m cross, 15m confirmed
ETH/USDT;Long;skip;2025-08-24 07:20:00;2025-08-24 07:30:00;51,42051219260582;40,15471312033815;11,265799072267669;51,33514792479004;51,34518881130704;-0,01004088651699675;-5,461392547577174;4775,66;4775,66;Excellent;100.0%;116,0;50,0;55,0;-5,0;10,0;10,0;-4,0;64,08839779005525;Low;0,7455262657670926;989,96105;1327,868776;Optimal;0,9691699303255149;15,165525690293363;15,64795317700346;"RSI Cross SMA Up: Prev: RSI=36.77 vs SMA=39.74, Curr: RSI=51.42 vs SMA=40.15; RSI Entry Zone: RSI_SMA=39.74 < 40.0; Position Delay: Delay >= 12 candles";;"SMA Not Falling: SMA: 51.69 -> 51.35; No SMA Uptrend: SMA changes: ['-0.341', '-0.384', '-0.376']";"SMA-RSI Difference: SMA-RSI=0.01 >= 2.0; RSI Below 50: RSI=51.34 <= 50";SMA-RSI diff 0.01 < 2.0;5m cross, 15m rejected
ETH/USDT;Long;open;2025-08-24 11:00:00;2025-08-24 11:10:00;39,92856879340535;37,168966214281454;2,759602579123893;34,36375227163231;45,455140137795865;-11,091387866163558;-9,625869538509882;4744,52;4744,52;Excellent;100.0%;184,0;50,0;125,0;-5,0;10,0;8,0;-4,0;83,2579185520362;Low;0,8038223790256067;1015,36387;1263,169447;Optimal;1,0228030358236373;15,496239567630516;15,150756328320622;"RSI Cross SMA Up: Prev: RSI=35.77 vs SMA=38.22, Curr: RSI=39.93 vs SMA=37.17; RSI Entry Zone: RSI_SMA=38.22 < 40.0; Position Delay: Delay >= 12 candles";;"SMA-RSI Difference: SMA-RSI=11.09 >= 2.0; RSI Below 50: RSI=34.36 <= 50; SMA Not Falling: SMA: 46.23 -> 45.46; No SMA Uptrend: SMA changes: ['-0.770', '-1.072', '-0.506']";;;5m cross, 15m confirmed
ETH/USDT;Long;open;2025-08-24 11:20:00;2025-08-24 11:30:00;36,415683937021754;33,85083317299256;2,5648507640291953;37,26041176782772;45,11544792863771;-7,855036160809988;-9,612618435929226;4730,28;4730,28;Excellent;100.0%;196,0;50,0;125,0;3,0;10,0;8,0;0,0;88,68778280542986;Normal;1,6812622543787599;2154,75982;1281,632187;Optimal;1,0788367715920502;16,43793674137115;15,236722713032412;"RSI Cross SMA Up: Prev: RSI=29.78 vs SMA=34.24, Curr: RSI=36.42 vs SMA=33.85; RSI Entry Zone: RSI_SMA=34.24 < 40.0; Position Delay: Delay >= 12 candles";;"SMA-RSI Difference: SMA-RSI=7.86 >= 2.0; RSI Below 50: RSI=37.26 <= 50; SMA Not Falling: SMA: 45.46 -> 45.12; No SMA Uptrend: SMA changes: ['-0.340', '-0.770', '-1.072']";;;5m cross, 15m confirmed
ETH/USDT;Short;open;2025-08-24 14:20:00;2025-08-24 14:30:00;59,90702881248545;59,9191112713366;-0,012082458851146782;60,04806856718332;47,51617095204616;12,531897615137161;10,545226743097752;4777,94;4777,94;Excellent;100.0%;205,0;50,0;125,0;12,0;10,0;8,0;0,0;92,76018099547511;Very High;3,1176084921636726;4895,9594;1570,4214984999999;Optimal;1,004996901060179;15,701493179081089;15,62342447276948;"RSI Cross SMA Down: Prev: RSI=65.04 vs SMA=60.08, Curr: RSI=59.91 vs SMA=59.92; RSI Entry Zone: RSI_SMA=60.08 > 60.0; Position Delay: Delay >= 12 candles";;"RSI-SMA Difference: RSI-SMA=12.53 >= 2.0; RSI Above 50: RSI=60.05 >= 50; SMA Not Increasing: SMA: 45.82 -> 47.52; No SMA Downtrend: SMA changes: ['1.694', '1.119', '1.048']";;;5m cross, 15m confirmed
ETH/USDT;Short;open;2025-08-24 15:35:00;2025-08-24 15:45:00;65,42213372483249;67,84311392465708;-2,4209801998245837;70,20357740423076;57,57310997620185;12,630467428028908;15,367935432577141;4813,79;4813,79;Excellent;100.0%;184,0;50,0;125,0;-5,0;10,0;8,0;-4,0;83,2579185520362;Low;1,057198188653373;1816,58872;1718,304798;Optimal;1,1499060485572579;18,37112811429123;15,976199218484647;"RSI Cross SMA Down: Prev: RSI=71.77 vs SMA=67.56, Curr: RSI=65.42 vs SMA=67.84; RSI Entry Zone: RSI_SMA=67.56 > 60.0; Position Delay: Delay >= 12 candles";;"RSI-SMA Difference: RSI-SMA=12.63 >= 2.0; RSI Above 50: RSI=70.20 >= 50; SMA Not Increasing: SMA: 55.68 -> 57.57; No SMA Downtrend: SMA changes: ['1.898', '2.100', '2.269']";;;5m cross, 15m confirmed
ETH/USDT;Short;open;2025-08-24 16:55:00;2025-08-24 17:05:00;57,883523123545835;60,307084853866904;-2,423561730321069;67,36935244437238;63,48281735586585;3,886535088506534;4,97419764952721;4821,98;4821,98;Excellent;100.0%;184,0;50,0;125,0;-5,0;10,0;8,0;-4,0;83,2579185520362;Low;0,6756971489841365;1206,94677;1786,2244524999999;Optimal;1,113665086500105;19,18541128871063;17,227271934154164;"RSI Cross SMA Down: Prev: RSI=65.40 vs SMA=60.12, Curr: RSI=57.88 vs SMA=60.31; RSI Entry Zone: RSI_SMA=60.12 > 60.0; Position Delay: Delay >= 12 candles";;"RSI-SMA Difference: RSI-SMA=3.89 >= 2.0; RSI Above 50: RSI=67.37 >= 50; SMA Not Increasing: SMA: 62.78 -> 63.48; No SMA Downtrend: SMA changes: ['0.706', '1.023', '1.358']";;;5m cross, 15m confirmed
ETH/USDT;Short;skip;2025-08-24 18:30:00;2025-08-24 18:40:00;70,83354263689507;71,0047855361452;-0,17124289925013159;72,692689247054;71,41468173603732;1,278007511016682;3,551123080217399;4936,15;4936,15;Excellent;100.0%;153,0;50,0;90,0;3,0;10,0;0,0;0,0;76,11940298507463;Normal;1,6119662065765494;4825,27883;2993,411903;Optimal;1,273713501931312;28,477706021342804;22,358015345022647;"RSI Cross SMA Down: Prev: RSI=74.43 vs SMA=70.76, Curr: RSI=70.83 vs SMA=71.00; RSI Entry Zone: RSI_SMA=70.76 > 60.0; Position Delay: Delay >= 12 candles";;"RSI Above 50: RSI=72.69 >= 50; SMA Not Increasing: SMA: 71.25 -> 71.41; No SMA Downtrend: SMA changes: ['0.168', '0.801', '1.084']";RSI-SMA Difference: RSI-SMA=1.28 >= 2.0;RSI-SMA різниця 1.28 < 2.0;5m cross, 15m rejected
ETH/USDT;Short;skip;2025-08-24 18:40:00;2025-08-24 18:50:00;64,5398494916866;71,37687614245435;-6,837026650767754;72,692689247054;71,41468173603732;1,278007511016682;3,551123080217399;4931,01;4931,01;Excellent;100.0%;163,0;50,0;90,0;3,0;10,0;10,0;0,0;81,09452736318407;Normal;1,6119662065765494;4825,27883;2993,411903;Optimal;1,273713501931312;28,477706021342804;22,358015345022647;"RSI Cross SMA Down: Prev: RSI=73.50 vs SMA=71.57, Curr: RSI=64.54 vs SMA=71.38; RSI Entry Zone: RSI_SMA=71.57 > 60.0; Position Delay: Delay >= 12 candles";;"RSI Above 50: RSI=72.69 >= 50; SMA Not Increasing: SMA: 71.25 -> 71.41; No SMA Downtrend: SMA changes: ['0.168', '0.801', '1.084']";RSI-SMA Difference: RSI-SMA=1.28 >= 2.0;RSI-SMA різниця 1.28 < 2.0;5m cross, 15m rejected
ETH/USDT;Long;open;2025-08-24 21:05:00;2025-08-24 21:15:00;41,35389942762935;38,1758656916803;3,1780337359490503;41,82976091153198;58,01325968826277;-16,183498776730794;-17,325783634724733;4775,0;4775,0;Excellent;100.0%;194,0;50,0;125,0;-5,0;10,0;18,0;-4,0;87,78280542986425;Low;0,6540345534182729;3810,77655;5826,567618;Optimal;1,2661611973325766;47,423464438558554;37,454523593414194;"RSI Cross SMA Up: Prev: RSI=37.72 vs SMA=37.75, Curr: RSI=41.35 vs SMA=38.18; RSI Entry Zone: RSI_SMA=37.75 < 40.0; Position Delay: Delay >= 12 candles";;"SMA-RSI Difference: SMA-RSI=16.18 >= 2.0; RSI Below 50: RSI=41.83 <= 50; SMA Not Falling: SMA: 60.83 -> 58.01; No SMA Uptrend: SMA changes: ['-2.816', '-2.088', '-2.351']";;;5m cross, 15m confirmed
ETH/USDT;Long;open;2025-08-25 01:10:00;2025-08-25 01:20:00;38,21163802698651;36,69390102634724;1,517737000639272;38,72411564862765;42,08693276852585;-3,362817119898196;-7,194617420491099;4719,78;4719,78;Excellent;100.0%;184,0;50,0;125,0;-5,0;10,0;8,0;-4,0;83,2579185520362;Low;0,6361191094915327;1524,30652;2396,2595954999997;Optimal;0,952760912852339;38,72286796441407;40,642796573682936;"RSI Cross SMA Up: Prev: RSI=36.90 vs SMA=37.69, Curr: RSI=38.21 vs SMA=36.69; RSI Entry Zone: RSI_SMA=37.69 < 40.0; Position Delay: Delay >= 12 candles";;"SMA-RSI Difference: SMA-RSI=3.36 >= 2.0; RSI Below 50: RSI=38.72 <= 50; SMA Not Falling: SMA: 42.51 -> 42.09; No SMA Uptrend: SMA changes: ['-0.420', '-0.672', '-0.631']";;;5m cross, 15m confirmed
ETH/USDT;Long;skip;2025-08-25 04:45:00;2025-08-25 04:55:00;41,71009892172815;39,44261280203882;2,2674861196893232;42,0153661289656;43,99549669071414;-1,9801305617485383;-3,593714196183401;4716,12;4716,12;Excellent;100.0%;141,0;50,0;90,0;-5,0;10,0;0,0;-4,0;70,1492537313433;Low;0,7257341758403988;1288,25772;1775,109624;Optimal;0,8880253330824696;29,30077488933882;32,995426816970884;"RSI Cross SMA Up: Prev: RSI=37.57 vs SMA=39.99, Curr: RSI=41.71 vs SMA=39.44; RSI Entry Zone: RSI_SMA=39.99 < 40.0; Position Delay: Delay >= 12 candles";;"RSI Below 50: RSI=42.02 <= 50; SMA Not Falling: SMA: 44.05 -> 44.00; No SMA Uptrend: SMA changes: ['-0.055', '0.047', '0.386']";SMA-RSI Difference: SMA-RSI=1.98 >= 2.0;SMA-RSI diff 1.98 < 2.0;5m cross, 15m rejected
ETH/USDT;Long;open;2025-08-25 05:10:00;2025-08-25 05:20:00;37,85526056975722;37,831468591309;0,023791978448223006;39,63604114355119;44,01045451896091;-4,374413375409723;-3,6741721929305626;4707,37;4707,37;Excellent;100.0%;190,0;50,0;125,0;-5,0;10,0;14,0;-4,0;85,97285067873304;Low;0,7391045639576405;1313,08823;1776,5933185000001;Optimal;0,896409611151742;28,99714811152892;32,34810041167704;"RSI Cross SMA Up: Prev: RSI=38.02 vs SMA=38.08, Curr: RSI=37.86 vs SMA=37.83; RSI Entry Zone: RSI_SMA=38.08 < 40.0; Position Delay: Delay >= 12 candles";;"SMA-RSI Difference: SMA-RSI=4.37 >= 2.0; RSI Below 50: RSI=39.64 <= 50; SMA Not Falling: SMA: 44.00 -> 44.01; No SMA Uptrend: SMA changes: ['0.015', '-0.055', '0.047']";;;5m cross, 15m confirmed
ETH/USDT;Long;open;2025-08-25 07:00:00;2025-08-25 07:10:00;36,41645890664713;31,77827866913884;4,638180237508291;31,54379828622828;38,147726879762665;-6,603928593534384;-9,246475833060998;4649,68;4649,68;Excellent;100.0%;206,0;50,0;125,0;3,0;10,0;18,0;0,0;93,21266968325791;Normal;1,2534671153066554;2432,56407;1940,6684389999998;Optimal;0,9946974389072735;29,077122530065264;29,23212767292131;"RSI Cross SMA Up: Prev: RSI=25.12 vs SMA=32.26, Curr: RSI=36.42 vs SMA=31.78; RSI Entry Zone: RSI_SMA=32.26 < 40.0; Position Delay: Delay >= 12 candles";;"SMA-RSI Difference: SMA-RSI=6.60 >= 2.0; RSI Below 50: RSI=31.54 <= 50; SMA Not Falling: SMA: 39.21 -> 38.15; No SMA Uptrend: SMA changes: ['-1.065', '-1.210', '-1.156']";;;5m cross, 15m confirmed
ETH/USDT;Long;open;2025-08-25 07:35:00;2025-08-25 07:45:00;36,02780182965435;30,49197450191546;5,53582732773889;29,695004301704003;36,52811404647427;-6,833109744770269;-7,280295976513436;4625,65;4625,65;Excellent;100.0%;211,0;50,0;125,0;8,0;10,0;18,0;0,0;95,47511312217195;High;1,9785971138364369;4123,15873;2083,879887;Optimal;1,0017842429074835;28,905427079495098;28,85394463342998;"RSI Cross SMA Up: Prev: RSI=29.38 vs SMA=30.39, Curr: RSI=36.03 vs SMA=30.49; RSI Entry Zone: RSI_SMA=30.39 < 40.0; Position Delay: Delay >= 12 candles";;"SMA-RSI Difference: SMA-RSI=6.83 >= 2.0; RSI Below 50: RSI=29.70 <= 50; SMA Not Falling: SMA: 37.19 -> 36.53; No SMA Uptrend: SMA changes: ['-0.661', '-0.958', '-1.065']";;;5m cross, 15m confirmed
ETH/USDT;Long;open;2025-08-25 08:10:00;2025-08-25 08:20:00;34,73238166894332;31,926862088553627;2,805519580389692;25,02349181477294;34,44638820279979;-9,42289638802685;-8,880811674795309;4591,19;4591,19;Excellent;100.0%;205,0;50,0;125,0;12,0;10,0;8,0;0,0;92,76018099547511;Very High;3,6558373685178767;9855,41084;2695,8012205;Optimal;1,0889316321201807;31,476669267523825;28,906010569495404;"RSI Cross SMA Up: Prev: RSI=26.12 vs SMA=32.05, Curr: RSI=34.73 vs SMA=31.93; RSI Entry Zone: RSI_SMA=32.05 < 40.0; Position Delay: Delay >= 12 candles";;"SMA-RSI Difference: SMA-RSI=9.42 >= 2.0; RSI Below 50: RSI=25.02 <= 50; SMA Not Falling: SMA: 35.47 -> 34.45; No SMA Uptrend: SMA changes: ['-1.026', '-1.056', '-0.661']";;;5m cross, 15m confirmed
ETH/USDT;Long;open;2025-08-25 09:10:00;2025-08-25 09:20:00;43,49220063882144;40,23675210612123;3,255448532700207;27,56756883607825;30,396604478648907;-2,8290356425706555;-3,209867082299423;4592,65;4592,65;Excellent;100.0%;186,0;50,0;125,0;-5,0;10,0;10,0;-4,0;84,16289592760181;Low;0,9266963565090759;2658,80303;2869,119978;Optimal;1,013550774969624;29,662665320432925;29,26608715909858;"RSI Cross SMA Up: Prev: RSI=34.39 vs SMA=39.02, Curr: RSI=43.49 vs SMA=40.24; RSI Entry Zone: RSI_SMA=39.02 < 40.0; Position Delay: Delay >= 12 candles";;"SMA-RSI Difference: SMA-RSI=2.83 >= 2.0; RSI Below 50: RSI=27.57 <= 50; SMA Not Falling: SMA: 31.58 -> 30.40; No SMA Uptrend: SMA changes: ['-1.183', '-1.173', '-0.776']";;;5m cross, 15m confirmed
ETH/USDT;Short;open;2025-08-25 13:05:00;2025-08-25 13:15:00;65,77388930334675;65,97732202490312;-0,20343272155636782;55,222211429758424;40,977773895510474;14,24443753424795;17,029557115900044;4637,38;4637,38;Excellent;100.0%;184,0;50,0;125,0;-5,0;10,0;8,0;-4,0;83,2579185520362;Low;1,0588808547584874;2645,91866;2498,787893;Optimal;0,929261052625345;27,07680228331927;29,13799325477161;"RSI Cross SMA Down: Prev: RSI=69.03 vs SMA=65.64, Curr: RSI=65.77 vs SMA=65.98; RSI Entry Zone: RSI_SMA=65.64 > 60.0; Position Delay: Delay >= 12 candles";;"RSI-SMA Difference: RSI-SMA=14.24 >= 2.0; RSI Above 50: RSI=55.22 >= 50; SMA Not Increasing: SMA: 39.52 -> 40.98; No SMA Downtrend: SMA changes: ['1.454', '2.284', '1.980']";;;5m cross, 15m confirmed
ETH/USDT;Short;open;2025-08-25 13:30:00;2025-08-25 13:40:00;52,49519242266727;66,0942088081136;-13,599016385446333;50,52115626057288;43,576541996362955;6,944614264209925;12,599100923985135;4624,46;4624,46;Excellent;100.0%;206,0;50,0;125,0;3,0;10,0;18,0;0,0;93,21266968325791;Normal;1,5718796897762608;4131,78306;2628,5618975;Optimal;0,9985319156819844;29,20122237694368;29,24415526267843;"RSI Cross SMA Down: Prev: RSI=68.99 vs SMA=67.10, Curr: RSI=52.50 vs SMA=66.09; RSI Entry Zone: RSI_SMA=67.10 > 60.0; Position Delay: Delay >= 12 candles";;"RSI-SMA Difference: RSI-SMA=6.94 >= 2.0; RSI Above 50: RSI=50.52 >= 50; SMA Not Increasing: SMA: 42.50 -> 43.58; No SMA Downtrend: SMA changes: ['1.077', '1.522', '1.454']";;;5m cross, 15m confirmed
ETH/USDT;Long;open;2025-08-25 20:15:00;2025-08-25 20:25:00;27,092970505884637;23,689699490027667;3,4032710158569692;19,00404864810777;33,1367177036254;-14,132669055517631;-17,246719939989088;4416,53;4416,53;Excellent;100.0%;206,0;50,0;125,0;3,0;10,0;18,0;0,0;93,21266968325791;Normal;1,1909767614967852;4803,12131;4032,926137;Optimal;1,1731599971670335;36,227579164192896;30,88033963967052;"RSI Cross SMA Up: Prev: RSI=20.37 vs SMA=24.56, Curr: RSI=27.09 vs SMA=23.69; RSI Entry Zone: RSI_SMA=24.56 < 40.0; Position Delay: Delay >= 12 candles";;"SMA-RSI Difference: SMA-RSI=14.13 >= 2.0; RSI Below 50: RSI=19.00 <= 50; SMA Not Falling: SMA: 34.77 -> 33.14; No SMA Uptrend: SMA changes: ['-1.631', '-2.267', '-2.117']";;;5m cross, 15m confirmed
ETH/USDT;Long;open;2025-08-25 20:40:00;2025-08-25 20:50:00;29,061763326968787;22,773507982956147;6,28825534401264;16,490911017696746;31,51919189068602;-15,028280872989274;-15,835428997332135;4371,86;4371,86;Excellent;100.0%;215,0;50,0;125,0;12,0;10,0;18,0;0,0;97,28506787330316;Very High;3,6479317414645034;17661,17659;4841,421891;Optimal;1,2434940972976152;39,09489493817911;31,43955007357162;"RSI Cross SMA Up: Prev: RSI=20.45 vs SMA=22.35, Curr: RSI=29.06 vs SMA=22.77; RSI Entry Zone: RSI_SMA=22.35 < 40.0; Position Delay: Delay >= 12 candles";;"SMA-RSI Difference: SMA-RSI=15.03 >= 2.0; RSI Below 50: RSI=16.49 <= 50; SMA Not Falling: SMA: 33.14 -> 31.52; No SMA Uptrend: SMA changes: ['-1.618', '-1.631', '-2.267']";;;5m cross, 15m confirmed
ETH/USDT;Short;skip;2025-08-26 05:20:00;2025-08-26 05:30:00;56,783594917512644;60,67514480613949;-3,891549888626848;53,04453338183412;51,64726226608293;1,3972711157511881;4,081145537669985;4436,27;4436,27;Excellent;100.0%;151,0;50,0;90,0;-5,0;10,0;10,0;-4,0;75,12437810945273;Low;0,4996518862794714;1055,7877;2113,046561;Optimal;0,8538440839105274;27,67651284484844;32,414012542070395;"RSI Cross SMA Down: Prev: RSI=62.58 vs SMA=61.08, Curr: RSI=56.78 vs SMA=60.68; RSI Entry Zone: RSI_SMA=61.08 > 60.0; Position Delay: Delay >= 12 candles";;"RSI Above 50: RSI=53.04 >= 50; SMA Not Increasing: SMA: 51.60 -> 51.65; No SMA Downtrend: SMA changes: ['0.046', '0.838', '0.716']";RSI-SMA Difference: RSI-SMA=1.40 >= 2.0;RSI-SMA різниця 1.40 < 2.0;5m cross, 15m rejected
ETH/USDT;Short;open;2025-08-26 15:20:00;2025-08-26 15:30:00;60,140251523950866;62,416863508007744;-2,2766119840568777;65,57183476252933;61,04383217547721;4,528002587052121;8,008914251971857;4547,87;4547,87;Excellent;100.0%;184,0;50,0;125,0;-5,0;10,0;8,0;-4,0;83,2579185520362;Low;0,7276221884097681;3014,15024;4142,4660875;Optimal;1,1143182994701524;34,805462294031926;31,234757887922676;"RSI Cross SMA Down: Prev: RSI=63.62 vs SMA=61.70, Curr: RSI=60.14 vs SMA=62.42; RSI Entry Zone: RSI_SMA=61.70 > 60.0; Position Delay: Delay >= 12 candles";;"RSI-SMA Difference: RSI-SMA=4.53 >= 2.0; RSI Above 50: RSI=65.57 >= 50; SMA Not Increasing: SMA: 59.98 -> 61.04; No SMA Downtrend: SMA changes: ['1.062', '1.454', '1.561']";;;5m cross, 15m confirmed
ETH/USDT;Short;skip;2025-08-26 20:30:00;2025-08-26 20:40:00;58,79751117944794;64,8673153153944;-6,06980413594647;59,57466541641998;60,891604909523444;-1,3169394931034617;4,389420538067358;4591,31;4591,31;Excellent;100.0%;163,0;50,0;90,0;3,0;10,0;10,0;0,0;81,09452736318407;Normal;1,1557666226370895;3347,6005;2896,4329255000002;Optimal;0,9472150190277325;27,393590516071907;28,92013953092722;"RSI Cross SMA Down: Prev: RSI=65.09 vs SMA=65.05, Curr: RSI=58.80 vs SMA=64.87; RSI Entry Zone: RSI_SMA=65.05 > 60.0; Position Delay: Delay >= 12 candles";;"RSI Above 50: RSI=59.57 >= 50; SMA Not Increasing: SMA: 60.86 -> 60.89; No SMA Downtrend: SMA changes: ['0.030', '0.194', '0.675']";RSI-SMA Difference: RSI-SMA=-1.32 >= 2.0;RSI-SMA різниця -1.32 < 2.0;5m cross, 15m rejected
ETH/USDT;Long;open;2025-08-27 01:50:00;2025-08-27 02:00:00;41,31169784376552;36,77363920079684;4,538058642968679;47,12295026204729;52,91572468707921;-5,792774425031922;-10,409967543511629;4556,27;4556,27;Excellent;100.0%;206,0;50,0;125,0;3,0;10,0;18,0;0,0;93,21266968325791;Normal;1,1694741819753838;1780,11231;1522,1475919999998;Optimal;0,9273401864500505;22,74875269479627;24,531183946509138;"RSI Cross SMA Up: Prev: RSI=36.73 vs SMA=37.02, Curr: RSI=41.31 vs SMA=36.77; RSI Entry Zone: RSI_SMA=37.02 < 40.0; Position Delay: Delay >= 12 candles";;"SMA-RSI Difference: SMA-RSI=5.79 >= 2.0; RSI Below 50: RSI=47.12 <= 50; SMA Not Falling: SMA: 53.61 -> 52.92; No SMA Uptrend: SMA changes: ['-0.691', '-1.503', '-1.541']";;;5m cross, 15m confirmed
ETH/USDT;Short;open;2025-08-27 04:40:00;2025-08-27 04:50:00;62,2325142305509;62,55496853058162;-0,32245430003072073;61,58517314691647;51,18628135806798;10,398891788848488;11,108379283107546;4626,09;4626,09;Excellent;100.0%;184,0;50,0;125,0;-5,0;10,0;8,0;-4,0;83,2579185520362;Low;0,8129502137852177;1315,41236;1618,0724695;Optimal;1,1065202417598383;26,128969870012984;23,613639302663632;"RSI Cross SMA Down: Prev: RSI=62.84 vs SMA=61.63, Curr: RSI=62.23 vs SMA=62.55; RSI Entry Zone: RSI_SMA=61.63 > 60.0; Position Delay: Delay >= 12 candles";;"RSI-SMA Difference: RSI-SMA=10.40 >= 2.0; RSI Above 50: RSI=61.59 >= 50; SMA Not Increasing: SMA: 50.10 -> 51.19; No SMA Downtrend: SMA changes: ['1.085', '0.763', '0.835']";;;5m cross, 15m confirmed
ETH/USDT;Short;open;2025-08-27 05:15:00;2025-08-27 05:25:00;60,76108270221376;61,60778344425375;-0,8467007420399852;59,17216825212132;55,09864008602782;4,073528166093496;7,740841858527472;4633,43;4633,43;Excellent;100.0%;196,0;50,0;125,0;3,0;10,0;8,0;0,0;88,68778280542986;Normal;1,325832985471515;2163,71152;1631,9638625;Optimal;1,0463555149360158;25,2080928587531;24,09132699061138;"RSI Cross SMA Down: Prev: RSI=62.98 vs SMA=62.49, Curr: RSI=60.76 vs SMA=61.61; RSI Entry Zone: RSI_SMA=62.49 > 60.0; Position Delay: Delay >= 12 candles";;"RSI-SMA Difference: RSI-SMA=4.07 >= 2.0; RSI Above 50: RSI=59.17 >= 50; SMA Not Increasing: SMA: 54.24 -> 55.10; No SMA Downtrend: SMA changes: ['0.861', '1.622', '1.430']";;;5m cross, 15m confirmed
ETH/USDT;Long;open;2025-08-27 07:45:00;2025-08-27 07:55:00;42,98676182815923;37,19110963461782;5,7956521935414145;46,06279336619018;52,60971185839801;-6,54691849220783;-10,7617476376154;4579,38;4579,38;Excellent;100.0%;206,0;50,0;125,0;3,0;10,0;18,0;0,0;93,21266968325791;Normal;1,6774615044413743;2993,3133;1784,4303979999997;Optimal;0,9047245938645732;21,084455351759875;23,304832757664567;"RSI Cross SMA Up: Prev: RSI=32.25 vs SMA=37.21, Curr: RSI=42.99 vs SMA=37.19; RSI Entry Zone: RSI_SMA=37.21 < 40.0; Position Delay: Delay >= 12 candles";;"SMA-RSI Difference: SMA-RSI=6.55 >= 2.0; RSI Below 50: RSI=46.06 <= 50; SMA Not Falling: SMA: 53.50 -> 52.61; No SMA Uptrend: SMA changes: ['-0.890', '-1.640', '-1.193']";;;5m cross, 15m confirmed
ETH/USDT;Long;open;2025-08-27 08:35:00;2025-08-27 08:45:00;41,811617975639116;38,2849858876802;3,526632087958916;43,73842785182723;48,26780301318744;-4,529375161360207;-7,475857713233964;4570,11;4570,11;Excellent;100.0%;206,0;50,0;125,0;3,0;10,0;18,0;0,0;93,21266968325791;Normal;1,531650072961923;2974,15157;1941,795729;Optimal;0,9024516521097912;20,095301897892295;22,26745538213888;"RSI Cross SMA Up: Prev: RSI=32.48 vs SMA=37.62, Curr: RSI=41.81 vs SMA=38.28; RSI Entry Zone: RSI_SMA=37.62 < 40.0; Position Delay: Delay >= 12 candles";;"SMA-RSI Difference: SMA-RSI=4.53 >= 2.0; RSI Below 50: RSI=43.74 <= 50; SMA Not Falling: SMA: 49.70 -> 48.27; No SMA Uptrend: SMA changes: ['-1.437', '-1.552', '-1.353']";;;5m cross, 15m confirmed
ETH/USDT;Long;open;2025-08-27 19:30:00;2025-08-27 19:40:00;39,89486479806585;35,66887439208167;4,225990405984184;41,547440164001934;48,11129366827903;-6,563853504277098;-12,806532243988983;4575,34;4575,34;Excellent;100.0%;194,0;50,0;125,0;-5,0;10,0;18,0;-4,0;87,78280542986425;Low;1,1238131231068562;2480,53756;2207,2509290000003;Optimal;1,0364719189453453;27,562260835674653;26,592385506903494;"RSI Cross SMA Up: Prev: RSI=29.86 vs SMA=36.54, Curr: RSI=39.89 vs SMA=35.67; RSI Entry Zone: RSI_SMA=36.54 < 40.0; Position Delay: Delay >= 12 candles";;"SMA-RSI Difference: SMA-RSI=6.56 >= 2.0; RSI Below 50: RSI=41.55 <= 50; SMA Not Falling: SMA: 49.17 -> 48.11; No SMA Uptrend: SMA changes: ['-1.055', '-1.866', '-1.914']";;;5m cross, 15m confirmed
ETH/USDT;Long;open;2025-08-27 20:10:00;2025-08-27 20:20:00;39,56892185451461;34,20586594284909;5,363055911665526;38,80999315639754;46,26812464207835;-7,458131485680809;-7,17552897739593;4561,06;4561,06;Excellent;100.0%;206,0;50,0;125,0;3,0;10,0;18,0;0,0;93,21266968325791;Normal;1,7565005072935171;3927,72538;2236,1083095000004;Optimal;1,0576040146596435;27,911031026678636;26,3908141797863;"RSI Cross SMA Up: Prev: RSI=31.73 vs SMA=33.97, Curr: RSI=39.57 vs SMA=34.21; RSI Entry Zone: RSI_SMA=33.97 < 40.0; Position Delay: Delay >= 12 candles";;"SMA-RSI Difference: SMA-RSI=7.46 >= 2.0; RSI Below 50: RSI=38.81 <= 50; SMA Not Falling: SMA: 47.15 -> 46.27; No SMA Uptrend: SMA changes: ['-0.884', '-0.959', '-1.055']";;;5m cross, 15m confirmed
ETH/USDT;Long;open;2025-08-27 22:20:00;2025-08-27 22:30:00;36,35551097676332;35,879042495353076;0,4764684814102438;31,75292327500803;39,10810238250955;-7,35517910750152;-8,390716373767582;4512,5;4512,5;Excellent;100.0%;184,0;50,0;125,0;-5,0;10,0;8,0;-4,0;83,2579185520362;Low;0,5556205657692899;1516,03843;2728,5498835000003;Optimal;1,047462380513842;32,28512076050762;30,82222460788507;"RSI Cross SMA Up: Prev: RSI=34.71 vs SMA=36.71, Curr: RSI=36.36 vs SMA=35.88; RSI Entry Zone: RSI_SMA=36.71 < 40.0; Position Delay: Delay >= 12 candles";;"SMA-RSI Difference: SMA-RSI=7.36 >= 2.0; RSI Below 50: RSI=31.75 <= 50; SMA Not Falling: SMA: 39.80 -> 39.11; No SMA Uptrend: SMA changes: ['-0.695', '-1.256', '-1.160']";;;5m cross, 15m confirmed
ETH/USDT;Long;skip;2025-08-28 00:40:00;2025-08-28 00:50:00;44,75600410784505;40,178904356158604;4,577099751686447;35,94985597754777;36,48088009342775;-0,5310241158799798;0,5813179182604719;4494,11;4494,11;Excellent;100.0%;151,0;50,0;90,0;-5,0;10,0;10,0;-4,0;75,12437810945273;Low;0,7488986613466923;1863,40279;2488,1908409999996;Optimal;0,9692811804142354;30,15383464670407;31,109481186684572;"RSI Cross SMA Up: Prev: RSI=38.43 vs SMA=39.99, Curr: RSI=44.76 vs SMA=40.18; RSI Entry Zone: RSI_SMA=39.99 < 40.0; Position Delay: Delay >= 12 candles";;"RSI Below 50: RSI=35.95 <= 50; SMA Not Falling: SMA: 37.08 -> 36.48; No SMA Uptrend: SMA changes: ['-0.599', '-0.859', '-0.549']";SMA-RSI Difference: SMA-RSI=0.53 >= 2.0;SMA-RSI diff 0.53 < 2.0;5m cross, 15m rejected
ETH/USDT;Short;open;2025-08-28 04:00:00;2025-08-28 04:10:00;56,80778706460124;61,29179944963721;-4,484012385035967;58,07792128305529;46,73517458545386;11,342746697601427;10,779365903235117;4535,74;4535,74;Excellent;100.0%;194,0;50,0;125,0;-5,0;10,0;18,0;-4,0;87,78280542986425;Low;0,9870546296925692;1429,75188;1448,5032915;Optimal;0,8444969949997662;21,501510000033807;25,460730029050914;"RSI Cross SMA Down: Prev: RSI=63.22 vs SMA=60.85, Curr: RSI=56.81 vs SMA=61.29; RSI Entry Zone: RSI_SMA=60.85 > 60.0; Position Delay: Delay >= 12 candles";;"RSI-SMA Difference: RSI-SMA=11.34 >= 2.0; RSI Above 50: RSI=58.08 >= 50; SMA Not Increasing: SMA: 45.15 -> 46.74; No SMA Downtrend: SMA changes: ['1.581', '1.288', '1.049']";;;5m cross, 15m confirmed
ETH/USDT;Short;open;2025-08-28 04:20:00;2025-08-28 04:30:00;62,91222803009422;64,09454110082669;-1,1823130707324694;58,7295026445203;48,36709461366536;10,362408030854944;10,401363694080942;4549,46;4549,46;Excellent;100.0%;196,0;50,0;125,0;3,0;10,0;8,0;0,0;88,68778280542986;Normal;1,5206560596012217;2189,15528;1439,6123739999998;Optimal;0,8339797754541888;20,662116428602822;24,77532074126156;"RSI Cross SMA Down: Prev: RSI=67.84 vs SMA=64.02, Curr: RSI=62.91 vs SMA=64.09; RSI Entry Zone: RSI_SMA=64.02 > 60.0; Position Delay: Delay >= 12 candles";;"RSI-SMA Difference: RSI-SMA=10.36 >= 2.0; RSI Above 50: RSI=58.73 >= 50; SMA Not Increasing: SMA: 46.74 -> 48.37; No SMA Downtrend: SMA changes: ['1.632', '1.581', '1.288']";;;5m cross, 15m confirmed
ETH/USDT;Short;open;2025-08-28 05:10:00;2025-08-28 05:20:00;65,29672046600581;69,1229217366218;-3,8262012706159965;65,63431281506931;53,415826809460484;12,218486005608824;12,364114312373935;4575,48;4575,48;Excellent;100.0%;194,0;50,0;125,0;-5,0;10,0;18,0;-4,0;87,78280542986425;Low;1,0949693593265692;1594,26438;1455,9899475;Optimal;0,8892568389061605;20,515757942288754;23,07067772177538;"RSI Cross SMA Down: Prev: RSI=74.48 vs SMA=68.52, Curr: RSI=65.30 vs SMA=69.12; RSI Entry Zone: RSI_SMA=68.52 > 60.0; Position Delay: Delay >= 12 candles";;"RSI-SMA Difference: RSI-SMA=12.22 >= 2.0; RSI Above 50: RSI=65.63 >= 50; SMA Not Increasing: SMA: 51.78 -> 53.42; No SMA Downtrend: SMA changes: ['1.637', '1.813', '1.599']";;;5m cross, 15m confirmed
ETH/USDT;Short;skip;2025-08-28 08:20:00;2025-08-28 08:30:00;59,34490599725921;60,69040684735147;-1,3455008500922574;62,49210442575999;61,90028456930594;0,5918198564540518;5,309273863951191;4603,04;4603,04;Excellent;100.0%;147,0;50,0;90,0;-5,0;10,0;6,0;-4,0;73,13432835820896;Low;1,0467687047020724;1823,63993;1742,1613025;Optimal;1,0293474353663299;20,05126198913117;19,479586095238307;"RSI Cross SMA Down: Prev: RSI=68.46 vs SMA=60.62, Curr: RSI=59.34 vs SMA=60.69; RSI Entry Zone: RSI_SMA=60.62 > 60.0; Position Delay: Delay >= 12 candles";;"RSI Above 50: RSI=62.49 >= 50; SMA Not Increasing: SMA: 62.03 -> 61.90; No SMA Downtrend: SMA changes: ['-0.129', '0.700', '0.560']";RSI-SMA Difference: RSI-SMA=0.59 >= 2.0;RSI-SMA різниця 0.59 < 2.0;5m cross, 15m rejected
ETH/USDT;Short;skip;2025-08-28 08:35:00;2025-08-28 08:45:00;58,869549931237906;61,96511921017573;-3,0955692789378233;63,212060348976976;61,72726653601364;1,4847938129633391;4,056559241686931;4605,21;4605,21;Excellent;100.0%;157,0;50,0;90,0;-5,0;10,0;16,0;-4,0;78,1094527363184;Low;0,6096806041441094;1043,75568;1711,9712729999999;Optimal;1,0159060838547853;19,73260041847889;19,423646272109035;"RSI Cross SMA Down: Prev: RSI=61.77 vs SMA=61.59, Curr: RSI=58.87 vs SMA=61.97; RSI Entry Zone: RSI_SMA=61.59 > 60.0; Position Delay: Delay >= 12 candles";;"RSI Above 50: RSI=63.21 >= 50; SMA Not Increasing: SMA: 61.90 -> 61.73; No SMA Downtrend: SMA changes: ['-0.173', '-0.129', '0.700']";RSI-SMA Difference: RSI-SMA=1.48 >= 2.0;RSI-SMA різниця 1.48 < 2.0;5m cross, 15m rejected