Pair;Direction;Status;Signal_Time;Entry_Time;RSI_5m;RSI_SMA_5m;RSI_Diff_5m;RSI_15m;RSI_SMA_15m;RSI_Diff_15m;Avg_Diff_15m;Signal_Price;Entry_Price;Quality;Confidence;Total_Score;Base_Score;Technical_Score;Volume_Score;Volatility_Score;Bonus_Score;Penalty_Score;Score_Percentage;Volume_Quality;Volume_Ratio;Current_Volume;Avg_Volume;Volatility_Quality;Volatility_Ratio;Current_ATR;Avg_ATR;Primary_Passed_5m;Primary_Failed_5m;Confirmation_Passed_15m;Confirmation_Failed_15m;Skip_Reason;Comment
BTC/USDT;Short;open;29.07.2025 13:35;29.07.2025 13:45;57,23385783;59,73988301;-2,506025176;53,53778309;49,66588218;3,871900918;6,11630435;118924,8;118924,8;Excellent;100.0%;205;50;125;12;10;8;0;92,760181;Very High;2,713984925;237,274821;87,4267277;Optimal;1,068443128;243,093994;227,5216973;"RSI Cross SMA Down: Prev: RSI=60.74 vs SMA=60.39, Curr: RSI=57.23 vs SMA=59.74; RSI Entry Zone: RSI_SMA=60.39 > 60.0; Position Delay: Delay >= 12 candles";;"RSI-SMA Difference: RSI-SMA=3.87 >= 2.0; RSI Above 50: RSI=53.54 >= 50; SMA Not Increasing: SMA: 49.12 -> 49.67; No SMA Downtrend: SMA changes: ['0.549', '0.392', '-0.124']";;;5m cross, 15m confirmed
BTC/USDT;Long;open;29.07.2025 14:40;29.07.2025 14:50;40,1721533;38,53098427;1,641169036;40,18193368;49,19872837;-9,016794688;-9,947552841;118268,9;118268,9;Excellent;100.0%;184;50;125;-5;10;8;-4;83,25791855;Low;1,002052806;114,577752;114,343028;Optimal;1,145557375;278,9631576;243,5174035;"RSI Cross SMA Up: Prev: RSI=31.50 vs SMA=40.00, Curr: RSI=40.17 vs SMA=38.53; RSI Entry Zone: RSI_SMA=40.00 < 40.0; Position Delay: Delay >= 12 candles";;"SMA-RSI Difference: SMA-RSI=9.02 >= 2.0; RSI Below 50: RSI=40.18 <= 50; SMA Not Falling: SMA: 49.32 -> 49.20; No SMA Uptrend: SMA changes: ['-0.126', '0.148', '-0.433']";;;5m cross, 15m confirmed
BTC/USDT;Long;open;29.07.2025 15:10;29.07.2025 15:20;33,01221593;32,585624;0,42659193;31,74235889;47,47919282;-15,73683393;-13,51956253;117785,4;117785,4;Excellent;100.0%;196;50;125;3;10;8;0;88,68778281;Normal;1,179688093;145,788602;123,582329;Optimal;1,186050299;303,6728247;256,0370542;"RSI Cross SMA Up: Prev: RSI=28.84 vs SMA=32.51, Curr: RSI=33.01 vs SMA=32.59; RSI Entry Zone: RSI_SMA=32.51 < 40.0; Position Delay: Delay >= 12 candles";;"SMA-RSI Difference: SMA-RSI=15.74 >= 2.0; RSI Below 50: RSI=31.74 <= 50; SMA Not Falling: SMA: 48.31 -> 47.48; No SMA Uptrend: SMA changes: ['-0.833', '-0.886', '-0.126']";;;5m cross, 15m confirmed
BTC/USDT;Long;open;29.07.2025 15:45;29.07.2025 15:55;31,56144081;30,47398858;1,087452229;26,29384517;42,38627374;-16,09242857;-17,15763007;117542,5;117542,5;Excellent;100.0%;196;50;125;3;10;8;0;88,68778281;Normal;1,465850076;199,852625;136,3390624;Optimal;1,127459104;308,838446;273,9243001;"RSI Cross SMA Up: Prev: RSI=25.78 vs SMA=30.47, Curr: RSI=31.56 vs SMA=30.47; RSI Entry Zone: RSI_SMA=30.47 < 40.0; Position Delay: Delay >= 12 candles";;"SMA-RSI Difference: SMA-RSI=16.09 >= 2.0; RSI Below 50: RSI=26.29 <= 50; SMA Not Falling: SMA: 44.68 -> 42.39; No SMA Uptrend: SMA changes: ['-2.295', '-1.317', '-1.481']";;;5m cross, 15m confirmed
BTC/USDT;Long;open;29.07.2025 16:05;29.07.2025 16:15;32,49883127;29,32204726;3,176784002;28,00984239;40,04986239;-12,04002;-15,2555837;117463,7;117463,7;Excellent;100.0%;194;50;125;-5;10;18;-4;87,78280543;Low;0,801650183;109,336359;136,389115;Optimal;1,081518292;300,3714141;277,7312379;"RSI Cross SMA Up: Prev: RSI=27.65 vs SMA=29.26, Curr: RSI=32.50 vs SMA=29.32; RSI Entry Zone: RSI_SMA=29.26 < 40.0; Position Delay: Delay >= 12 candles";;"SMA-RSI Difference: SMA-RSI=12.04 >= 2.0; RSI Below 50: RSI=28.01 <= 50; SMA Not Falling: SMA: 42.39 -> 40.05; No SMA Uptrend: SMA changes: ['-2.336', '-2.295', '-1.317']";;;5m cross, 15m confirmed
BTC/USDT;Long;open;29.07.2025 16:40;29.07.2025 16:50;43,80017557;29,3938648;14,40631077;31,5359675;36,27325123;-4,737283732;-9,419610813;117460,4;117460,4;Excellent;100.0%;206;50;125;3;10;18;0;93,21266968;Normal;1,799289911;265,425956;147,5170591;Optimal;1,099547679;315,630454;287,0548137;"RSI Cross SMA Up: Prev: RSI=21.98 vs SMA=28.22, Curr: RSI=43.80 vs SMA=29.39; RSI Entry Zone: RSI_SMA=28.22 < 40.0; Position Delay: Delay >= 12 candles";;"SMA-RSI Difference: SMA-RSI=4.74 >= 2.0; RSI Below 50: RSI=31.54 <= 50; SMA Not Falling: SMA: 37.96 -> 36.27; No SMA Uptrend: SMA changes: ['-1.687', '-2.089', '-2.336']";;;5m cross, 15m confirmed
BTC/USDT;Short;open;29.07.2025 23:40;29.07.2025 23:50;51,9544111;64,10697875;-12,15256765;51,61134408;47,96681399;3,644530095;7,122314084;117754,6;117754,6;Excellent;100.0%;194;50;125;-5;10;18;-4;87,78280543;Low;0,456907923;29,858588;65,34924545;Optimal;0,837315269;264,6347938;316,0515564;"RSI Cross SMA Down: Prev: RSI=67.81 vs SMA=64.74, Curr: RSI=51.95 vs SMA=64.11; RSI Entry Zone: RSI_SMA=64.74 > 60.0; Position Delay: Delay >= 12 candles";;"RSI-SMA Difference: RSI-SMA=3.64 >= 2.0; RSI Above 50: RSI=51.61 >= 50; SMA Not Increasing: SMA: 46.80 -> 47.97; No SMA Downtrend: SMA changes: ['1.163', '1.068', '0.864']";;;5m cross, 15m confirmed
BTC/USDT;Short;skip;30.07.2025 7:30;30.07.2025 7:40;55,37252832;59,97975444;-4,607226124;56,80447643;55,07043119;1,734045241;3,28703623;118265,5;118265,5;Excellent;100.0%;157;50;90;-5;10;16;-4;78,10945274;Low;1,072797335;50,978962;47,51965755;Optimal;0,956310081;192,7747627;201,5818578;"RSI Cross SMA Down: Prev: RSI=63.34 vs SMA=60.04, Curr: RSI=55.37 vs SMA=59.98; RSI Entry Zone: RSI_SMA=60.04 > 60.0; Position Delay: Delay >= 12 candles";;"RSI Above 50: RSI=56.80 >= 50; SMA Not Increasing: SMA: 55.37 -> 55.07; No SMA Downtrend: SMA changes: ['-0.302', '0.155', '-0.167']";RSI-SMA Difference: RSI-SMA=1.73 >= 2.0;RSI-SMA різниця 1.73 < 2.0;5m cross, 15m rejected
BTC/USDT;Long;open;30.07.2025 12:20;30.07.2025 12:30;47,23175863;33,49156304;13,74019558;42,69984041;47,14881718;-4,448976769;-11,50365838;117796,2;117796,2;Excellent;100.0%;211;50;125;8;10;18;0;95,47511312;High;2,129362654;198,653708;93,29256695;Optimal;1,24113611;259,5680839;209,1374845;"RSI Cross SMA Up: Prev: RSI=30.49 vs SMA=33.17, Curr: RSI=47.23 vs SMA=33.49; RSI Entry Zone: RSI_SMA=33.17 < 40.0; Position Delay: Delay >= 12 candles";;"SMA-RSI Difference: SMA-RSI=4.45 >= 2.0; RSI Below 50: RSI=42.70 <= 50; SMA Not Falling: SMA: 48.31 -> 47.15; No SMA Uptrend: SMA changes: ['-1.165', '-1.837', '-1.278']";;;5m cross, 15m confirmed
BTC/USDT;Short;open;30.07.2025 15:05;30.07.2025 15:15;61,37989763;61,90410847;-0,524210835;58,04036172;45,52364385;12,51671787;16,38691404;118357,9;118357,9;Excellent;100.0%;196;50;125;3;10;8;0;88,68778281;Normal;1,392942009;237,662177;170,6188595;Optimal;1,207798659;351,74868;291,2312225;"RSI Cross SMA Down: Prev: RSI=69.84 vs SMA=61.08, Curr: RSI=61.38 vs SMA=61.90; RSI Entry Zone: RSI_SMA=61.08 > 60.0; Position Delay: Delay >= 12 candles";;"RSI-SMA Difference: RSI-SMA=12.52 >= 2.0; RSI Above 50: RSI=58.04 >= 50; SMA Not Increasing: SMA: 44.26 -> 45.52; No SMA Downtrend: SMA changes: ['1.265', '1.860', '0.599']";;;5m cross, 15m confirmed
BTC/USDT;Long;open;30.07.2025 19:25;30.07.2025 19:35;32,61602985;29,96454873;2,651481112;27,32956366;40,70194056;-13,37237689;-17,89161048;116451,3;116451,3;Excellent;100.0%;196;50;125;3;10;8;0;88,68778281;Normal;1,556814316;326,927658;209,9978492;Optimal;1,199908075;399,2064684;332,6975429;"RSI Cross SMA Up: Prev: RSI=25.76 vs SMA=30.93, Curr: RSI=32.62 vs SMA=29.96; RSI Entry Zone: RSI_SMA=30.93 < 40.0; Position Delay: Delay >= 12 candles";;"SMA-RSI Difference: SMA-RSI=13.37 >= 2.0; RSI Below 50: RSI=27.33 <= 50; SMA Not Falling: SMA: 42.35 -> 40.70; No SMA Uptrend: SMA changes: ['-1.646', '-2.180', '-2.099']";;;5m cross, 15m confirmed
BTC/USDT;Short;open;30.07.2025 23:20;30.07.2025 23:30;61,88642015;62,49124879;-0,604828633;55,92097226;48,59274493;7,32822733;7,679264402;117500,4;117500,4;Excellent;100.0%;184;50;125;-5;10;8;-4;83,25791855;Low;0,110662563;19,207041;173,564036;Optimal;0,7842785;269,3215013;343,4003373;"RSI Cross SMA Down: Prev: RSI=67.47 vs SMA=62.37, Curr: RSI=61.89 vs SMA=62.49; RSI Entry Zone: RSI_SMA=62.37 > 60.0; Position Delay: Delay >= 12 candles";;"RSI-SMA Difference: RSI-SMA=7.33 >= 2.0; RSI Above 50: RSI=55.92 >= 50; SMA Not Increasing: SMA: 47.40 -> 48.59; No SMA Downtrend: SMA changes: ['1.196', '1.437', '1.885']";;;5m cross, 15m confirmed
BTC/USDT;Short;open;31.07.2025 0:50;31.07.2025 1:00;71,93451732;76,50525541;-4,570738094;72,29478879;57,66445773;14,63033106;14,38881166;118312,2;118312,2;Excellent;100.0%;215;50;125;12;10;18;0;97,28506787;Very High;2,776538618;215,944902;77,7748599;Optimal;0,882167418;252,0552587;285,7227026;"RSI Cross SMA Down: Prev: RSI=88.08 vs SMA=76.57, Curr: RSI=71.93 vs SMA=76.51; RSI Entry Zone: RSI_SMA=76.57 > 60.0; Position Delay: Delay >= 12 candles";;"RSI-SMA Difference: RSI-SMA=14.63 >= 2.0; RSI Above 50: RSI=72.29 >= 50; SMA Not Increasing: SMA: 55.55 -> 57.66; No SMA Downtrend: SMA changes: ['2.112', '1.910', '1.463']";;;5m cross, 15m confirmed
BTC/USDT;Short;skip;31.07.2025 3:35;31.07.2025 3:45;61,44094284;61,52014055;-0,079197704;65,92040298;66,00207033;-0,081667346;-0,621864381;118430;118430;Excellent;100.0%;141;50;90;-5;10;0;-4;70,14925373;Low;0,63886631;52,547654;82,25140875;Optimal;0,867592914;207,7305;239,4331451;"RSI Cross SMA Down: Prev: RSI=61.66 vs SMA=60.97, Curr: RSI=61.44 vs SMA=61.52; RSI Entry Zone: RSI_SMA=60.97 > 60.0; Position Delay: Delay >= 12 candles";;"RSI Above 50: RSI=65.92 >= 50; SMA Not Increasing: SMA: 65.80 -> 66.00; No SMA Downtrend: SMA changes: ['0.202', '0.261', '0.323']";RSI-SMA Difference: RSI-SMA=-0.08 >= 2.0;RSI-SMA різниця -0.08 < 2.0;5m cross, 15m rejected
BTC/USDT;Short;skip;31.07.2025 3:55;31.07.2025 4:05;59,78125166;62,60345058;-2,822198915;65,45600915;65,92499178;-0,468982631;-0,346726315;118458,9;118458,9;Excellent;100.0%;159;50;90;3;10;6;0;79,10447761;Normal;1,621404219;141,093433;87,01928325;Optimal;0,868872616;205,4783215;236,4884307;"RSI Cross SMA Down: Prev: RSI=67.26 vs SMA=62.83, Curr: RSI=59.78 vs SMA=62.60; RSI Entry Zone: RSI_SMA=62.83 > 60.0; Position Delay: Delay >= 12 candles";;"RSI Above 50: RSI=65.46 >= 50; SMA Not Increasing: SMA: 66.00 -> 65.92; No SMA Downtrend: SMA changes: ['-0.077', '0.202', '0.261']";RSI-SMA Difference: RSI-SMA=-0.47 >= 2.0;RSI-SMA різниця -0.47 < 2.0;5m cross, 15m rejected
BTC/USDT;Short;skip;31.07.2025 7:30;31.07.2025 7:40;60,24524922;66,34913525;-6,103886034;61,34312194;61,73612561;-0,393003675;5,119745358;118721,7;118721,7;Excellent;100.0%;157;50;90;-5;10;16;-4;78,10945274;Low;1,034841783;69,562813;67,22072315;Optimal;0,975762114;165,4268102;169,5360045;"RSI Cross SMA Down: Prev: RSI=69.05 vs SMA=65.52, Curr: RSI=60.25 vs SMA=66.35; RSI Entry Zone: RSI_SMA=65.52 > 60.0; Position Delay: Delay >= 12 candles";;"RSI Above 50: RSI=61.34 >= 50; SMA Not Increasing: SMA: 61.98 -> 61.74; No SMA Downtrend: SMA changes: ['-0.241', '0.384', '0.184']";RSI-SMA Difference: RSI-SMA=-0.39 >= 2.0;RSI-SMA різниця -0.39 < 2.0;5m cross, 15m rejected
BTC/USDT;Long;open;31.07.2025 18:20;31.07.2025 18:30;39,59224977;36,53579986;3,056449912;44,60172853;46,7179707;-2,116242169;-7,399926942;117722,6;117722,6;Excellent;100.0%;192;50;125;-5;10;16;-4;86,87782805;Low;0,816755188;123,546298;151,2647852;Optimal;1,192786734;343,3860414;287,8855303;"RSI Cross SMA Up: Prev: RSI=33.30 vs SMA=37.03, Curr: RSI=39.59 vs SMA=36.54; RSI Entry Zone: RSI_SMA=37.03 < 40.0; Position Delay: Delay >= 12 candles";;"SMA-RSI Difference: SMA-RSI=2.12 >= 2.0; RSI Below 50: RSI=44.60 <= 50; SMA Not Falling: SMA: 46.24 -> 46.72; No SMA Uptrend: SMA changes: ['0.473', '-0.419', '-0.035']";;;5m cross, 15m confirmed
BTC/USDT;Long;open;31.07.2025 20:15;31.07.2025 20:25;32,23691831;22,97563017;9,261288149;30,12333343;36,73210002;-6,608766589;-10,32959063;116822,3;116822,3;Excellent;100.0%;194;50;125;-5;10;18;-4;87,78280543;Low;0,94566042;138,039237;145,9712536;Optimal;1,050449509;345,6824094;329,0804619;"RSI Cross SMA Up: Prev: RSI=20.11 vs SMA=23.23, Curr: RSI=32.24 vs SMA=22.98; RSI Entry Zone: RSI_SMA=23.23 < 40.0; Position Delay: Delay >= 12 candles";;"SMA-RSI Difference: SMA-RSI=6.61 >= 2.0; RSI Below 50: RSI=30.12 <= 50; SMA Not Falling: SMA: 38.56 -> 36.73; No SMA Uptrend: SMA changes: ['-1.829', '-2.250', '-2.033']";;;5m cross, 15m confirmed
BTC/USDT;Long;open;31.07.2025 22:40;31.07.2025 22:50;38,5115946;37,14298678;1,368607821;27,37618593;29,87600241;-2,499816472;-2,354374284;116212;116212;Excellent;100.0%;176;50;125;-5;10;0;-4;79,63800905;Low;0,594873657;88,359892;148,5355604;Optimal;0,985125045;336,6955989;341,7795545;"RSI Cross SMA Up: Prev: RSI=34.05 vs SMA=37.96, Curr: RSI=38.51 vs SMA=37.14; RSI Entry Zone: RSI_SMA=37.96 < 40.0; Position Delay: Delay >= 12 candles";;"SMA-RSI Difference: SMA-RSI=2.50 >= 2.0; RSI Below 50: RSI=27.38 <= 50; SMA Not Falling: SMA: 30.40 -> 29.88; No SMA Uptrend: SMA changes: ['-0.520', '-0.824', '-1.032']";;;5m cross, 15m confirmed
BTC/USDT;Long;skip;31.07.2025 23:00;31.07.2025 23:10;39,39201409;35,5592166;3,83279749;35,57340994;29,68304831;5,890361625;-0,372525129;116114,5;116114,5;Excellent;100.0%;165;50;90;-5;10;24;-4;82,08955224;Low;1,037156786;148,656878;143,331153;Optimal;0,993201779;338,3951848;340,7114161;"RSI Cross SMA Up: Prev: RSI=34.54 vs SMA=35.29, Curr: RSI=39.39 vs SMA=35.56; RSI Entry Zone: RSI_SMA=35.29 < 40.0; Position Delay: Delay >= 12 candles";;"RSI Below 50: RSI=35.57 <= 50; SMA Not Falling: SMA: 29.31 -> 29.68; No SMA Uptrend: SMA changes: ['0.375', '-0.568', '-0.520']";SMA-RSI Difference: SMA-RSI=-5.89 >= 2.0;SMA-RSI diff -5.89 < 2.0;5m cross, 15m rejected
BTC/USDT;Long;open;01.08.2025 0:00;01.08.2025 0:10;38,31837477;37,76147293;0,556901834;23,20212618;29,43843844;-6,236312262;-3,516456527;115763,3;115763,3;Excellent;100.0%;196;50;125;3;10;8;0;88,68778281;Normal;1,52028355;242,232084;159,3334901;Optimal;1,054025789;360,4155241;341,941846;"RSI Cross SMA Up: Prev: RSI=37.60 vs SMA=37.78, Curr: RSI=38.32 vs SMA=37.76; RSI Entry Zone: RSI_SMA=37.78 < 40.0; Position Delay: Delay >= 12 candles";;"SMA-RSI Difference: SMA-RSI=6.24 >= 2.0; RSI Below 50: RSI=23.20 <= 50; SMA Not Falling: SMA: 29.77 -> 29.44; No SMA Uptrend: SMA changes: ['-0.335', '-0.166', '0.065']";;;5m cross, 15m confirmed
BTC/USDT;Long;skip;01.08.2025 0:15;01.08.2025 0:25;45,69453427;37,49396962;8,200564647;35,61660784;30,03304659;5,583561244;-0,876273362;115821,7;115821,7;Excellent;100.0%;182;50;90;8;10;24;0;90,54726368;High;1,820485657;301,313092;165,5124779;Optimal;1,100311125;379,0572723;344,5000815;"RSI Cross SMA Up: Prev: RSI=28.34 vs SMA=37.10, Curr: RSI=45.69 vs SMA=37.49; RSI Entry Zone: RSI_SMA=37.10 < 40.0; Position Delay: Delay >= 12 candles";;"RSI Below 50: RSI=35.62 <= 50; SMA Not Falling: SMA: 29.44 -> 30.03; No SMA Uptrend: SMA changes: ['0.595', '-0.335', '-0.166']";SMA-RSI Difference: SMA-RSI=-5.58 >= 2.0;SMA-RSI diff -5.58 < 2.0;5m cross, 15m rejected
BTC/USDT;Long;skip;01.08.2025 0:55;01.08.2025 1:05;43,0404099;38,95056257;4,089847328;31,38210445;29,99805654;1,384047907;3,01597663;115416,8;115416,8;Excellent;100.0%;172;50;90;12;10;10;0;85,5721393;Very High;4,019562224;783,981509;195,0415158;Optimal;1,236971603;439,1080562;354,9863677;"RSI Cross SMA Up: Prev: RSI=32.86 vs SMA=38.37, Curr: RSI=43.04 vs SMA=38.95; RSI Entry Zone: RSI_SMA=38.37 < 40.0; Position Delay: Delay >= 12 candles";;"RSI Below 50: RSI=31.38 <= 50; SMA Not Falling: SMA: 30.30 -> 30.00; No SMA Uptrend: SMA changes: ['-0.297', '0.262', '0.595']";SMA-RSI Difference: SMA-RSI=-1.38 >= 2.0;SMA-RSI diff -1.38 < 2.0;5m cross, 15m rejected
BTC/USDT;Long;skip;01.08.2025 1:20;01.08.2025 1:30;43,44370528;40,25783452;3,185870757;35,33207964;29,53527106;5,796808574;0,769630275;115153,1;115153,1;Excellent;100.0%;173;50;90;3;6;24;0;86,06965174;Normal;1,602747503;342,90115;213,9458333;High;1,305474905;491,4773546;376,4739963;"RSI Cross SMA Up: Prev: RSI=36.37 vs SMA=39.18, Curr: RSI=43.44 vs SMA=40.26; RSI Entry Zone: RSI_SMA=39.18 < 40.0; Position Delay: Delay >= 12 candles";;"RSI Below 50: RSI=35.33 <= 50; SMA Not Falling: SMA: 29.27 -> 29.54; No SMA Uptrend: SMA changes: ['0.264', '-0.727', '-0.297']";SMA-RSI Difference: SMA-RSI=-5.80 >= 2.0;SMA-RSI diff -5.80 < 2.0;5m cross, 15m rejected
BTC/USDT;Long;open;01.08.2025 7:15;01.08.2025 7:25;38,95915448;35,46662803;3,492526452;33,45357038;41,59702124;-8,143450855;-6,443179215;115112,9;115112,9;Excellent;100.0%;206;50;125;3;10;18;0;93,21266968;Normal;1,278856591;114,075804;89,20140445;Optimal;0,945056851;319,7797575;338,3709214;"RSI Cross SMA Up: Prev: RSI=29.71 vs SMA=36.20, Curr: RSI=38.96 vs SMA=35.47; RSI Entry Zone: RSI_SMA=36.20 < 40.0; Position Delay: Delay >= 12 candles";;"SMA-RSI Difference: SMA-RSI=8.14 >= 2.0; RSI Below 50: RSI=33.45 <= 50; SMA Not Falling: SMA: 42.36 -> 41.60; No SMA Uptrend: SMA changes: ['-0.761', '-0.816', '-0.846']";;;5m cross, 15m confirmed
BTC/USDT;Long;open;01.08.2025 7:40;01.08.2025 7:50;32,14637238;31,95673578;0,189636592;32,27767777;40,9984445;-8,720766738;-7,817610357;114756,9;114756,9;Excellent;100.0%;201;50;125;8;10;8;0;90,95022624;High;2,579761848;249,274638;96,6269961;Optimal;0,947776697;316,2097748;333,6332026;"RSI Cross SMA Up: Prev: RSI=25.02 vs SMA=32.12, Curr: RSI=32.15 vs SMA=31.96; RSI Entry Zone: RSI_SMA=32.12 < 40.0; Position Delay: Delay >= 12 candles";;"SMA-RSI Difference: SMA-RSI=8.72 >= 2.0; RSI Below 50: RSI=32.28 <= 50; SMA Not Falling: SMA: 41.60 -> 41.00; No SMA Uptrend: SMA changes: ['-0.599', '-0.761', '-0.816']";;;5m cross, 15m confirmed
BTC/USDT;Long;open;01.08.2025 8:35;01.08.2025 8:45;36,06920007;35,20029057;0,868909503;35,69880062;38,17869626;-2,479895645;-5,0622775;114478,8;114478,8;Excellent;100.0%;188;50;125;3;10;0;0;85,0678733;Normal;1,709769167;209,32235;122,4272575;Optimal;1,093776382;362,9522641;331,8340661;"RSI Cross SMA Up: Prev: RSI=34.60 vs SMA=34.74, Curr: RSI=36.07 vs SMA=35.20; RSI Entry Zone: RSI_SMA=34.74 < 40.0; Position Delay: Delay >= 12 candles";;"SMA-RSI Difference: SMA-RSI=2.48 >= 2.0; RSI Below 50: RSI=35.70 <= 50; SMA Not Falling: SMA: 39.17 -> 38.18; No SMA Uptrend: SMA changes: ['-0.996', '-1.051', '-0.658']";;;5m cross, 15m confirmed
BTC/USDT;Short;open;01.08.2025 12:55;01.08.2025 13:05;63,46420965;65,79312732;-2,328917663;59,76736544;51,0595794;8,707786035;9,695786932;115722,3;115722,3;Excellent;100.0%;196;50;125;3;10;8;0;88,68778281;Normal;1,182363033;126,828519;107,266986;Optimal;1,016041274;335,2930419;329,9994306;"RSI Cross SMA Down: Prev: RSI=71.31 vs SMA=65.72, Curr: RSI=63.46 vs SMA=65.79; RSI Entry Zone: RSI_SMA=65.72 > 60.0; Position Delay: Delay >= 12 candles";;"RSI-SMA Difference: RSI-SMA=8.71 >= 2.0; RSI Above 50: RSI=59.77 >= 50; SMA Not Increasing: SMA: 50.46 -> 51.06; No SMA Downtrend: SMA changes: ['0.595', '1.293', '1.436']";;;5m cross, 15m confirmed
BTC/USDT;Short;open;01.08.2025 13:10;01.08.2025 13:20;62,65467641;66,12697848;-3,472302069;60,58222422;51,84342504;8,738799178;10,20892885;115770,7;115770,7;Excellent;100.0%;194;50;125;-5;10;18;-4;87,78280543;Low;1,070278836;110,518663;103,2615607;Optimal;1,016212371;333,7578246;328,4331447;"RSI Cross SMA Down: Prev: RSI=67.19 vs SMA=66.32, Curr: RSI=62.65 vs SMA=66.13; RSI Entry Zone: RSI_SMA=66.32 > 60.0; Position Delay: Delay >= 12 candles";;"RSI-SMA Difference: RSI-SMA=8.74 >= 2.0; RSI Above 50: RSI=60.58 >= 50; SMA Not Increasing: SMA: 51.06 -> 51.84; No SMA Downtrend: SMA changes: ['0.784', '0.595', '1.293']";;;5m cross, 15m confirmed
BTC/USDT;Long;open;01.08.2025 18:25;01.08.2025 18:35;38,58871442;34,99764479;3,59106963;37,1535839;45,53126235;-8,377678451;-8,776394478;114153,6;114153,6;Excellent;100.0%;206;50;125;3;10;18;0;93,21266968;Normal;1,659930878;252,540632;152,1392459;Optimal;1,019663731;493,7594184;484,2375022;"RSI Cross SMA Up: Prev: RSI=30.44 vs SMA=34.63, Curr: RSI=38.59 vs SMA=35.00; RSI Entry Zone: RSI_SMA=34.63 < 40.0; Position Delay: Delay >= 12 candles";;"SMA-RSI Difference: SMA-RSI=8.38 >= 2.0; RSI Below 50: RSI=37.15 <= 50; SMA Not Falling: SMA: 46.75 -> 45.53; No SMA Uptrend: SMA changes: ['-1.219', '-1.093', '-1.166']";;;5m cross, 15m confirmed
BTC/USDT;Long;open;01.08.2025 19:05;01.08.2025 19:15;37,70904819;35,04574655;2,663301639;32,07168696;42,77395789;-10,70227093;-9,378822875;113885,2;113885,2;Excellent;100.0%;184;50;125;-5;10;8;-4;83,25791855;Low;0,762711677;85,011248;111,4592192;Optimal;0,974747534;468,4228288;480,5581058;"RSI Cross SMA Up: Prev: RSI=31.75 vs SMA=34.92, Curr: RSI=37.71 vs SMA=35.05; RSI Entry Zone: RSI_SMA=34.92 < 40.0; Position Delay: Delay >= 12 candles";;"SMA-RSI Difference: SMA-RSI=10.70 >= 2.0; RSI Below 50: RSI=32.07 <= 50; SMA Not Falling: SMA: 44.03 -> 42.77; No SMA Uptrend: SMA changes: ['-1.258', '-0.756', '-0.744']";;;5m cross, 15m confirmed
BTC/USDT;Long;open;01.08.2025 19:30;01.08.2025 19:40;42,15467503;36,43299042;5,721684607;27,87609082;39,3081368;-11,43204598;-11,37398249;113763,8;113763,8;Excellent;100.0%;206;50;125;3;10;18;0;93,21266968;Normal;1,390915006;155,751473;111,977707;Optimal;1,012103341;485,6048881;479,7977326;"RSI Cross SMA Up: Prev: RSI=30.33 vs SMA=35.60, Curr: RSI=42.15 vs SMA=36.43; RSI Entry Zone: RSI_SMA=35.60 < 40.0; Position Delay: Delay >= 12 candles";;"SMA-RSI Difference: SMA-RSI=11.43 >= 2.0; RSI Below 50: RSI=27.88 <= 50; SMA Not Falling: SMA: 41.21 -> 39.31; No SMA Uptrend: SMA changes: ['-1.898', '-1.568', '-1.258']";;;5m cross, 15m confirmed
BTC/USDT;Long;open;01.08.2025 19:45;01.08.2025 19:55;39,01174211;35,60437291;3,407369206;29,77819521;37,58335286;-7,805157653;-10,40827807;113448,9;113448,9;Excellent;100.0%;206;50;125;3;10;18;0;93,21266968;Normal;1,186257813;133,477878;112,5201256;Optimal;0,994119742;478,1116818;480,9397313;"RSI Cross SMA Up: Prev: RSI=33.36 vs SMA=35.89, Curr: RSI=39.01 vs SMA=35.60; RSI Entry Zone: RSI_SMA=35.89 < 40.0; Position Delay: Delay >= 12 candles";;"SMA-RSI Difference: SMA-RSI=7.81 >= 2.0; RSI Below 50: RSI=29.78 <= 50; SMA Not Falling: SMA: 39.31 -> 37.58; No SMA Uptrend: SMA changes: ['-1.725', '-1.898', '-1.568']";;;5m cross, 15m confirmed
BTC/USDT;Long;skip;01.08.2025 23:05;01.08.2025 23:15;45,23078054;38,76108281;6,469697727;37,83543814;38,11165943;-0,276221298;-3,259857593;113291,3;113291,3;Excellent;100.0%;157;50;90;-5;10;16;-4;78,10945274;Low;0,5767934;59,760097;103,6074563;Optimal;0,997934413;444,0960923;445,0153104;"RSI Cross SMA Up: Prev: RSI=37.88 vs SMA=39.22, Curr: RSI=45.23 vs SMA=38.76; RSI Entry Zone: RSI_SMA=39.22 < 40.0; Position Delay: Delay >= 12 candles";;"RSI Below 50: RSI=37.84 <= 50; SMA Not Falling: SMA: 37.40 -> 38.11; No SMA Uptrend: SMA changes: ['0.711', '0.299', '-0.034']";SMA-RSI Difference: SMA-RSI=0.28 >= 2.0;SMA-RSI diff 0.28 < 2.0;5m cross, 15m rejected
BTC/USDT;Short;open;02.08.2025 4:05;02.08.2025 4:15;61,19713361;61,61036269;-0,413229084;53,66587153;50,71113935;2,954732179;3,992751307;113893,3;113893,3;Excellent;100.0%;176;50;125;-5;10;0;-4;79,63800905;Low;0,491453399;19,473601;39,6245118;Optimal;0,774438796;238,5509341;308,0307124;"RSI Cross SMA Down: Prev: RSI=67.23 vs SMA=61.19, Curr: RSI=61.20 vs SMA=61.61; RSI Entry Zone: RSI_SMA=61.19 > 60.0; Position Delay: Delay >= 12 candles";;"RSI-SMA Difference: RSI-SMA=2.95 >= 2.0; RSI Above 50: RSI=53.67 >= 50; SMA Not Increasing: SMA: 50.28 -> 50.71; No SMA Downtrend: SMA changes: ['0.434', '0.694', '0.922']";;;5m cross, 15m confirmed
BTC/USDT;Short;skip;02.08.2025 5:05;02.08.2025 5:15;58,86700281;64,90613347;-6,03913066;53,29955141;53,11375001;0,185801406;4,379635509;113983,6;113983,6;Excellent;100.0%;163;50;90;3;10;10;0;81,09452736;Normal;1,361187362;49,121601;36,08731785;Optimal;0,766003948;204,7932406;267,3527221;"RSI Cross SMA Down: Prev: RSI=67.32 vs SMA=65.37, Curr: RSI=58.87 vs SMA=64.91; RSI Entry Zone: RSI_SMA=65.37 > 60.0; Position Delay: Delay >= 12 candles";;"RSI Above 50: RSI=53.30 >= 50; SMA Not Increasing: SMA: 52.57 -> 53.11; No SMA Downtrend: SMA changes: ['0.541', '0.889', '0.560']";RSI-SMA Difference: RSI-SMA=0.19 >= 2.0;RSI-SMA різниця 0.19 < 2.0;5m cross, 15m rejected
BTC/USDT;Long;open;02.08.2025 6:45;02.08.2025 6:55;39,27072469;38,76605688;0,504667805;46,31488096;52,65868495;-6,343803987;-10,52327104;113668,5;113668,5;Excellent;100.0%;184;50;125;-5;10;8;-4;83,25791855;Low;0,930886649;35,330771;37,95389165;Optimal;0,904254129;191,8963573;212,2150745;"RSI Cross SMA Up: Prev: RSI=28.35 vs SMA=39.99, Curr: RSI=39.27 vs SMA=38.77; RSI Entry Zone: RSI_SMA=39.99 < 40.0; Position Delay: Delay >= 12 candles";;"SMA-RSI Difference: SMA-RSI=6.34 >= 2.0; RSI Below 50: RSI=46.31 <= 50; SMA Not Falling: SMA: 53.09 -> 52.66; No SMA Uptrend: SMA changes: ['-0.430', '-0.986', '-0.630']";;;5m cross, 15m confirmed
BTC/USDT;Long;skip;02.08.2025 15:00;02.08.2025 15:10;40,36023091;36,0946803;4,265550615;41,96559059;42,00841859;-0,042828004;-6,847849567;113207,6;113207,6;Excellent;100.0%;151;50;90;-5;10;10;-4;75,12437811;Low;0,909132856;66,839928;73,52052845;Optimal;1,051973821;177,1478049;168,3956401;"RSI Cross SMA Up: Prev: RSI=32.89 vs SMA=36.58, Curr: RSI=40.36 vs SMA=36.09; RSI Entry Zone: RSI_SMA=36.58 < 40.0; Position Delay: Delay >= 12 candles";;"RSI Below 50: RSI=41.97 <= 50; SMA Not Falling: SMA: 42.78 -> 42.01; No SMA Uptrend: SMA changes: ['-0.769', '-1.419', '-0.719']";SMA-RSI Difference: SMA-RSI=0.04 >= 2.0;SMA-RSI diff 0.04 < 2.0;5m cross, 15m rejected
BTC/USDT;Long;skip;02.08.2025 16:15;02.08.2025 16:25;37,81437278;34,51485727;3,299515509;36,32472103;37,15937341;-0,83465238;-5,460334305;112929,6;112929,6;Excellent;100.0%;151;50;90;-5;10;10;-4;75,12437811;Low;0,796069752;69,229878;86,96458795;Optimal;1,13121216;199,3197398;176,2001389;"RSI Cross SMA Up: Prev: RSI=25.88 vs SMA=35.05, Curr: RSI=37.81 vs SMA=34.51; RSI Entry Zone: RSI_SMA=35.05 < 40.0; Position Delay: Delay >= 12 candles";;"RSI Below 50: RSI=36.32 <= 50; SMA Not Falling: SMA: 37.89 -> 37.16; No SMA Uptrend: SMA changes: ['-0.734', '-1.031', '-1.281']";SMA-RSI Difference: SMA-RSI=0.83 >= 2.0;SMA-RSI diff 0.83 < 2.0;5m cross, 15m rejected
BTC/USDT;Long;open;02.08.2025 18:40;02.08.2025 18:50;36,30697835;35,49572293;0,81125542;33,88169192;38,73417926;-4,852487347;-7,640659631;112513,7;112513,7;Excellent;100.0%;184;50;125;-5;10;8;-4;83,25791855;Low;1,149840388;113,279503;98,5175892;Optimal;1,225342422;262,3673434;214,1175714;"RSI Cross SMA Up: Prev: RSI=35.82 vs SMA=37.16, Curr: RSI=36.31 vs SMA=35.50; RSI Entry Zone: RSI_SMA=37.16 < 40.0; Position Delay: Delay >= 12 candles";;"SMA-RSI Difference: SMA-RSI=4.85 >= 2.0; RSI Below 50: RSI=33.88 <= 50; SMA Not Falling: SMA: 39.31 -> 38.73; No SMA Uptrend: SMA changes: ['-0.577', '-0.366', '-0.031']";;;5m cross, 15m confirmed
BTC/USDT;Long;open;02.08.2025 18:55;02.08.2025 19:05;33,21160521;32,27672181;0,934883399;31,0015713;38,00603843;-7,004467122;-7,201133951;112340,7;112340,7;Excellent;100.0%;196;50;125;3;10;8;0;88,68778281;Normal;1,597218519;168,012168;105,1904708;Optimal;1,250970336;276,6482475;221,1469285;"RSI Cross SMA Up: Prev: RSI=30.25 vs SMA=32.92, Curr: RSI=33.21 vs SMA=32.28; RSI Entry Zone: RSI_SMA=32.92 < 40.0; Position Delay: Delay >= 12 candles";;"SMA-RSI Difference: SMA-RSI=7.00 >= 2.0; RSI Below 50: RSI=31.00 <= 50; SMA Not Falling: SMA: 38.73 -> 38.01; No SMA Uptrend: SMA changes: ['-0.728', '-0.577', '-0.366']";;;5m cross, 15m confirmed
BTC/USDT;Long;skip;02.08.2025 19:15;02.08.2025 19:25;41,3217703;31,74733365;9,574436643;45,16542118;38,40804151;6,757379672;-3,527694596;112364,7;112364,7;Excellent;100.0%;161;50;90;-5;6;24;-4;80,09950249;Low;0,978111256;104,791364;107,1364462;High;1,329317529;315,9691521;237,6927598;"RSI Cross SMA Up: Prev: RSI=26.46 vs SMA=31.29, Curr: RSI=41.32 vs SMA=31.75; RSI Entry Zone: RSI_SMA=31.29 < 40.0; Position Delay: Delay >= 12 candles";;"RSI Below 50: RSI=45.17 <= 50; SMA Not Falling: SMA: 37.42 -> 38.41; No SMA Uptrend: SMA changes: ['0.987', '-0.585', '-0.728']";SMA-RSI Difference: SMA-RSI=-6.76 >= 2.0;SMA-RSI diff -6.76 < 2.0;5m cross, 15m rejected
BTC/USDT;Short;open;03.08.2025 3:10;03.08.2025 3:20;65,08680291;65,43179366;-0,344990754;61,49078215;55,63546637;5,855315776;7,351387134;113469,4;113469,4;Excellent;100.0%;184;50;125;-5;10;8;-4;83,25791855;Low;0,570911074;25,67148;44,965812;Optimal;0,851607941;272,7363756;320,2604892;"RSI Cross SMA Down: Prev: RSI=66.60 vs SMA=65.47, Curr: RSI=65.09 vs SMA=65.43; RSI Entry Zone: RSI_SMA=65.47 > 60.0; Position Delay: Delay >= 12 candles";;"RSI-SMA Difference: RSI-SMA=5.86 >= 2.0; RSI Above 50: RSI=61.49 >= 50; SMA Not Increasing: SMA: 54.78 -> 55.64; No SMA Downtrend: SMA changes: ['0.851', '1.571', '1.056']";;;5m cross, 15m confirmed
BTC/USDT;Short;open;03.08.2025 3:55;03.08.2025 4:05;62,30451386;68,76574139;-6,461227535;62,49174968;59,34049888;3,151250792;5,669809717;113607,8;113607,8;Excellent;100.0%;194;50;125;-5;10;18;-4;87,78280543;Low;0,785188827;36,220168;46,1292453;Optimal;0,812977045;251,3031768;309,1147263;"RSI Cross SMA Down: Prev: RSI=72.37 vs SMA=69.00, Curr: RSI=62.30 vs SMA=68.77; RSI Entry Zone: RSI_SMA=69.00 > 60.0; Position Delay: Delay >= 12 candles";;"RSI-SMA Difference: RSI-SMA=3.15 >= 2.0; RSI Above 50: RSI=62.49 >= 50; SMA Not Increasing: SMA: 58.00 -> 59.34; No SMA Downtrend: SMA changes: ['1.341', '1.226', '1.138']";;;5m cross, 15m confirmed
BTC/USDT;Short;skip;03.08.2025 8:20;03.08.2025 8:30;55,69083253;59,7427892;-4,051956676;57,91426939;59,11940963;-1,205140241;2,008743334;113721,7;113721,7;Excellent;100.0%;151;50;90;-5;10;10;-4;75,12437811;Low;0,978336806;22,119806;22,6096022;Optimal;0,811233301;148,3089859;182,8191541;"RSI Cross SMA Down: Prev: RSI=65.66 vs SMA=60.11, Curr: RSI=55.69 vs SMA=59.74; RSI Entry Zone: RSI_SMA=60.11 > 60.0; Position Delay: Delay >= 12 candles";;"RSI Above 50: RSI=57.91 >= 50; SMA Not Increasing: SMA: 59.06 -> 59.12; No SMA Downtrend: SMA changes: ['0.061', '0.613', '0.126']";RSI-SMA Difference: RSI-SMA=-1.21 >= 2.0;RSI-SMA різниця -1.21 < 2.0;5m cross, 15m rejected
BTC/USDT;Short;open;03.08.2025 11:25;03.08.2025 11:35;60,10838859;68,95831235;-8,84992376;62,83644836;60,6054762;2,230972163;7,82780056;114008,7;114008,7;Excellent;100.0%;203;50;125;8;10;10;0;91,85520362;High;2,664980643;63,113843;23,6826647;Optimal;1,063453683;142,4548401;133,9549079;"RSI Cross SMA Down: Prev: RSI=69.58 vs SMA=69.02, Curr: RSI=60.11 vs SMA=68.96; RSI Entry Zone: RSI_SMA=69.02 > 60.0; Position Delay: Delay >= 12 candles";;"RSI-SMA Difference: RSI-SMA=2.23 >= 2.0; RSI Above 50: RSI=62.84 >= 50; SMA Not Increasing: SMA: 60.48 -> 60.61; No SMA Downtrend: SMA changes: ['0.121', '1.005', '0.298']";;;5m cross, 15m confirmed
BTC/USDT;Short;open;03.08.2025 19:40;03.08.2025 19:50;55,16459941;66,66526663;-11,50066722;64,5540437;60,95138431;3,602659382;7,760080442;114415,9;114415,9;Excellent;100.0%;211;50;125;8;10;18;0;95,47511312;High;2,650965009;83,583935;31,5296259;Optimal;1,134458669;197,1693938;173,8004206;"RSI Cross SMA Down: Prev: RSI=73.21 vs SMA=66.87, Curr: RSI=55.16 vs SMA=66.67; RSI Entry Zone: RSI_SMA=66.87 > 60.0; Position Delay: Delay >= 12 candles";;"RSI-SMA Difference: RSI-SMA=3.60 >= 2.0; RSI Above 50: RSI=64.55 >= 50; SMA Not Increasing: SMA: 59.83 -> 60.95; No SMA Downtrend: SMA changes: ['1.123', '1.071', '0.869']";;;5m cross, 15m confirmed
BTC/USDT;Short;open;04.08.2025 1:15;04.08.2025 1:25;58,24965755;61,55493948;-3,305281933;64,69608197;54,67727385;10,01880812;11,46729701;114660,4;114660,4;Excellent;100.0%;194;50;125;-5;10;18;-4;87,78280543;Low;1,107785967;40,228027;36,31389835;Optimal;1,162629046;220,5118005;189,6665159;"RSI Cross SMA Down: Prev: RSI=63.69 vs SMA=60.27, Curr: RSI=58.25 vs SMA=61.55; RSI Entry Zone: RSI_SMA=60.27 > 60.0; Position Delay: Delay >= 12 candles";;"RSI-SMA Difference: RSI-SMA=10.02 >= 2.0; RSI Above 50: RSI=64.70 >= 50; SMA Not Increasing: SMA: 54.25 -> 54.68; No SMA Downtrend: SMA changes: ['0.423', '0.456', '0.479']";;;5m cross, 15m confirmed
BTC/USDT;Short;open;04.08.2025 1:35;04.08.2025 1:45;63,01320545;65,72384834;-2,710642894;60,619423;55,46498798;5,154435024;7,996188225;114818,2;114818,2;Excellent;100.0%;184;50;125;-5;10;8;-4;83,25791855;Low;1,01859129;37,695769;37,00774725;Optimal;1,152808983;221,3252433;191,9877852;"RSI Cross SMA Down: Prev: RSI=65.57 vs SMA=65.24, Curr: RSI=63.01 vs SMA=65.72; RSI Entry Zone: RSI_SMA=65.24 > 60.0; Position Delay: Delay >= 12 candles";;"RSI-SMA Difference: RSI-SMA=5.15 >= 2.0; RSI Above 50: RSI=60.62 >= 50; SMA Not Increasing: SMA: 54.68 -> 55.46; No SMA Downtrend: SMA changes: ['0.788', '0.423', '0.456']";;;5m cross, 15m confirmed
BTC/USDT;Long;open;04.08.2025 5:35;04.08.2025 5:45;38,20517184;35,42168393;2,783487909;41,30810782;50,79958091;-9,491473093;-10,0799587;114296,9;114296,9;Excellent;100.0%;184;50;125;-5;10;8;-4;83,25791855;Low;0,746574976;32,002435;42,8656679;Optimal;0,848668889;176,5620868;208,0459047;"RSI Cross SMA Up: Prev: RSI=33.46 vs SMA=36.13, Curr: RSI=38.21 vs SMA=35.42; RSI Entry Zone: RSI_SMA=36.13 < 40.0; Position Delay: Delay >= 12 candles";;"SMA-RSI Difference: SMA-RSI=9.49 >= 2.0; RSI Below 50: RSI=41.31 <= 50; SMA Not Falling: SMA: 51.49 -> 50.80; No SMA Uptrend: SMA changes: ['-0.686', '-1.361', '-1.230']";;;5m cross, 15m confirmed
BTC/USDT;Long;open;04.08.2025 6:25;04.08.2025 6:35;42,28182551;39,51802137;2,763804145;42,70134237;48,01278878;-5,311446406;-4,885893067;114259;114259;Excellent;100.0%;184;50;125;-5;10;8;-4;83,25791855;Low;1,0639595;38,013123;35,7279793;Optimal;0,915463855;179,3162189;195,874712;"RSI Cross SMA Up: Prev: RSI=33.73 vs SMA=38.75, Curr: RSI=42.28 vs SMA=39.52; RSI Entry Zone: RSI_SMA=38.75 < 40.0; Position Delay: Delay >= 12 candles";;"SMA-RSI Difference: SMA-RSI=5.31 >= 2.0; RSI Below 50: RSI=42.70 <= 50; SMA Not Falling: SMA: 49.20 -> 48.01; No SMA Uptrend: SMA changes: ['-1.189', '-0.803', '-0.795']";;;5m cross, 15m confirmed
BTC/USDT;Short;open;04.08.2025 7:55;04.08.2025 8:05;61,92808837;62,42549692;-0,497408551;58,0571702;47,92518034;10,13198987;9,537626997;114676,2;114676,2;Excellent;100.0%;201;50;125;8;10;8;0;90,95022624;High;2,273691484;86,926107;38,23126735;Optimal;0,962710974;176,0646312;182,8842051;"RSI Cross SMA Down: Prev: RSI=65.94 vs SMA=61.57, Curr: RSI=61.93 vs SMA=62.43; RSI Entry Zone: RSI_SMA=61.57 > 60.0; Position Delay: Delay >= 12 candles";;"RSI-SMA Difference: RSI-SMA=10.13 >= 2.0; RSI Above 50: RSI=58.06 >= 50; SMA Not Increasing: SMA: 47.52 -> 47.93; No SMA Downtrend: SMA changes: ['0.404', '0.468', '0.106']";;;5m cross, 15m confirmed
BTC/USDT;Short;open;04.08.2025 14:35;04.08.2025 14:45;59,371776;65,79915476;-6,427378768;58,98427915;54,44013366;4,544145493;14,63255351;115116,9;115116,9;Excellent;100.0%;207;50;125;8;6;18;0;93,66515837;High;2,567195382;196,255035;76,44725305;High;1,374497534;264,0552179;192,1103614;"RSI Cross SMA Down: Prev: RSI=68.50 vs SMA=64.18, Curr: RSI=59.37 vs SMA=65.80; RSI Entry Zone: RSI_SMA=64.18 > 60.0; Position Delay: Delay >= 12 candles";;"RSI-SMA Difference: RSI-SMA=4.54 >= 2.0; RSI Above 50: RSI=58.98 >= 50; SMA Not Increasing: SMA: 53.37 -> 54.44; No SMA Downtrend: SMA changes: ['1.070', '2.317', '1.887']";;;5m cross, 15m confirmed
BTC/USDT;Short;skip;04.08.2025 17:30;04.08.2025 17:40;53,33566483;60,2919185;-6,956253667;56,16300746;58,11673167;-1,953724208;3,314522183;115290,2;115290,2;Excellent;100.0%;157;50;90;-5;10;16;-4;78,10945274;Low;0,58823381;80,950543;137,6162703;Optimal;1,069386306;309,5884058;289,5010008;"RSI Cross SMA Down: Prev: RSI=62.16 vs SMA=60.31, Curr: RSI=53.34 vs SMA=60.29; RSI Entry Zone: RSI_SMA=60.31 > 60.0; Position Delay: Delay >= 12 candles";;"RSI Above 50: RSI=56.16 >= 50; SMA Not Increasing: SMA: 59.14 -> 58.12; No SMA Downtrend: SMA changes: ['-1.023', '-0.094', '0.449']";RSI-SMA Difference: RSI-SMA=-1.95 >= 2.0;RSI-SMA різниця -1.95 < 2.0;5m cross, 15m rejected
BTC/USDT;Long;open;04.08.2025 20:05;04.08.2025 20:15;40,44330142;37,85518148;2,58811994;43,65695865;53,31412932;-9,657170671;-9,273549374;114789,9;114789,9;Excellent;100.0%;184;50;125;-5;10;8;-4;83,25791855;Low;0,709753674;67,82807;95,56564835;Optimal;0,892910273;254,6536292;285,1950938;"RSI Cross SMA Up: Prev: RSI=30.48 vs SMA=37.77, Curr: RSI=40.44 vs SMA=37.86; RSI Entry Zone: RSI_SMA=37.77 < 40.0; Position Delay: Delay >= 12 candles";;"SMA-RSI Difference: SMA-RSI=9.66 >= 2.0; RSI Below 50: RSI=43.66 <= 50; SMA Not Falling: SMA: 54.29 -> 53.31; No SMA Uptrend: SMA changes: ['-0.977', '-0.612', '-0.808']";;;5m cross, 15m confirmed
BTC/USDT;Long;open;04.08.2025 20:20;04.08.2025 20:30;43,57540911;37,06215532;6,513253789;44,49302038;52,10121758;-7,608197202;-8,744768281;114782,5;114782,5;Excellent;100.0%;194;50;125;-5;10;18;-4;87,78280543;Low;0,365492646;34,023034;93,0881493;Optimal;0,891186249;251,2640842;281,9434034;"RSI Cross SMA Up: Prev: RSI=34.11 vs SMA=36.99, Curr: RSI=43.58 vs SMA=37.06; RSI Entry Zone: RSI_SMA=36.99 < 40.0; Position Delay: Delay >= 12 candles";;"SMA-RSI Difference: SMA-RSI=7.61 >= 2.0; RSI Below 50: RSI=44.49 <= 50; SMA Not Falling: SMA: 53.31 -> 52.10; No SMA Uptrend: SMA changes: ['-1.213', '-0.977', '-0.612']";;;5m cross, 15m confirmed
BTC/USDT;Long;open;05.08.2025 0:55;05.08.2025 1:05;40,28801788;39,68137558;0,606642292;44,79826514;52,50667735;-7,708412205;-8,264849906;114891,3;114891,3;Excellent;100.0%;184;50;125;-5;10;8;-4;83,25791855;Low;0,630952597;26,417743;41,8696161;Optimal;0,900945738;200,1176288;222,1195132;"RSI Cross SMA Up: Prev: RSI=38.63 vs SMA=39.93, Curr: RSI=40.29 vs SMA=39.68; RSI Entry Zone: RSI_SMA=39.93 < 40.0; Position Delay: Delay >= 12 candles";;"SMA-RSI Difference: SMA-RSI=7.71 >= 2.0; RSI Below 50: RSI=44.80 <= 50; SMA Not Falling: SMA: 52.99 -> 52.51; No SMA Uptrend: SMA changes: ['-0.487', '-0.574', '-0.189']";;;5m cross, 15m confirmed
BTC/USDT;Long;open;05.08.2025 2:45;05.08.2025 2:55;47,03479331;38,09755397;8,937239339;41,94612448;44,35750297;-2,411378497;-6,439791212;114765,6;114765,6;Excellent;100.0%;186;50;125;-5;10;10;-4;84,16289593;Low;0,521017737;18,383316;35,28347445;Optimal;0,939302986;186,0925874;198,1177428;"RSI Cross SMA Up: Prev: RSI=36.25 vs SMA=37.51, Curr: RSI=47.03 vs SMA=38.10; RSI Entry Zone: RSI_SMA=37.51 < 40.0; Position Delay: Delay >= 12 candles";;"SMA-RSI Difference: SMA-RSI=2.41 >= 2.0; RSI Below 50: RSI=41.95 <= 50; SMA Not Falling: SMA: 45.46 -> 44.36; No SMA Uptrend: SMA changes: ['-1.098', '-1.439', '-1.468']";;;5m cross, 15m confirmed
BTC/USDT;Long;skip;05.08.2025 4:05;05.08.2025 4:15;40,17440485;30,6134482;9,560956654;36,76692515;38,69595211;-1,929026961;-7,226306651;114354,4;114354,4;Excellent;100.0%;172;50;90;12;10;10;0;85,5721393;Very High;2,853957229;110,955914;38,8779176;Optimal;1,010052931;197,3796196;195,4151249;"RSI Cross SMA Up: Prev: RSI=27.00 vs SMA=30.93, Curr: RSI=40.17 vs SMA=30.61; RSI Entry Zone: RSI_SMA=30.93 < 40.0; Position Delay: Delay >= 12 candles";;"RSI Below 50: RSI=36.77 <= 50; SMA Not Falling: SMA: 39.27 -> 38.70; No SMA Uptrend: SMA changes: ['-0.575', '-1.097', '-1.267']";SMA-RSI Difference: SMA-RSI=1.93 >= 2.0;SMA-RSI diff 1.93 < 2.0;5m cross, 15m rejected
BTC/USDT;Short;open;05.08.2025 10:00;05.08.2025 10:10;60,17026033;61,47343073;-1,303170406;56,93562687;46,53527276;10,40035412;13,2674417;114624,9;114624,9;Excellent;100.0%;184;50;125;-5;10;8;-4;83,25791855;Low;0,978667668;51,495474;52,6179373;Optimal;1,04646189;219,9426768;210,1774359;"RSI Cross SMA Down: Prev: RSI=65.27 vs SMA=60.78, Curr: RSI=60.17 vs SMA=61.47; RSI Entry Zone: RSI_SMA=60.78 > 60.0; Position Delay: Delay >= 12 candles";;"RSI-SMA Difference: RSI-SMA=10.40 >= 2.0; RSI Above 50: RSI=56.94 >= 50; SMA Not Increasing: SMA: 45.43 -> 46.54; No SMA Downtrend: SMA changes: ['1.104', '0.861', '1.111']";;;5m cross, 15m confirmed
BTC/USDT;Short;open;05.08.2025 10:45;05.08.2025 10:55;61,05227241;65,23790323;-4,185630822;59,79387851;51,67466124;8,119217269;13,27633115;114871,8;114871,8;Excellent;100.0%;194;50;125;-5;10;18;-4;87,78280543;Low;0,547644214;31,280392;57,1180909;Optimal;1,041073308;230,7878137;221,6825769;"RSI Cross SMA Down: Prev: RSI=68.47 vs SMA=65.46, Curr: RSI=61.05 vs SMA=65.24; RSI Entry Zone: RSI_SMA=65.46 > 60.0; Position Delay: Delay >= 12 candles";;"RSI-SMA Difference: RSI-SMA=8.12 >= 2.0; RSI Above 50: RSI=59.79 >= 50; SMA Not Increasing: SMA: 50.22 -> 51.67; No SMA Downtrend: SMA changes: ['1.452', '1.708', '1.979']";;;5m cross, 15m confirmed
BTC/USDT;Long;open;05.08.2025 13:10;05.08.2025 13:20;37,94839353;37,33737028;0,611023248;38,09608328;54,03969214;-15,94360886;-20,1293616;114045,1;114045,1;Excellent;100.0%;196;50;125;3;10;8;0;88,68778281;Normal;1,639122909;105,543849;64,39044225;Optimal;1,205650689;287,3079848;238,3011825;"RSI Cross SMA Up: Prev: RSI=34.78 vs SMA=38.28, Curr: RSI=37.95 vs SMA=37.34; RSI Entry Zone: RSI_SMA=38.28 < 40.0; Position Delay: Delay >= 12 candles";;"SMA-RSI Difference: SMA-RSI=15.94 >= 2.0; RSI Below 50: RSI=38.10 <= 50; SMA Not Falling: SMA: 55.64 -> 54.04; No SMA Uptrend: SMA changes: ['-1.598', '-1.524', '-1.423']";;;5m cross, 15m confirmed
BTC/USDT;Long;open;05.08.2025 14:55;05.08.2025 15:05;32,39178406;32,02391847;0,367865582;30,73099212;42,0155113;-11,28451918;-16,01584516;113032,2;113032,2;Excellent;100.0%;201;50;125;8;10;8;0;90,95022624;High;2,081871407;228,751794;109,8779652;Optimal;1,283279823;369,0780442;287,6052733;"RSI Cross SMA Up: Prev: RSI=21.03 vs SMA=33.55, Curr: RSI=32.39 vs SMA=32.02; RSI Entry Zone: RSI_SMA=33.55 < 40.0; Position Delay: Delay >= 12 candles";;"SMA-RSI Difference: SMA-RSI=11.28 >= 2.0; RSI Below 50: RSI=30.73 <= 50; SMA Not Falling: SMA: 44.19 -> 42.02; No SMA Uptrend: SMA changes: ['-2.174', '-2.380', '-2.181']";;;5m cross, 15m confirmed
BTC/USDT;Long;open;05.08.2025 15:50;05.08.2025 16:00;36,37298527;33,04638832;3,326596953;33,10144741;35,19138482;-2,08993741;-4,871748643;112872,3;112872,3;Excellent;100.0%;186;50;125;-5;10;10;-4;84,16289593;Low;0,770087214;93,978024;122,0355594;Optimal;1,12977807;376,711212;333,4382407;"RSI Cross SMA Up: Prev: RSI=31.36 vs SMA=31.91, Curr: RSI=36.37 vs SMA=33.05; RSI Entry Zone: RSI_SMA=31.91 < 40.0; Position Delay: Delay >= 12 candles";;"SMA-RSI Difference: SMA-RSI=2.09 >= 2.0; RSI Below 50: RSI=33.10 <= 50; SMA Not Falling: SMA: 36.13 -> 35.19; No SMA Uptrend: SMA changes: ['-0.939', '-2.110', '-1.794']";;;5m cross, 15m confirmed
BTC/USDT;Short;open;05.08.2025 23:55;06.08.2025 0:05;62,31106871;64,73541979;-2,424351084;60,47163064;55,50772389;4,963906752;5,614414699;114123;114123;Excellent;100.0%;190;50;125;-5;10;14;-4;85,97285068;Low;0,527309805;25,945135;49,20283055;Optimal;0,849326994;218,2354602;256,9510466;"RSI Cross SMA Down: Prev: RSI=66.33 vs SMA=64.64, Curr: RSI=62.31 vs SMA=64.74; RSI Entry Zone: RSI_SMA=64.64 > 60.0; Position Delay: Delay >= 12 candles";;"RSI-SMA Difference: RSI-SMA=4.96 >= 2.0; RSI Above 50: RSI=60.47 >= 50; SMA Not Increasing: SMA: 55.52 -> 55.51; No SMA Downtrend: SMA changes: ['-0.011', '0.438', '0.606']";;;5m cross, 15m confirmed
BTC/USDT;Short;open;06.08.2025 6:00;06.08.2025 6:10;55,60934295;64,17718258;-8,567839631;57,29729719;48,00320825;9,294088943;15,34736354;113988,8;113988,8;Excellent;100.0%;194;50;125;-5;10;18;-4;87,78280543;Low;0,784457555;49,243854;62,77440215;Optimal;1,131544313;238,5361113;210,8058063;"RSI Cross SMA Down: Prev: RSI=63.77 vs SMA=63.16, Curr: RSI=55.61 vs SMA=64.18; RSI Entry Zone: RSI_SMA=63.16 > 60.0; Position Delay: Delay >= 12 candles";;"RSI-SMA Difference: RSI-SMA=9.29 >= 2.0; RSI Above 50: RSI=57.30 >= 50; SMA Not Increasing: SMA: 47.15 -> 48.00; No SMA Downtrend: SMA changes: ['0.855', '1.254', '1.640']";;;5m cross, 15m confirmed
BTC/USDT;Short;open;06.08.2025 15:45;06.08.2025 15:55;65,21558271;66,07529648;-0,859713771;72,11347798;58,06578571;14,04769227;12,65015108;115136,8;115136,8;Excellent;100.0%;196;50;125;3;10;8;0;88,68778281;Normal;1,242992381;145,995912;117,4551946;Optimal;1,241194801;355,3320839;286,2822851;"RSI Cross SMA Down: Prev: RSI=68.10 vs SMA=65.23, Curr: RSI=65.22 vs SMA=66.08; RSI Entry Zone: RSI_SMA=65.23 > 60.0; Position Delay: Delay >= 12 candles";;"RSI-SMA Difference: RSI-SMA=14.05 >= 2.0; RSI Above 50: RSI=72.11 >= 50; SMA Not Increasing: SMA: 56.50 -> 58.07; No SMA Downtrend: SMA changes: ['1.563', '1.618', '0.652']";;;5m cross, 15m confirmed
BTC/USDT;Short;open;06.08.2025 16:05;06.08.2025 16:15;68,09260123;68,16027182;-0,067670587;66,21612282;59,22043154;6,995691283;11,38511811;115368;115368;Excellent;100.0%;196;50;125;3;10;8;0;88,68778281;Normal;1,735226839;217,691257;125,4540629;Optimal;1,230154681;364,2869351;296,1309994;"RSI Cross SMA Down: Prev: RSI=71.27 vs SMA=68.75, Curr: RSI=68.09 vs SMA=68.16; RSI Entry Zone: RSI_SMA=68.75 > 60.0; Position Delay: Delay >= 12 candles";;"RSI-SMA Difference: RSI-SMA=7.00 >= 2.0; RSI Above 50: RSI=66.22 >= 50; SMA Not Increasing: SMA: 58.07 -> 59.22; No SMA Downtrend: SMA changes: ['1.155', '1.563', '1.618']";;;5m cross, 15m confirmed
BTC/USDT;Short;skip;06.08.2025 18:20;06.08.2025 18:30;56,77003923;65,34129745;-8,571258225;62,48452452;66,249361;-3,764836478;0,986461913;115464,8;115464,8;Excellent;100.0%;165;50;90;-5;10;24;-4;82,08955224;Low;0,65675992;82,703747;125,9269094;Optimal;0,879067416;292,3554756;332,5745789;"RSI Cross SMA Down: Prev: RSI=68.34 vs SMA=65.36, Curr: RSI=56.77 vs SMA=65.34; RSI Entry Zone: RSI_SMA=65.36 > 60.0; Position Delay: Delay >= 12 candles";;"RSI Above 50: RSI=62.48 >= 50; SMA Not Increasing: SMA: 67.03 -> 66.25; No SMA Downtrend: SMA changes: ['-0.785', '1.005', '1.256']";RSI-SMA Difference: RSI-SMA=-3.76 >= 2.0;RSI-SMA різниця -3.76 < 2.0;5m cross, 15m rejected
BTC/USDT;Long;open;07.08.2025 3:25;07.08.2025 3:35;36,17606865;33,7847201;2,391348548;35,44203492;42,12062802;-6,678593101;-8,821507758;114519,3;114519,3;Excellent;100.0%;184;50;125;-5;10;8;-4;83,25791855;Low;0,816885519;25,630916;31,3763868;Optimal;1,044783184;166,6116077;159,4700319;"RSI Cross SMA Up: Prev: RSI=31.23 vs SMA=34.41, Curr: RSI=36.18 vs SMA=33.78; RSI Entry Zone: RSI_SMA=34.41 < 40.0; Position Delay: Delay >= 12 candles";;"SMA-RSI Difference: SMA-RSI=6.68 >= 2.0; RSI Below 50: RSI=35.44 <= 50; SMA Not Falling: SMA: 42.93 -> 42.12; No SMA Uptrend: SMA changes: ['-0.807', '-1.015', '-0.867']";;;5m cross, 15m confirmed
BTC/USDT;Long;skip;07.08.2025 5:15;07.08.2025 5:25;39,62222625;37,85227914;1,769947112;38,51651568;36,56437068;1,952145003;-3,209971675;114375,5;114375,5;Excellent;100.0%;141;50;90;-5;10;0;-4;70,14925373;Low;1,071111786;40,194651;37,5261028;Optimal;0,936165843;149,2126252;159,3869572;"RSI Cross SMA Up: Prev: RSI=37.56 vs SMA=38.72, Curr: RSI=39.62 vs SMA=37.85; RSI Entry Zone: RSI_SMA=38.72 < 40.0; Position Delay: Delay >= 12 candles";;"RSI Below 50: RSI=38.52 <= 50; SMA Not Falling: SMA: 36.65 -> 36.56; No SMA Uptrend: SMA changes: ['-0.088', '-1.266', '-1.746']";SMA-RSI Difference: SMA-RSI=-1.95 >= 2.0;SMA-RSI diff -1.95 < 2.0;5m cross, 15m rejected
BTC/USDT;Short;open;07.08.2025 7:30;07.08.2025 7:40;59,70059999;60,04242334;-0,341823356;52,7933898;44,29847102;8,494918778;12,69658023;114791;114791;Excellent;100.0%;184;50;125;-5;10;8;-4;83,25791855;Low;0,674929628;22,316971;33,0656265;Optimal;0,972226955;141,2250936;145,2593891;"RSI Cross SMA Down: Prev: RSI=65.32 vs SMA=60.11, Curr: RSI=59.70 vs SMA=60.04; RSI Entry Zone: RSI_SMA=60.11 > 60.0; Position Delay: Delay >= 12 candles";;"RSI-SMA Difference: RSI-SMA=8.49 >= 2.0; RSI Above 50: RSI=52.79 >= 50; SMA Not Increasing: SMA: 43.29 -> 44.30; No SMA Downtrend: SMA changes: ['1.005', '1.493', '1.307']";;;5m cross, 15m confirmed
BTC/USDT;Short;open;07.08.2025 8:30;07.08.2025 8:40;63,46866911;64,16519138;-0,696522268;62,269974;52,28230448;9,987669523;13,81257795;115038,4;115038,4;Excellent;100.0%;184;50;125;-5;10;8;-4;83,25791855;Low;1,111932646;40,367889;36,3042574;Optimal;1,051652992;151,8516138;144,3932695;"RSI Cross SMA Down: Prev: RSI=75.34 vs SMA=64.54, Curr: RSI=63.47 vs SMA=64.17; RSI Entry Zone: RSI_SMA=64.54 > 60.0; Position Delay: Delay >= 12 candles";;"RSI-SMA Difference: RSI-SMA=9.99 >= 2.0; RSI Above 50: RSI=62.27 >= 50; SMA Not Increasing: SMA: 50.08 -> 52.28; No SMA Downtrend: SMA changes: ['2.200', '2.582', '1.933']";;;5m cross, 15m confirmed
BTC/USDT;Short;open;07.08.2025 11:30;07.08.2025 11:40;70,27624219;81,23081633;-10,95457413;78,1612299;69,80034497;8,360884923;13,23458226;116543,2;116543,2;Excellent;100.0%;206;50;125;3;10;18;0;93,21266968;Normal;1,186016998;110,147198;92,87151715;Optimal;1,271172971;229,5665913;180,5942988;"RSI Cross SMA Down: Prev: RSI=85.12 vs SMA=81.47, Curr: RSI=70.28 vs SMA=81.23; RSI Entry Zone: RSI_SMA=81.47 > 60.0; Position Delay: Delay >= 12 candles";;"RSI-SMA Difference: RSI-SMA=8.36 >= 2.0; RSI Above 50: RSI=78.16 >= 50; SMA Not Increasing: SMA: 68.60 -> 69.80; No SMA Downtrend: SMA changes: ['1.199', '2.087', '2.079']";;;5m cross, 15m confirmed
BTC/USDT;Short;open;07.08.2025 20:10;07.08.2025 20:20;67,41637437;67,72116156;-0,304787185;66,8514386;56,78221657;10,06922203;12,9229324;117290,4;117290,4;Excellent;100.0%;196;50;125;3;10;8;0;88,68778281;Normal;1,255834874;120,257814;95,75925665;Optimal;0,977422024;296,8830777;303,7409333;"RSI Cross SMA Down: Prev: RSI=71.52 vs SMA=67.29, Curr: RSI=67.42 vs SMA=67.72; RSI Entry Zone: RSI_SMA=67.29 > 60.0; Position Delay: Delay >= 12 candles";;"RSI-SMA Difference: RSI-SMA=10.07 >= 2.0; RSI Above 50: RSI=66.85 >= 50; SMA Not Increasing: SMA: 55.34 -> 56.78; No SMA Downtrend: SMA changes: ['1.439', '0.586', '0.321']";;;5m cross, 15m confirmed
BTC/USDT;Short;open;07.08.2025 20:25;07.08.2025 20:35;69,01264768;70,24451261;-1,231864927;68,57123746;58,078622;10,49261546;12,24217193;117412,6;117412,6;Excellent;100.0%;196;50;125;3;10;8;0;88,68778281;Normal;1,318981492;131,117114;99,4078498;Optimal;0,963555004;290,7342864;301,7308666;"RSI Cross SMA Down: Prev: RSI=71.24 vs SMA=69.45, Curr: RSI=69.01 vs SMA=70.24; RSI Entry Zone: RSI_SMA=69.45 > 60.0; Position Delay: Delay >= 12 candles";;"RSI-SMA Difference: RSI-SMA=10.49 >= 2.0; RSI Above 50: RSI=68.57 >= 50; SMA Not Increasing: SMA: 56.78 -> 58.08; No SMA Downtrend: SMA changes: ['1.296', '1.439', '0.586']";;;5m cross, 15m confirmed
BTC/USDT;Long;open;08.08.2025 6:10;08.08.2025 6:20;43,79841418;35,09099925;8,707414925;38,58636054;42,17233854;-3,585977999;-4,696853276;116571,4;116571,4;Excellent;100.0%;194;50;125;-5;10;18;-4;87,78280543;Low;1,141181971;48,480581;42,4827786;Optimal;0,82194285;164,5271986;200,1686596;"RSI Cross SMA Up: Prev: RSI=22.53 vs SMA=34.67, Curr: RSI=43.80 vs SMA=35.09; RSI Entry Zone: RSI_SMA=34.67 < 40.0; Position Delay: Delay >= 12 candles";;"SMA-RSI Difference: SMA-RSI=3.59 >= 2.0; RSI Below 50: RSI=38.59 <= 50; SMA Not Falling: SMA: 42.40 -> 42.17; No SMA Uptrend: SMA changes: ['-0.232', '-0.426', '-0.467']";;;5m cross, 15m confirmed
BTC/USDT;Long;open;08.08.2025 15:55;08.08.2025 16:05;42,5440421;38,59377029;3,95027181;39,3951358;45,16433719;-5,769201389;-11,4937131;116201,8;116201,8;Excellent;100.0%;206;50;125;3;10;18;0;93,21266968;Normal;1,727313225;135,644924;78,5294306;Optimal;1,24826244;257,5253922;206,3070905;"RSI Cross SMA Up: Prev: RSI=38.84 vs SMA=39.08, Curr: RSI=42.54 vs SMA=38.59; RSI Entry Zone: RSI_SMA=39.08 < 40.0; Position Delay: Delay >= 12 candles";;"SMA-RSI Difference: SMA-RSI=5.77 >= 2.0; RSI Below 50: RSI=39.40 <= 50; SMA Not Falling: SMA: 45.70 -> 45.16; No SMA Uptrend: SMA changes: ['-0.537', '-1.358', '-1.595']";;;5m cross, 15m confirmed
BTC/USDT;Short;open;08.08.2025 18:25;08.08.2025 18:35;52,85685191;61,59666648;-8,739814575;53,43625911;43,81168765;9,624571465;13,55934341;116595,6;116595,6;Excellent;100.0%;194;50;125;-5;10;18;-4;87,78280543;Low;1,107153124;109,783222;99,1581197;Optimal;0,985166473;245,2713559;248,9643758;"RSI Cross SMA Down: Prev: RSI=65.13 vs SMA=61.61, Curr: RSI=52.86 vs SMA=61.60; RSI Entry Zone: RSI_SMA=61.61 > 60.0; Position Delay: Delay >= 12 candles";;"RSI-SMA Difference: RSI-SMA=9.62 >= 2.0; RSI Above 50: RSI=53.44 >= 50; SMA Not Increasing: SMA: 43.02 -> 43.81; No SMA Downtrend: SMA changes: ['0.788', '1.046', '0.423']";;;5m cross, 15m confirmed
BTC/USDT;Short;open;08.08.2025 21:35;08.08.2025 21:45;61,72814007;61,74332451;-0,015184432;63,01906589;53,78379382;9,235272066;6,842330994;116848,4;116848,4;Excellent;100.0%;196;50;125;3;10;8;0;88,68778281;Normal;1,237222515;84,047036;67,9320292;Optimal;0,869132867;198,4436309;228,3236987;"RSI Cross SMA Down: Prev: RSI=62.60 vs SMA=61.02, Curr: RSI=61.73 vs SMA=61.74; RSI Entry Zone: RSI_SMA=61.02 > 60.0; Position Delay: Delay >= 12 candles";;"RSI-SMA Difference: RSI-SMA=9.24 >= 2.0; RSI Above 50: RSI=63.02 >= 50; SMA Not Increasing: SMA: 53.47 -> 53.78; No SMA Downtrend: SMA changes: ['0.316', '0.075', '0.439']";;;5m cross, 15m confirmed
BTC/USDT;Short;open;08.08.2025 21:55;08.08.2025 22:05;63,03553483;63,21501571;-0,179480882;61,51022681;54,3605058;7,149721009;7,140079064;116926;116926;Excellent;100.0%;184;50;125;-5;10;8;-4;83,25791855;Low;0,255925333;16,966957;66,29651225;Optimal;0,839092958;188,1619429;224,2444549;"RSI Cross SMA Down: Prev: RSI=66.64 vs SMA=63.44, Curr: RSI=63.04 vs SMA=63.22; RSI Entry Zone: RSI_SMA=63.44 > 60.0; Position Delay: Delay >= 12 candles";;"RSI-SMA Difference: RSI-SMA=7.15 >= 2.0; RSI Above 50: RSI=61.51 >= 50; SMA Not Increasing: SMA: 53.78 -> 54.36; No SMA Downtrend: SMA changes: ['0.577', '0.316', '0.075']";;;5m cross, 15m confirmed
BTC/USDT;Short;open;08.08.2025 22:15;08.08.2025 22:25;60,71593942;62,07076329;-1,354823872;62,0501032;56,23647436;5,813628841;6,39641822;116914,8;116914,8;Excellent;100.0%;184;50;125;-5;10;8;-4;83,25791855;Low;0,22702417;14,259686;62,8113121;Optimal;0,843957919;181,2712671;214,787092;"RSI Cross SMA Down: Prev: RSI=62.21 vs SMA=62.18, Curr: RSI=60.72 vs SMA=62.07; RSI Entry Zone: RSI_SMA=62.18 > 60.0; Position Delay: Delay >= 12 candles";;"RSI-SMA Difference: RSI-SMA=5.81 >= 2.0; RSI Above 50: RSI=62.05 >= 50; SMA Not Increasing: SMA: 55.40 -> 56.24; No SMA Downtrend: SMA changes: ['0.839', '1.037', '0.577']";;;5m cross, 15m confirmed
BTC/USDT;Short;open;08.08.2025 22:30;08.08.2025 22:40;58,01442843;62,16999031;-4,155561873;60,77686769;56,75040582;4,026461874;5,355331841;116901,3;116901,3;Excellent;100.0%;194;50;125;-5;10;18;-4;87,78280543;Low;0,573210568;35,103958;61,240947;Optimal;0,838616984;176,0447481;209,9227078;"RSI Cross SMA Down: Prev: RSI=62.63 vs SMA=62.31, Curr: RSI=58.01 vs SMA=62.17; RSI Entry Zone: RSI_SMA=62.31 > 60.0; Position Delay: Delay >= 12 candles";;"RSI-SMA Difference: RSI-SMA=4.03 >= 2.0; RSI Above 50: RSI=60.78 >= 50; SMA Not Increasing: SMA: 56.24 -> 56.75; No SMA Downtrend: SMA changes: ['0.514', '0.839', '1.037']";;;5m cross, 15m confirmed
BTC/USDT;Long;open;09.08.2025 1:05;09.08.2025 1:15;44,30073514;38,60823394;5,692501199;44,97389983;53,30176981;-8,327869973;-9,911384226;116640,3;116640,3;Excellent;100.0%;194;50;125;-5;10;18;-4;87,78280543;Low;0,781338272;23,147595;29,62557425;Optimal;0,837552357;131,7522486;157,3062836;"RSI Cross SMA Up: Prev: RSI=31.36 vs SMA=38.09, Curr: RSI=44.30 vs SMA=38.61; RSI Entry Zone: RSI_SMA=38.09 < 40.0; Position Delay: Delay >= 12 candles";;"SMA-RSI Difference: SMA-RSI=8.33 >= 2.0; RSI Below 50: RSI=44.97 <= 50; SMA Not Falling: SMA: 54.59 -> 53.30; No SMA Uptrend: SMA changes: ['-1.289', '-1.097', '-0.994']";;;5m cross, 15m confirmed
BTC/USDT;Long;open;09.08.2025 1:30;09.08.2025 1:40;40,61581721;37,26391037;3,351906839;48,39567674;50,94802408;-2,552347347;-6,995959308;116567,5;116567,5;Excellent;100.0%;186;50;125;-5;10;10;-4;84,16289593;Low;0,622216825;17,009584;27,33706855;Optimal;0,853390578;126,8552551;148,6485302;"RSI Cross SMA Up: Prev: RSI=36.68 vs SMA=37.55, Curr: RSI=40.62 vs SMA=37.26; RSI Entry Zone: RSI_SMA=37.55 < 40.0; Position Delay: Delay >= 12 candles";;"SMA-RSI Difference: SMA-RSI=2.55 >= 2.0; RSI Below 50: RSI=48.40 <= 50; SMA Not Falling: SMA: 51.89 -> 50.95; No SMA Uptrend: SMA changes: ['-0.945', '-1.409', '-1.289']";;;5m cross, 15m confirmed
BTC/USDT;Long;open;09.08.2025 3:10;09.08.2025 3:20;45,09673752;35,32863016;9,768107366;41,12638615;43,50940177;-2,38301562;-5,214952983;116447,5;116447,5;Excellent;100.0%;198;50;125;3;10;10;0;89,59276018;Normal;1,370371738;22,86468;16,6850201;Optimal;0,90014777;116,6388648;129,5774635;"RSI Cross SMA Up: Prev: RSI=31.03 vs SMA=34.83, Curr: RSI=45.10 vs SMA=35.33; RSI Entry Zone: RSI_SMA=34.83 < 40.0; Position Delay: Delay >= 12 candles";;"SMA-RSI Difference: SMA-RSI=2.38 >= 2.0; RSI Below 50: RSI=41.13 <= 50; SMA Not Falling: SMA: 44.12 -> 43.51; No SMA Uptrend: SMA changes: ['-0.607', '-1.175', '-1.351']";;;5m cross, 15m confirmed
BTC/USDT;Short;open;09.08.2025 9:40;09.08.2025 9:50;61,29203901;64,94740978;-3,655370769;65,46467121;59,16046376;6,30420745;9,48117306;117271,9;117271,9;Excellent;100.0%;211;50;125;8;10;18;0;95,47511312;High;1,86178946;98,235755;52,76415895;Optimal;1,100475227;187,1488808;170,0618753;"RSI Cross SMA Down: Prev: RSI=64.75 vs SMA=64.58, Curr: RSI=61.29 vs SMA=64.95; RSI Entry Zone: RSI_SMA=64.58 > 60.0; Position Delay: Delay >= 12 candles";;"RSI-SMA Difference: RSI-SMA=6.30 >= 2.0; RSI Above 50: RSI=65.46 >= 50; SMA Not Increasing: SMA: 58.00 -> 59.16; No SMA Downtrend: SMA changes: ['1.162', '0.739', '0.545']";;;5m cross, 15m confirmed
BTC/USDT;Short;skip;09.08.2025 10:35;09.08.2025 10:45;61,62772349;69,53016473;-7,902441244;64,03204823;64,54271717;-0,510668943;7,572007119;117587,8;117587,8;Excellent;100.0%;163;50;90;3;10;10;0;81,09452736;Normal;1,568594408;95,315693;60,7650343;Optimal;1,202203812;214,9460169;178,7933249;"RSI Cross SMA Down: Prev: RSI=71.84 vs SMA=69.72, Curr: RSI=61.63 vs SMA=69.53; RSI Entry Zone: RSI_SMA=69.72 > 60.0; Position Delay: Delay >= 12 candles";;"RSI Above 50: RSI=64.03 >= 50; SMA Not Increasing: SMA: 63.94 -> 64.54; No SMA Downtrend: SMA changes: ['0.602', '1.611', '1.750']";RSI-SMA Difference: RSI-SMA=-0.51 >= 2.0;RSI-SMA різниця -0.51 < 2.0;5m cross, 15m rejected
BTC/USDT;Long;skip;09.08.2025 17:05;09.08.2025 17:15;43,38525278;38,56153852;4,82371426;42,36580517;42,91176073;-0,545955562;-3,624583336;116708,5;116708,5;Excellent;100.0%;151;50;90;-5;10;10;-4;75,12437811;Low;0,67596354;27,986287;41,40206585;Optimal;0,92388359;166,5906875;180,3156688;"RSI Cross SMA Up: Prev: RSI=37.07 vs SMA=38.86, Curr: RSI=43.39 vs SMA=38.56; RSI Entry Zone: RSI_SMA=38.86 < 40.0; Position Delay: Delay >= 12 candles";;"RSI Below 50: RSI=42.37 <= 50; SMA Not Falling: SMA: 43.20 -> 42.91; No SMA Uptrend: SMA changes: ['-0.288', '-0.728', '-0.229']";SMA-RSI Difference: SMA-RSI=0.55 >= 2.0;SMA-RSI diff 0.55 < 2.0;5m cross, 15m rejected
BTC/USDT;Short;open;10.08.2025 3:40;10.08.2025 3:50;82,64525612;88,65105198;-6,005795864;80,50048624;61,200405;19,30008124;24,92148749;118213,4;118213,4;Excellent;100.0%;211;50;125;12;6;18;0;95,47511312;Very High;2,719554238;189,653383;69,73693715;High;1,667310284;247,8775828;148,6691381;"RSI Cross SMA Down: Prev: RSI=94.62 vs SMA=88.12, Curr: RSI=82.65 vs SMA=88.65; RSI Entry Zone: RSI_SMA=88.12 > 60.0; Position Delay: Delay >= 12 candles";;"RSI-SMA Difference: RSI-SMA=19.30 >= 2.0; RSI Above 50: RSI=80.50 >= 50; SMA Not Increasing: SMA: 58.88 -> 61.20; No SMA Downtrend: SMA changes: ['2.325', '3.219', '2.954']";;;5m cross, 15m confirmed
BTC/USDT;Short;skip;10.08.2025 12:50;10.08.2025 13:00;51,81631571;63,31607205;-11,49975633;59,17823418;57,34151388;1,836720297;5,582288896;118458,1;118458,1;Excellent;100.0%;151;50;90;-5;10;10;-4;75,12437811;Low;0,963796903;61,376919;63,68241985;Optimal;0,996233174;235,0561236;235,9448869;"RSI Cross SMA Down: Prev: RSI=67.31 vs SMA=64.06, Curr: RSI=51.82 vs SMA=63.32; RSI Entry Zone: RSI_SMA=64.06 > 60.0; Position Delay: Delay >= 12 candles";;"RSI Above 50: RSI=59.18 >= 50; SMA Not Increasing: SMA: 57.33 -> 57.34; No SMA Downtrend: SMA changes: ['0.009', '0.387', '0.223']";RSI-SMA Difference: RSI-SMA=1.84 >= 2.0;RSI-SMA різниця 1.84 < 2.0;5m cross, 15m rejected
BTC/USDT;Long;skip;26.08.2025 1:00;26.08.2025 1:10;39,5686558;38,97161996;0,597035836;36,85023438;37,82926245;-0,979028068;-4,713023909;109281,7;109281,7;Excellent;100.0%;159;50;90;3;10;6;0;79,10447761;Normal;1,645630728;311,290474;189,1618021;Optimal;1,071049883;524,1688749;489,3972568;"RSI Cross SMA Up: Prev: RSI=34.36 vs SMA=39.78, Curr: RSI=39.57 vs SMA=38.97; RSI Entry Zone: RSI_SMA=39.78 < 40.0; Position Delay: Delay >= 12 candles";;"RSI Below 50: RSI=36.85 <= 50; SMA Not Falling: SMA: 37.73 -> 37.83; No SMA Uptrend: SMA changes: ['0.097', '0.339', '0.451']";SMA-RSI Difference: SMA-RSI=0.98 >= 2.0;SMA-RSI diff 0.98 < 2.0;5m cross, 15m rejected
BTC/USDT;Short;open;26.08.2025 5:50;26.08.2025 6:00;58,31366659;61,05296638;-2,739299786;52,84598388;49,43888629;3,407097593;4,966337418;110252,2;110252,2;Excellent;100.0%;184;50;125;-5;10;8;-4;83,25791855;Low;0,537935018;36,956662;68,70097825;Optimal;0,804562069;307,6296383;382,3566263;"RSI Cross SMA Down: Prev: RSI=66.31 vs SMA=60.79, Curr: RSI=58.31 vs SMA=61.05; RSI Entry Zone: RSI_SMA=60.79 > 60.0; Position Delay: Delay >= 12 candles";;"RSI-SMA Difference: RSI-SMA=3.41 >= 2.0; RSI Above 50: RSI=52.85 >= 50; SMA Not Increasing: SMA: 48.88 -> 49.44; No SMA Downtrend: SMA changes: ['0.554', '0.595', '0.504']";;;5m cross, 15m confirmed
BTC/USDT;Long;open;26.08.2025 11:55;26.08.2025 12:05;43,58253899;35,66529422;7,917244773;44,3318077;49,86976943;-5,537961727;-9,20345773;109878,1;109878,1;Excellent;100.0%;206;50;125;3;10;18;0;93,21266968;Normal;1,216526395;67,216122;55,25249785;Optimal;0,939918198;256,6054265;273,0082545;"RSI Cross SMA Up: Prev: RSI=28.79 vs SMA=35.89, Curr: RSI=43.58 vs SMA=35.67; RSI Entry Zone: RSI_SMA=35.89 < 40.0; Position Delay: Delay >= 12 candles";;"SMA-RSI Difference: SMA-RSI=5.54 >= 2.0; RSI Below 50: RSI=44.33 <= 50; SMA Not Falling: SMA: 50.22 -> 49.87; No SMA Uptrend: SMA changes: ['-0.354', '-1.224', '-0.965']";;;5m cross, 15m confirmed
BTC/USDT;Long;open;26.08.2025 12:10;26.08.2025 12:20;34,06770462;33,24847931;0,81922531;39,24778171;48,97058489;-9,722803171;-9,267332124;109632;109632;Excellent;100.0%;184;50;125;-5;10;8;-4;83,25791855;Low;1,014201555;55,266797;54,4929129;Optimal;0,956538857;258,6193246;270,3699098;"RSI Cross SMA Up: Prev: RSI=33.94 vs SMA=33.95, Curr: RSI=34.07 vs SMA=33.25; RSI Entry Zone: RSI_SMA=33.95 < 40.0; Position Delay: Delay >= 12 candles";;"SMA-RSI Difference: SMA-RSI=9.72 >= 2.0; RSI Below 50: RSI=39.25 <= 50; SMA Not Falling: SMA: 49.87 -> 48.97; No SMA Uptrend: SMA changes: ['-0.899', '-0.354', '-1.224']";;;5m cross, 15m confirmed
BTC/USDT;Short;open;26.08.2025 19:00;26.08.2025 19:10;62,57332436;65,80447773;-3,231153373;59,59022143;51,00729099;8,582930438;11,62339612;110609,9;110609,9;Excellent;100.0%;194;50;125;-5;10;18;-4;87,78280543;Low;0,741372596;56,315353;75,96093155;Optimal;0,952348264;357,3038371;375,1819063;"RSI Cross SMA Down: Prev: RSI=66.80 vs SMA=64.84, Curr: RSI=62.57 vs SMA=65.80; RSI Entry Zone: RSI_SMA=64.84 > 60.0; Position Delay: Delay >= 12 candles";;"RSI-SMA Difference: RSI-SMA=8.58 >= 2.0; RSI Above 50: RSI=59.59 >= 50; SMA Not Increasing: SMA: 49.67 -> 51.01; No SMA Downtrend: SMA changes: ['1.341', '0.789', '0.825']";;;5m cross, 15m confirmed
BTC/USDT;Short;open;26.08.2025 19:30;26.08.2025 19:40;66,86074188;69,207634;-2,346892123;59,50142328;54,03713126;5,464292018;8,935651518;110981,5;110981,5;Excellent;100.0%;184;50;125;-5;10;8;-4;83,25791855;Low;0,919382225;64,453193;70,10489355;Optimal;0,983612164;364,9201453;371,0000329;"RSI Cross SMA Down: Prev: RSI=73.31 vs SMA=68.97, Curr: RSI=66.86 vs SMA=69.21; RSI Entry Zone: RSI_SMA=68.97 > 60.0; Position Delay: Delay >= 12 candles";;"RSI-SMA Difference: RSI-SMA=5.46 >= 2.0; RSI Above 50: RSI=59.50 >= 50; SMA Not Increasing: SMA: 52.64 -> 54.04; No SMA Downtrend: SMA changes: ['1.395', '1.635', '1.341']";;;5m cross, 15m confirmed
BTC/USDT;Short;open;26.08.2025 20:00;26.08.2025 20:10;60,76832376;65,76052093;-4,992197166;64,76188714;56,62920219;8,132684949;7,107695278;110976,2;110976,2;Excellent;100.0%;194;50;125;-5;10;18;-4;87,78280543;Low;0,735298082;46,891169;63,771646;Optimal;0,982807806;362,0102273;368,342849;"RSI Cross SMA Down: Prev: RSI=67.00 vs SMA=66.54, Curr: RSI=60.77 vs SMA=65.76; RSI Entry Zone: RSI_SMA=66.54 > 60.0; Position Delay: Delay >= 12 candles";;"RSI-SMA Difference: RSI-SMA=8.13 >= 2.0; RSI Above 50: RSI=64.76 >= 50; SMA Not Increasing: SMA: 55.32 -> 56.63; No SMA Downtrend: SMA changes: ['1.312', '1.280', '1.395']";;;5m cross, 15m confirmed
BTC/USDT;Short;open;26.08.2025 20:15;26.08.2025 20:25;66,14785286;66,36537406;-0,2175212;65,56564954;57,49457508;8,07107446;7,976622759;111225,4;111225,4;Excellent;100.0%;184;50;125;-5;10;8;-4;83,25791855;Low;0,650769263;39,8366;61,2146305;Optimal;0,957375822;350,4166396;366,0178496;"RSI Cross SMA Down: Prev: RSI=67.75 vs SMA=65.97, Curr: RSI=66.15 vs SMA=66.37; RSI Entry Zone: RSI_SMA=65.97 > 60.0; Position Delay: Delay >= 12 candles";;"RSI-SMA Difference: RSI-SMA=8.07 >= 2.0; RSI Above 50: RSI=65.57 >= 50; SMA Not Increasing: SMA: 56.63 -> 57.49; No SMA Downtrend: SMA changes: ['0.865', '1.312', '1.280']";;;5m cross, 15m confirmed
BTC/USDT;Short;open;26.08.2025 20:35;26.08.2025 20:45;63,1728326;65,43386445;-2,26103185;62,7298595;58,56052837;4,169331127;6,791030179;111224,8;111224,8;Excellent;100.0%;184;50;125;-5;10;8;-4;83,25791855;Low;0,826438196;48,321785;58,46993185;Optimal;0,9263085;335,6225939;362,3226971;"RSI Cross SMA Down: Prev: RSI=66.36 vs SMA=66.16, Curr: RSI=63.17 vs SMA=65.43; RSI Entry Zone: RSI_SMA=66.16 > 60.0; Position Delay: Delay >= 12 candles";;"RSI-SMA Difference: RSI-SMA=4.17 >= 2.0; RSI Above 50: RSI=62.73 >= 50; SMA Not Increasing: SMA: 57.49 -> 58.56; No SMA Downtrend: SMA changes: ['1.066', '0.865', '1.312']";;;5m cross, 15m confirmed
BTC/USDT;Short;open;26.08.2025 20:55;26.08.2025 21:05;65,09380611;65,40145315;-0,30764704;64,34853212;59,76807271;4,580459408;5,606954998;111325,7;111325,7;Excellent;100.0%;184;50;125;-5;10;8;-4;83,25791855;Low;0,697314044;39,598796;56,78760715;Optimal;0,912707116;327,728123;359,0726065;"RSI Cross SMA Down: Prev: RSI=66.75 vs SMA=65.45, Curr: RSI=65.09 vs SMA=65.40; RSI Entry Zone: RSI_SMA=65.45 > 60.0; Position Delay: Delay >= 12 candles";;"RSI-SMA Difference: RSI-SMA=4.58 >= 2.0; RSI Above 50: RSI=64.35 >= 50; SMA Not Increasing: SMA: 58.56 -> 59.77; No SMA Downtrend: SMA changes: ['1.208', '1.066', '0.865']";;;5m cross, 15m confirmed
BTC/USDT;Short;skip;26.08.2025 21:35;26.08.2025 21:45;56,14074311;61,09675454;-4,956011429;61,42911551;62,26585455;-0,836739048;-0,649531426;111242,8;111242,8;Excellent;100.0%;151;50;90;-5;10;10;-4;75,12437811;Low;0,693460394;37,712198;54,38262705;Optimal;0,883176452;307,7667952;348,4771301;"RSI Cross SMA Down: Prev: RSI=63.83 vs SMA=61.99, Curr: RSI=56.14 vs SMA=61.10; RSI Entry Zone: RSI_SMA=61.99 > 60.0; Position Delay: Delay >= 12 candles";;"RSI Above 50: RSI=61.43 >= 50; SMA Not Increasing: SMA: 61.66 -> 62.27; No SMA Downtrend: SMA changes: ['0.606', '0.795', '1.096']";RSI-SMA Difference: RSI-SMA=-0.84 >= 2.0;RSI-SMA різниця -0.84 < 2.0;5m cross, 15m rejected
BTC/USDT;Short;skip;26.08.2025 22:25;26.08.2025 22:35;60,72512934;64,75834495;-4,033215613;63,63161543;63,35879828;0,272817146;3,331564184;111635,4;111635,4;Excellent;100.0%;151;50;90;-5;10;10;-4;75,12437811;Low;0,910136715;50,446719;55,4276277;Optimal;0,936270646;315,6467016;337,1318999;"RSI Cross SMA Down: Prev: RSI=67.60 vs SMA=64.45, Curr: RSI=60.73 vs SMA=64.76; RSI Entry Zone: RSI_SMA=64.45 > 60.0; Position Delay: Delay >= 12 candles";;"RSI Above 50: RSI=63.63 >= 50; SMA Not Increasing: SMA: 63.12 -> 63.36; No SMA Downtrend: SMA changes: ['0.234', '0.363', '0.495']";RSI-SMA Difference: RSI-SMA=0.27 >= 2.0;RSI-SMA різниця 0.27 < 2.0;5m cross, 15m rejected
BTC/USDT;Short;skip;26.08.2025 23:15;26.08.2025 23:25;66,51997305;67,5650424;-1,045069355;63,06448062;64,54788699;-1,48340637;2,832925337;112128,5;112128,5;Excellent;100.0%;153;50;90;3;10;0;0;76,11940299;Normal;1,532034966;86,749869;56,6239485;Optimal;1,013563843;328,1601792;323,7686323;"RSI Cross SMA Down: Prev: RSI=77.23 vs SMA=67.96, Curr: RSI=66.52 vs SMA=67.57; RSI Entry Zone: RSI_SMA=67.96 > 60.0; Position Delay: Delay >= 12 candles";;"RSI Above 50: RSI=63.06 >= 50; SMA Not Increasing: SMA: 64.55 -> 64.55; No SMA Downtrend: SMA changes: ['0.001', '0.848', '0.104']";RSI-SMA Difference: RSI-SMA=-1.48 >= 2.0;RSI-SMA різниця -1.48 < 2.0;5m cross, 15m rejected
BTC/USDT;Long;open;27.08.2025 1:45;27.08.2025 1:55;37,46630373;36,67449185;0,791811879;49,57929808;57,11839417;-7,539096095;-10,55356713;111212;111212;Excellent;100.0%;196;50;125;3;10;8;0;88,68778281;Normal;1,213765389;62,039456;51,1132189;Optimal;0,903650634;266,4754002;294,887637;"RSI Cross SMA Up: Prev: RSI=31.79 vs SMA=37.57, Curr: RSI=37.47 vs SMA=36.67; RSI Entry Zone: RSI_SMA=37.57 < 40.0; Position Delay: Delay >= 12 candles";;"SMA-RSI Difference: SMA-RSI=7.54 >= 2.0; RSI Below 50: RSI=49.58 <= 50; SMA Not Falling: SMA: 58.12 -> 57.12; No SMA Uptrend: SMA changes: ['-1.004', '-1.708', '-1.276']";;;5m cross, 15m confirmed
BTC/USDT;Long;open;27.08.2025 2:10;27.08.2025 2:20;37,05139153;36,98952518;0,061866358;46,37559634;55,93859412;-9,562997777;-9,856771455;111149,2;111149,2;Excellent;100.0%;184;50;125;-5;10;8;-4;83,25791855;Low;0,553801019;28,02071;50,59707195;Optimal;0,902630196;263,3343002;291,7410711;"RSI Cross SMA Up: Prev: RSI=36.55 vs SMA=36.78, Curr: RSI=37.05 vs SMA=36.99; RSI Entry Zone: RSI_SMA=36.78 < 40.0; Position Delay: Delay >= 12 candles";;"SMA-RSI Difference: SMA-RSI=9.56 >= 2.0; RSI Below 50: RSI=46.38 <= 50; SMA Not Falling: SMA: 57.12 -> 55.94; No SMA Uptrend: SMA changes: ['-1.180', '-1.004', '-1.708']";;;5m cross, 15m confirmed
BTC/USDT;Long;open;27.08.2025 8:05;27.08.2025 8:15;31,0452048;30,14909842;0,896106386;32,5051398;44,23960134;-11,73446154;-12,87509078;110753,3;110753,3;Excellent;100.0%;184;50;125;-5;10;8;-4;83,25791855;Low;0,977258289;49,711444;50,8682756;Optimal;0,933101025;221,1751035;237,0323229;"RSI Cross SMA Up: Prev: RSI=29.98 vs SMA=30.37, Curr: RSI=31.05 vs SMA=30.15; RSI Entry Zone: RSI_SMA=30.37 < 40.0; Position Delay: Delay >= 12 candles";;"SMA-RSI Difference: SMA-RSI=11.73 >= 2.0; RSI Below 50: RSI=32.51 <= 50; SMA Not Falling: SMA: 45.95 -> 44.24; No SMA Uptrend: SMA changes: ['-1.715', '-1.465', '-1.634']";;;5m cross, 15m confirmed
BTC/USDT;Long;open;27.08.2025 8:20;27.08.2025 8:30;29,30157954;28,76167713;0,539902406;30,07075524;42,34240567;-12,27165043;-12,10988698;110680,1;110680,1;Excellent;100.0%;184;50;125;-5;10;8;-4;83,25791855;Low;0,997315957;51,705172;51,8443244;Optimal;0,92174508;215,419739;233,7085856;"RSI Cross SMA Up: Prev: RSI=26.61 vs SMA=29.05, Curr: RSI=29.30 vs SMA=28.76; RSI Entry Zone: RSI_SMA=29.05 < 40.0; Position Delay: Delay >= 12 candles";;"SMA-RSI Difference: SMA-RSI=12.27 >= 2.0; RSI Below 50: RSI=30.07 <= 50; SMA Not Falling: SMA: 44.24 -> 42.34; No SMA Uptrend: SMA changes: ['-1.897', '-1.715', '-1.465']";;;5m cross, 15m confirmed
BTC/USDT;Long;open;27.08.2025 8:35;27.08.2025 8:45;29,19907239;28,30909327;0,889979121;29,06237851;40,35463775;-11,29225924;-11,76612374;110569,5;110569,5;Excellent;100.0%;196;50;125;3;10;8;0;88,68778281;Normal;1,165937472;62,242311;53,3839185;Optimal;0,909860056;209,4254719;230,1732784;"RSI Cross SMA Up: Prev: RSI=22.30 vs SMA=28.27, Curr: RSI=29.20 vs SMA=28.31; RSI Entry Zone: RSI_SMA=28.27 < 40.0; Position Delay: Delay >= 12 candles";;"SMA-RSI Difference: SMA-RSI=11.29 >= 2.0; RSI Below 50: RSI=29.06 <= 50; SMA Not Falling: SMA: 42.34 -> 40.35; No SMA Uptrend: SMA changes: ['-1.988', '-1.897', '-1.715']";;;5m cross, 15m confirmed
BTC/USDT;Long;skip;27.08.2025 8:50;27.08.2025 9:00;37,29960118;28,27641017;9,023191014;39,27242018;39,55285793;-0,280437748;-7,948115807;110603,2;110603,2;Excellent;100.0%;168;50;90;8;10;10;0;83,58208955;High;1,816624043;96,762691;53,26511635;Optimal;0,982795517;223,2807953;227,1894728;"RSI Cross SMA Up: Prev: RSI=25.62 vs SMA=27.53, Curr: RSI=37.30 vs SMA=28.28; RSI Entry Zone: RSI_SMA=27.53 < 40.0; Position Delay: Delay >= 12 candles";;"RSI Below 50: RSI=39.27 <= 50; SMA Not Falling: SMA: 40.35 -> 39.55; No SMA Uptrend: SMA changes: ['-0.802', '-1.988', '-1.897']";SMA-RSI Difference: SMA-RSI=0.28 >= 2.0;SMA-RSI diff 0.28 < 2.0;5m cross, 15m rejected
BTC/USDT;Short;skip;27.08.2025 12:15;27.08.2025 12:25;55,16243159;59,94684865;-4,78441706;51,35833007;51,47833268;-0,120002606;6,100090606;111245;111245;Excellent;100.0%;151;50;90;-5;10;10;-4;75,12437811;Low;0,792560465;39,625955;49,9973904;Optimal;0,975412624;210,4767797;215,7823003;"RSI Cross SMA Down: Prev: RSI=61.56 vs SMA=60.27, Curr: RSI=55.16 vs SMA=59.95; RSI Entry Zone: RSI_SMA=60.27 > 60.0; Position Delay: Delay >= 12 candles";;"RSI Above 50: RSI=51.36 >= 50; SMA Not Increasing: SMA: 50.62 -> 51.48; No SMA Downtrend: SMA changes: ['0.863', '2.133', '2.037']";RSI-SMA Difference: RSI-SMA=-0.12 >= 2.0;RSI-SMA різниця -0.12 < 2.0;5m cross, 15m rejected
BTC/USDT;Short;open;27.08.2025 14:40;27.08.2025 14:50;56,4496293;62,80242388;-6,352794582;63,28176277;57,86755904;5,414203727;8,793567667;111924,6;111924,6;Excellent;100.0%;211;50;125;12;6;18;0;95,47511312;Very High;3,383880777;326,48824;96,4833756;High;1,431521042;350,193261;244,6301875;"RSI Cross SMA Down: Prev: RSI=69.10 vs SMA=62.06, Curr: RSI=56.45 vs SMA=62.80; RSI Entry Zone: RSI_SMA=62.06 > 60.0; Position Delay: Delay >= 12 candles";;"RSI-SMA Difference: RSI-SMA=5.41 >= 2.0; RSI Above 50: RSI=63.28 >= 50; SMA Not Increasing: SMA: 57.49 -> 57.87; No SMA Downtrend: SMA changes: ['0.380', '1.644', '0.805']";;;5m cross, 15m confirmed
BTC/USDT;Short;open;27.08.2025 18:25;27.08.2025 18:35;62,454885;63,64568814;-1,190803147;67,15581739;61,61934829;5,536469099;5,140685572;112479,3;112479,3;Excellent;100.0%;184;50;125;-5;10;8;-4;83,25791855;Low;0,434393777;51,774871;119,1887955;Optimal;0,912259347;325,4538895;356,7558838;"RSI Cross SMA Down: Prev: RSI=69.62 vs SMA=62.85, Curr: RSI=62.45 vs SMA=63.65; RSI Entry Zone: RSI_SMA=62.85 > 60.0; Position Delay: Delay >= 12 candles";;"RSI-SMA Difference: RSI-SMA=5.54 >= 2.0; RSI Above 50: RSI=67.16 >= 50; SMA Not Increasing: SMA: 61.10 -> 61.62; No SMA Downtrend: SMA changes: ['0.516', '0.272', '-0.485']";;;5m cross, 15m confirmed
BTC/USDT;Long;open;27.08.2025 22:20;27.08.2025 22:30;39,03900388;37,23312662;1,805877254;38,9058457;48,90496325;-9,999117545;-11,67922283;111350,4;111350,4;Excellent;100.0%;184;50;125;-5;10;8;-4;83,25791855;Low;0,580767745;56,642579;97,53051795;Optimal;1,025023007;397,2176839;387,5207495;"RSI Cross SMA Up: Prev: RSI=36.59 vs SMA=37.96, Curr: RSI=39.04 vs SMA=37.23; RSI Entry Zone: RSI_SMA=37.96 < 40.0; Position Delay: Delay >= 12 candles";;"SMA-RSI Difference: SMA-RSI=10.00 >= 2.0; RSI Below 50: RSI=38.91 <= 50; SMA Not Falling: SMA: 49.78 -> 48.90; No SMA Uptrend: SMA changes: ['-0.876', '-1.693', '-1.873']";;;5m cross, 15m confirmed
BTC/USDT;Short;open;28.08.2025 5:10;28.08.2025 5:20;73,85567567;81,078993;-7,223317326;74,91343065;60,20502087;14,70840978;16,86915519;112922,9;112922,9;Excellent;100.0%;206;50;125;3;10;18;0;93,21266968;Normal;1,262872534;83,972139;66,49296485;Optimal;0,994001349;282,8253471;284,5321562;"RSI Cross SMA Down: Prev: RSI=81.65 vs SMA=80.59, Curr: RSI=73.86 vs SMA=81.08; RSI Entry Zone: RSI_SMA=80.59 > 60.0; Position Delay: Delay >= 12 candles";;"RSI-SMA Difference: RSI-SMA=14.71 >= 2.0; RSI Above 50: RSI=74.91 >= 50; SMA Not Increasing: SMA: 58.44 -> 60.21; No SMA Downtrend: SMA changes: ['1.769', '2.066', '1.813']";;;5m cross, 15m confirmed
BTC/USDT;Short;open;28.08.2025 6:45;28.08.2025 6:55;60,83383738;61,97484777;-1,141010384;74,80198209;69,79619884;5,005783252;4,268546047;112963,1;112963,1;Excellent;100.0%;184;50;125;-5;10;8;-4;83,25791855;Low;0,916108811;61,13879;66,7374762;Optimal;0,961654104;256,8668331;267,1093816;"RSI Cross SMA Down: Prev: RSI=67.08 vs SMA=62.68, Curr: RSI=60.83 vs SMA=61.97; RSI Entry Zone: RSI_SMA=62.68 > 60.0; Position Delay: Delay >= 12 candles";;"RSI-SMA Difference: RSI-SMA=5.01 >= 2.0; RSI Above 50: RSI=74.80 >= 50; SMA Not Increasing: SMA: 68.66 -> 69.80; No SMA Downtrend: SMA changes: ['1.139', '1.066', '1.668']";;;5m cross, 15m confirmed
BTC/USDT;Short;skip;28.08.2025 7:20;28.08.2025 7:30;66,6550868;66,68276177;-0,027674968;69,42910203;71,67332809;-2,244226066;2,706865592;113251,4;113251,4;Excellent;100.0%;141;50;90;-5;10;0;-4;70,14925373;Low;1,133273227;73,968562;65,2698398;Optimal;0,936021648;246,9157898;263,7928195;"RSI Cross SMA Down: Prev: RSI=66.33 vs SMA=65.98, Curr: RSI=66.66 vs SMA=66.68; RSI Entry Zone: RSI_SMA=65.98 > 60.0; Position Delay: Delay >= 12 candles";;"RSI Above 50: RSI=69.43 >= 50; SMA Not Increasing: SMA: 71.05 -> 71.67; No SMA Downtrend: SMA changes: ['0.625', '1.252', '1.139']";RSI-SMA Difference: RSI-SMA=-2.24 >= 2.0;RSI-SMA різниця -2.24 < 2.0;5m cross, 15m rejected
BTC/USDT;Short;skip;28.08.2025 8:05;28.08.2025 8:15;61,40991984;62,26753215;-0,857612312;69,74091774;71,73057608;-1,989658336;-3,146772801;113249,3;113249,3;Excellent;100.0%;147;50;90;-5;10;6;-4;73,13432836;Low;1,030086963;69,647487;67,6132108;Optimal;0,907465994;232,9413958;256,6943524;"RSI Cross SMA Down: Prev: RSI=63.33 vs SMA=62.86, Curr: RSI=61.41 vs SMA=62.27; RSI Entry Zone: RSI_SMA=62.86 > 60.0; Position Delay: Delay >= 12 candles";;"RSI Above 50: RSI=69.74 >= 50; SMA Not Increasing: SMA: 72.06 -> 71.73; No SMA Downtrend: SMA changes: ['-0.326', '0.072', '0.312']";RSI-SMA Difference: RSI-SMA=-1.99 >= 2.0;RSI-SMA різниця -1.99 < 2.0;5m cross, 15m rejected
ETH/USDT;Long;open;29.07.2025 15:45;29.07.2025 15:55;34,13381711;29,41470787;4,719109243;29,69390707;43,33352011;-13,63961303;-15,63358223;3767,4;3767,4;Excellent;100.0%;206;50;125;3;10;18;0;93,21266968;Normal;1,242613744;3741,31735;3010,844977;Optimal;1,071587425;22,1343299;20,65564543;"RSI Cross SMA Up: Prev: RSI=27.19 vs SMA=29.32, Curr: RSI=34.13 vs SMA=29.41; RSI Entry Zone: RSI_SMA=29.32 < 40.0; Position Delay: Delay >= 12 candles";;"SMA-RSI Difference: SMA-RSI=13.64 >= 2.0; RSI Below 50: RSI=29.69 <= 50; SMA Not Falling: SMA: 45.19 -> 43.33; No SMA Uptrend: SMA changes: ['-1.857', '-1.138', '-1.127']";;;5m cross, 15m confirmed
ETH/USDT;Long;open;29.07.2025 16:25;29.07.2025 16:35;30,59450178;30,47685026;0,117651519;26,76705086;39,22351762;-12,45646676;-12,77608877;3747,25;3747,25;Excellent;100.0%;196;50;125;3;10;8;0;88,68778281;Normal;1,344542794;4314,01379;3208,535876;Optimal;1,047803256;22,22771303;21,21363232;"RSI Cross SMA Up: Prev: RSI=30.20 vs SMA=30.43, Curr: RSI=30.59 vs SMA=30.48; RSI Entry Zone: RSI_SMA=30.43 < 40.0; Position Delay: Delay >= 12 candles";;"SMA-RSI Difference: SMA-RSI=12.46 >= 2.0; RSI Below 50: RSI=26.77 <= 50; SMA Not Falling: SMA: 41.31 -> 39.22; No SMA Uptrend: SMA changes: ['-2.089', '-2.021', '-1.857']";;;5m cross, 15m confirmed
ETH/USDT;Long;open;29.07.2025 16:40;29.07.2025 16:50;34,19069659;30,74427241;3,446424187;24,85898452;37,07704944;-12,21806492;-12,3022394;3737,51;3737,51;Excellent;100.0%;211;50;125;8;10;18;0;95,47511312;High;2,596776658;9165,30808;3529,494172;Optimal;1,076463213;23,24859067;21,5971994;"RSI Cross SMA Up: Prev: RSI=22.61 vs SMA=30.10, Curr: RSI=34.19 vs SMA=30.74; RSI Entry Zone: RSI_SMA=30.10 < 40.0; Position Delay: Delay >= 12 candles";;"SMA-RSI Difference: SMA-RSI=12.22 >= 2.0; RSI Below 50: RSI=24.86 <= 50; SMA Not Falling: SMA: 39.22 -> 37.08; No SMA Uptrend: SMA changes: ['-2.146', '-2.089', '-2.021']";;;5m cross, 15m confirmed
ETH/USDT;Short;open;29.07.2025 23:40;29.07.2025 23:50;52,19744;60,63177048;-8,434330482;53,1479234;49,88300368;3,264919722;5,209166075;3785,96;3785,96;Excellent;100.0%;194;50;125;-5;10;18;-4;87,78280543;Low;0,740999516;1503,42136;2028,910044;Optimal;0,878574243;18,60239962;21,17339517;"RSI Cross SMA Down: Prev: RSI=64.65 vs SMA=60.97, Curr: RSI=52.20 vs SMA=60.63; RSI Entry Zone: RSI_SMA=60.97 > 60.0; Position Delay: Delay >= 12 candles";;"RSI-SMA Difference: RSI-SMA=3.26 >= 2.0; RSI Above 50: RSI=53.15 >= 50; SMA Not Increasing: SMA: 48.90 -> 49.88; No SMA Downtrend: SMA changes: ['0.978', '0.823', '0.598']";;;5m cross, 15m confirmed
ETH/USDT;Long;open;30.07.2025 10:00;30.07.2025 10:10;44,26778456;38,28908491;5,978699649;46,79572967;50,43926035;-3,643530684;-9,894121151;3794,96;3794,96;Excellent;100.0%;194;50;125;-5;10;18;-4;87,78280543;Low;0,666942073;1152,90553;1728,644176;Optimal;1,009497165;15,63276138;15,48569121;"RSI Cross SMA Up: Prev: RSI=36.04 vs SMA=39.08, Curr: RSI=44.27 vs SMA=38.29; RSI Entry Zone: RSI_SMA=39.08 < 40.0; Position Delay: Delay >= 12 candles";;"SMA-RSI Difference: SMA-RSI=3.64 >= 2.0; RSI Below 50: RSI=46.80 <= 50; SMA Not Falling: SMA: 51.43 -> 50.44; No SMA Uptrend: SMA changes: ['-0.993', '-1.302', '-1.416']";;;5m cross, 15m confirmed
ETH/USDT;Long;open;30.07.2025 11:55;30.07.2025 12:05;38,58050114;34,33848807;4,242013069;36,35656865;43,02909996;-6,672531309;-9,505122919;3758,34;3758,34;Excellent;100.0%;206;50;125;3;10;18;0;93,21266968;Normal;1,651017764;3042,48125;1842,791348;Optimal;1,064912043;17,25853376;16,20653451;"RSI Cross SMA Up: Prev: RSI=33.03 vs SMA=34.85, Curr: RSI=38.58 vs SMA=34.34; RSI Entry Zone: RSI_SMA=34.85 < 40.0; Position Delay: Delay >= 12 candles";;"SMA-RSI Difference: SMA-RSI=6.67 >= 2.0; RSI Below 50: RSI=36.36 <= 50; SMA Not Falling: SMA: 44.28 -> 43.03; No SMA Uptrend: SMA changes: ['-1.250', '-0.888', '-1.166']";;;5m cross, 15m confirmed
ETH/USDT;Short;open;30.07.2025 15:05;30.07.2025 15:15;54,89432432;61,21948682;-6,3251625;51,99820695;45,78232395;6,215882991;12,66731096;3793,69;3793,69;Excellent;100.0%;206;50;125;3;10;18;0;93,21266968;Normal;1,59348322;3435,25306;2155,813765;Optimal;1,163405709;22,00956698;18,91822157;"RSI Cross SMA Down: Prev: RSI=64.03 vs SMA=60.79, Curr: RSI=54.89 vs SMA=61.22; RSI Entry Zone: RSI_SMA=60.79 > 60.0; Position Delay: Delay >= 12 candles";;"RSI-SMA Difference: RSI-SMA=6.22 >= 2.0; RSI Above 50: RSI=52.00 >= 50; SMA Not Increasing: SMA: 44.46 -> 45.78; No SMA Downtrend: SMA changes: ['1.319', '2.069', '0.986']";;;5m cross, 15m confirmed
ETH/USDT;Long;open;30.07.2025 19:30;30.07.2025 19:40;36,50060807;34,42873119;2,071876872;40,65692436;48,28881114;-7,631886784;-15,10714983;3725,71;3725,71;Excellent;100.0%;196;50;125;3;10;8;0;88,68778281;Normal;1,235981833;4995,66583;4041,86024;Optimal;1,237845324;27,81905422;22,47377252;"RSI Cross SMA Up: Prev: RSI=34.80 vs SMA=35.81, Curr: RSI=36.50 vs SMA=34.43; RSI Entry Zone: RSI_SMA=35.81 < 40.0; Position Delay: Delay >= 12 candles";;"SMA-RSI Difference: SMA-RSI=7.63 >= 2.0; RSI Below 50: RSI=40.66 <= 50; SMA Not Falling: SMA: 49.08 -> 48.29; No SMA Uptrend: SMA changes: ['-0.789', '-1.562', '-1.621']";;;5m cross, 15m confirmed
ETH/USDT;Short;open;31.07.2025 0:00;31.07.2025 0:10;64,96881971;67,38947803;-2,420658321;62,61763023;51,2174864;11,40014383;12,42681276;3803,97;3803,97;Excellent;100.0%;184;50;125;-5;10;8;-4;83,25791855;Low;0,65369074;1307,17504;1999,684195;Optimal;0,84135287;18,60276999;22,1105444;"RSI Cross SMA Down: Prev: RSI=71.40 vs SMA=66.30, Curr: RSI=64.97 vs SMA=67.39; RSI Entry Zone: RSI_SMA=66.30 > 60.0; Position Delay: Delay >= 12 candles";;"RSI-SMA Difference: RSI-SMA=11.40 >= 2.0; RSI Above 50: RSI=62.62 >= 50; SMA Not Increasing: SMA: 50.18 -> 51.22; No SMA Downtrend: SMA changes: ['1.035', '1.086', '0.745']";;;5m cross, 15m confirmed
ETH/USDT;Short;open;31.07.2025 1:05;31.07.2025 1:15;69,59049397;73,1801389;-3,589644931;69,06836008;58,29769052;10,77066957;14,15204786;3837,82;3837,82;Excellent;100.0%;194;50;125;-5;10;18;-4;87,78280543;Low;0,922817571;1415,7882;1534,201607;Optimal;0,905062883;18,5015721;20,44230567;"RSI Cross SMA Down: Prev: RSI=73.36 vs SMA=73.31, Curr: RSI=69.59 vs SMA=73.18; RSI Entry Zone: RSI_SMA=73.31 > 60.0; Position Delay: Delay >= 12 candles";;"RSI-SMA Difference: RSI-SMA=10.77 >= 2.0; RSI Above 50: RSI=69.07 >= 50; SMA Not Increasing: SMA: 56.28 -> 58.30; No SMA Downtrend: SMA changes: ['2.013', '2.025', '1.715']";;;5m cross, 15m confirmed
ETH/USDT;Short;open;31.07.2025 3:15;31.07.2025 3:25;62,21708717;64,01648237;-1,799395198;71,47450936;69,05443699;2,420072367;3,336438445;3858,75;3858,75;Excellent;100.0%;176;50;125;-5;10;0;-4;79,63800905;Low;0,517039393;877,6567;1697,465824;Optimal;0,868538394;15,34387364;17,6663159;"RSI Cross SMA Down: Prev: RSI=64.38 vs SMA=63.88, Curr: RSI=62.22 vs SMA=64.02; RSI Entry Zone: RSI_SMA=63.88 > 60.0; Position Delay: Delay >= 12 candles";;"RSI-SMA Difference: RSI-SMA=2.42 >= 2.0; RSI Above 50: RSI=71.47 >= 50; SMA Not Increasing: SMA: 68.46 -> 69.05; No SMA Downtrend: SMA changes: ['0.590', '0.656', '1.123']";;;5m cross, 15m confirmed
ETH/USDT;Short;skip;31.07.2025 4:00;31.07.2025 4:10;59,2814237;64,0003825;-4,7189588;69,36573156;69,81431833;-0,448586771;0,624372978;3860,26;3860,26;Excellent;100.0%;157;50;90;-5;10;16;-4;78,10945274;Low;0,618434364;1060,90371;1715,466946;Optimal;0,831850888;13,88248556;16,68867072;"RSI Cross SMA Down: Prev: RSI=65.16 vs SMA=64.75, Curr: RSI=59.28 vs SMA=64.00; RSI Entry Zone: RSI_SMA=64.75 > 60.0; Position Delay: Delay >= 12 candles";;"RSI Above 50: RSI=69.37 >= 50; SMA Not Increasing: SMA: 69.93 -> 69.81; No SMA Downtrend: SMA changes: ['-0.116', '0.322', '0.554']";RSI-SMA Difference: RSI-SMA=-0.45 >= 2.0;RSI-SMA різниця -0.45 < 2.0;5m cross, 15m rejected
ETH/USDT;Short;skip;31.07.2025 4:40;31.07.2025 4:50;57,82939555;60,07391336;-2,244517811;68,12009655;69,36139348;-1,241296929;-1,758783068;3862,49;3862,49;Excellent;100.0%;159;50;90;3;10;6;0;79,10447761;Normal;1,194932597;2041,97968;1708,865994;Optimal;0,838689394;13,34908194;15,916598;"RSI Cross SMA Down: Prev: RSI=64.82 vs SMA=60.55, Curr: RSI=57.83 vs SMA=60.07; RSI Entry Zone: RSI_SMA=60.55 > 60.0; Position Delay: Delay >= 12 candles";;"RSI Above 50: RSI=68.12 >= 50; SMA Not Increasing: SMA: 69.43 -> 69.36; No SMA Downtrend: SMA changes: ['-0.068', '-0.385', '-0.116']";RSI-SMA Difference: RSI-SMA=-1.24 >= 2.0;RSI-SMA різниця -1.24 < 2.0;5m cross, 15m rejected
ETH/USDT;Short;skip;31.07.2025 5:05;31.07.2025 5:15;59,15654669;59,71239792;-0,555851229;62,6188053;69,08149609;-6,462690789;-1,907403936;3866,89;3866,89;Excellent;100.0%;155;50;90;-5;10;14;-4;77,11442786;Low;0,722037223;1234,96332;1710,387333;Optimal;0,851221114;12,91288188;15,16983268;"RSI Cross SMA Down: Prev: RSI=61.40 vs SMA=60.14, Curr: RSI=59.16 vs SMA=59.71; RSI Entry Zone: RSI_SMA=60.14 > 60.0; Position Delay: Delay >= 12 candles";;"RSI Above 50: RSI=62.62 >= 50; SMA Not Increasing: SMA: 69.41 -> 69.08; No SMA Downtrend: SMA changes: ['-0.331', '0.051', '-0.068']";RSI-SMA Difference: RSI-SMA=-6.46 >= 2.0;RSI-SMA різниця -6.46 < 2.0;5m cross, 15m rejected
ETH/USDT;Long;open;31.07.2025 11:55;31.07.2025 12:05;39,05848434;35,26962304;3,788861294;38,07073521;49,31230819;-11,24157298;-14,00916413;3838,48;3838,48;Excellent;100.0%;194;50;125;-5;10;18;-4;87,78280543;Low;0,940313606;1388,26721;1476,387453;Optimal;1,093563001;10,6570895;9,74529084;"RSI Cross SMA Up: Prev: RSI=29.85 vs SMA=36.03, Curr: RSI=39.06 vs SMA=35.27; RSI Entry Zone: RSI_SMA=36.03 < 40.0; Position Delay: Delay >= 12 candles";;"SMA-RSI Difference: SMA-RSI=11.24 >= 2.0; RSI Below 50: RSI=38.07 <= 50; SMA Not Falling: SMA: 50.94 -> 49.31; No SMA Uptrend: SMA changes: ['-1.632', '-1.557', '-1.576']";;;5m cross, 15m confirmed
ETH/USDT;Long;open;31.07.2025 12:35;31.07.2025 12:45;42,74446757;38,02472918;4,719738383;33,59650488;45,13500456;-11,53849968;-8,300783746;3833,17;3833,17;Excellent;100.0%;194;50;125;-5;10;18;-4;87,78280543;Low;1,05187658;1486,90073;1413,569574;Optimal;1,181775644;11,86977246;10,04401514;"RSI Cross SMA Up: Prev: RSI=36.73 vs SMA=37.18, Curr: RSI=42.74 vs SMA=38.02; RSI Entry Zone: RSI_SMA=37.18 < 40.0; Position Delay: Delay >= 12 candles";;"SMA-RSI Difference: SMA-RSI=11.54 >= 2.0; RSI Below 50: RSI=33.60 <= 50; SMA Not Falling: SMA: 46.51 -> 45.14; No SMA Uptrend: SMA changes: ['-1.378', '-0.935', '-1.865']";;;5m cross, 15m confirmed
ETH/USDT;Long;open;31.07.2025 13:35;31.07.2025 13:45;40,52293152;37,01601227;3,506919248;26,51916821;38,67768383;-12,15851562;-13,06153694;3807,87;3807,87;Excellent;100.0%;207;50;125;8;6;18;0;93,66515837;High;2,113721455;3407,17312;1611,930991;High;1,326931279;14,98555475;11,29339174;"RSI Cross SMA Up: Prev: RSI=25.37 vs SMA=37.59, Curr: RSI=40.52 vs SMA=37.02; RSI Entry Zone: RSI_SMA=37.59 < 40.0; Position Delay: Delay >= 12 candles";;"SMA-RSI Difference: SMA-RSI=12.16 >= 2.0; RSI Below 50: RSI=26.52 <= 50; SMA Not Falling: SMA: 40.63 -> 38.68; No SMA Uptrend: SMA changes: ['-1.952', '-1.973', '-1.511']";;;5m cross, 15m confirmed
ETH/USDT;Long;open;31.07.2025 14:45;31.07.2025 14:55;37,28628646;36,68138674;0,604899717;22,03052206;31,50844236;-9,477920301;-9,808778802;3781,26;3781,26;Excellent;100.0%;196;50;125;3;10;8;0;88,68778281;Normal;1,733604009;3464,3573;1998,355612;Optimal;1,243540719;17,08905069;13,74225261;"RSI Cross SMA Up: Prev: RSI=31.25 vs SMA=36.91, Curr: RSI=37.29 vs SMA=36.68; RSI Entry Zone: RSI_SMA=36.91 < 40.0; Position Delay: Delay >= 12 candles";;"SMA-RSI Difference: SMA-RSI=9.48 >= 2.0; RSI Below 50: RSI=22.03 <= 50; SMA Not Falling: SMA: 32.55 -> 31.51; No SMA Uptrend: SMA changes: ['-1.042', '-1.407', '-1.744']";;;5m cross, 15m confirmed
ETH/USDT;Long;open;31.07.2025 15:00;31.07.2025 15:10;36,08725152;35,47190508;0,615346441;26,34741757;30,81575354;-4,46833597;-7,766050999;3774,02;3774,02;Excellent;100.0%;196;50;125;3;10;8;0;88,68778281;Normal;1,220768502;2520,34522;2064,556233;Optimal;1,205566413;17,13983278;14,21724477;"RSI Cross SMA Up: Prev: RSI=31.79 vs SMA=36.17, Curr: RSI=36.09 vs SMA=35.47; RSI Entry Zone: RSI_SMA=36.17 < 40.0; Position Delay: Delay >= 12 candles";;"SMA-RSI Difference: SMA-RSI=4.47 >= 2.0; RSI Below 50: RSI=26.35 <= 50; SMA Not Falling: SMA: 31.51 -> 30.82; No SMA Uptrend: SMA changes: ['-0.693', '-1.042', '-1.407']";;;5m cross, 15m confirmed
ETH/USDT;Long;skip;31.07.2025 20:15;31.07.2025 20:25;41,25438044;32,72435453;8,530025908;35,45754165;37,05917091;-1,601629259;-6,299241276;3740,48;3740,48;Excellent;100.0%;151;50;90;-5;10;10;-4;75,12437811;Low;0,877991679;2611,2928;2974,165773;Optimal;1,050073617;21,03762507;20,03442876;"RSI Cross SMA Up: Prev: RSI=29.94 vs SMA=32.78, Curr: RSI=41.25 vs SMA=32.72; RSI Entry Zone: RSI_SMA=32.78 < 40.0; Position Delay: Delay >= 12 candles";;"RSI Below 50: RSI=35.46 <= 50; SMA Not Falling: SMA: 37.89 -> 37.06; No SMA Uptrend: SMA changes: ['-0.829', '-1.523', '-0.736']";SMA-RSI Difference: SMA-RSI=1.60 >= 2.0;SMA-RSI diff 1.60 < 2.0;5m cross, 15m rejected
ETH/USDT;Long;open;31.07.2025 22:50;31.07.2025 23:00;38,93319497;37,74356425;1,189630717;29,63474723;34,12306048;-4,488313247;-3,859403057;3711,05;3711,05;Excellent;100.0%;184;50;125;-5;10;8;-4;83,25791855;Low;0,451936256;1305,49753;2888,676253;Optimal;0,984125103;20,24764985;20,57426418;"RSI Cross SMA Up: Prev: RSI=33.75 vs SMA=38.52, Curr: RSI=38.93 vs SMA=37.74; RSI Entry Zone: RSI_SMA=38.52 < 40.0; Position Delay: Delay >= 12 candles";;"SMA-RSI Difference: SMA-RSI=4.49 >= 2.0; RSI Below 50: RSI=29.63 <= 50; SMA Not Falling: SMA: 34.55 -> 34.12; No SMA Uptrend: SMA changes: ['-0.429', '-0.442', '-0.648']";;;5m cross, 15m confirmed
ETH/USDT;Long;skip;01.08.2025 0:15;01.08.2025 0:25;44,05926843;38,25918949;5,800078949;37,8492689;34,25172173;3,597547172;-2,732182088;3691,54;3691,54;Excellent;100.0%;177;50;90;3;10;24;0;88,05970149;Normal;1,229665143;3297,79531;2681,864513;Optimal;1,112442797;23,02246173;20,69541174;"RSI Cross SMA Up: Prev: RSI=23.13 vs SMA=38.26, Curr: RSI=44.06 vs SMA=38.26; RSI Entry Zone: RSI_SMA=38.26 < 40.0; Position Delay: Delay >= 12 candles";;"RSI Below 50: RSI=37.85 <= 50; SMA Not Falling: SMA: 33.98 -> 34.25; No SMA Uptrend: SMA changes: ['0.269', '-0.700', '-0.207']";SMA-RSI Difference: SMA-RSI=-3.60 >= 2.0;SMA-RSI diff -3.60 < 2.0;5m cross, 15m rejected
ETH/USDT;Long;skip;01.08.2025 0:55;01.08.2025 1:05;46,48395471;38,50452171;7,979432998;38,10868083;33,79686846;4,311812369;2,445569002;3681,76;3681,76;Excellent;100.0%;180;50;90;12;10;18;0;89,55223881;Very High;3,529325693;10335,49443;2928,461505;Optimal;1,241703856;26,51671445;21,35510356;"RSI Cross SMA Up: Prev: RSI=37.28 vs SMA=37.92, Curr: RSI=46.48 vs SMA=38.50; RSI Entry Zone: RSI_SMA=37.92 < 40.0; Position Delay: Delay >= 12 candles";;"RSI Below 50: RSI=38.11 <= 50; SMA Not Falling: SMA: 34.08 -> 33.80; No SMA Uptrend: SMA changes: ['-0.282', '-0.173', '0.269']";SMA-RSI Difference: SMA-RSI=-4.31 >= 2.0;SMA-RSI diff -4.31 < 2.0;5m cross, 15m rejected
ETH/USDT;Long;skip;01.08.2025 1:15;01.08.2025 1:25;40,54481351;40,37870456;0,166108951;41,69196939;33,71117683;7,980792558;4,099575655;3660,55;3660,55;Excellent;100.0%;155;50;90;-5;10;14;-4;77,11442786;Low;0,882137574;2517,46703;2853,825872;Optimal;1,273339333;28,60777929;22,46673653;"RSI Cross SMA Up: Prev: RSI=38.90 vs SMA=39.77, Curr: RSI=40.54 vs SMA=40.38; RSI Entry Zone: RSI_SMA=39.77 < 40.0; Position Delay: Delay >= 12 candles";;"RSI Below 50: RSI=41.69 <= 50; SMA Not Falling: SMA: 33.29 -> 33.71; No SMA Uptrend: SMA changes: ['0.424', '-0.510', '-0.282']";SMA-RSI Difference: SMA-RSI=-7.98 >= 2.0;SMA-RSI diff -7.98 < 2.0;5m cross, 15m rejected
ETH/USDT;Long;skip;01.08.2025 6:50;01.08.2025 7:00;44,10243847;37,61837075;6,484067715;39,31933825;40,99673288;-1,677394626;-7,017828612;3663,75;3663,75;Excellent;100.0%;163;50;90;3;10;10;0;81,09452736;Normal;1,421517187;3472,80009;2443,023639;Optimal;0,97968822;20,74895122;21,17913719;"RSI Cross SMA Up: Prev: RSI=34.35 vs SMA=37.28, Curr: RSI=44.10 vs SMA=37.62; RSI Entry Zone: RSI_SMA=37.28 < 40.0; Position Delay: Delay >= 12 candles";;"RSI Below 50: RSI=39.32 <= 50; SMA Not Falling: SMA: 41.94 -> 41.00; No SMA Uptrend: SMA changes: ['-0.945', '-1.239', '-1.211']";SMA-RSI Difference: SMA-RSI=1.68 >= 2.0;SMA-RSI diff 1.68 < 2.0;5m cross, 15m rejected
ETH/USDT;Long;open;01.08.2025 7:15;01.08.2025 7:25;37,81742725;36,67729726;1,140129993;31,48251315;38,75401193;-7,271498777;-4,838285361;3649,27;3649,27;Excellent;100.0%;201;50;125;8;10;8;0;90,95022624;High;1,837484865;4752,07112;2586,182455;Optimal;1,031980883;21,68904467;21,01690547;"RSI Cross SMA Up: Prev: RSI=33.36 vs SMA=37.24, Curr: RSI=37.82 vs SMA=36.68; RSI Entry Zone: RSI_SMA=37.24 < 40.0; Position Delay: Delay >= 12 candles";;"SMA-RSI Difference: SMA-RSI=7.27 >= 2.0; RSI Below 50: RSI=31.48 <= 50; SMA Not Falling: SMA: 39.90 -> 38.75; No SMA Uptrend: SMA changes: ['-1.143', '-1.099', '-0.945']";;;5m cross, 15m confirmed
ETH/USDT;Long;open;01.08.2025 7:40;01.08.2025 7:50;38,17976995;34,91352836;3,266241594;34,52486662;38,22590896;-3,701042341;-5,512834599;3638,7;3638,7;Excellent;100.0%;206;50;125;3;10;18;0;93,21266968;Normal;1,311168777;3489,84685;2661,630532;Optimal;1,023112288;21,39482719;20,91151426;"RSI Cross SMA Up: Prev: RSI=28.53 vs SMA=34.68, Curr: RSI=38.18 vs SMA=34.91; RSI Entry Zone: RSI_SMA=34.68 < 40.0; Position Delay: Delay >= 12 candles";;"SMA-RSI Difference: SMA-RSI=3.70 >= 2.0; RSI Below 50: RSI=34.52 <= 50; SMA Not Falling: SMA: 38.75 -> 38.23; No SMA Uptrend: SMA changes: ['-0.528', '-1.143', '-1.099']";;;5m cross, 15m confirmed
ETH/USDT;Long;open;01.08.2025 8:15;01.08.2025 8:25;37,788658;35,42145317;2,367204833;29,65156705;36,38344518;-6,731878134;-3,557585334;3622,05;3622,05;Excellent;100.0%;196;50;125;3;10;8;0;88,68778281;Normal;1,668181677;5644,27497;3383,489369;Optimal;1,110727594;23,48699174;21,14559131;"RSI Cross SMA Up: Prev: RSI=32.19 vs SMA=35.37, Curr: RSI=37.79 vs SMA=35.42; RSI Entry Zone: RSI_SMA=35.37 < 40.0; Position Delay: Delay >= 12 candles";;"SMA-RSI Difference: SMA-RSI=6.73 >= 2.0; RSI Below 50: RSI=29.65 <= 50; SMA Not Falling: SMA: 37.20 -> 36.38; No SMA Uptrend: SMA changes: ['-0.816', '-0.821', '-0.206']";;;5m cross, 15m confirmed
ETH/USDT;Long;skip;01.08.2025 8:35;01.08.2025 8:45;39,64205982;35,82325646;3,818803362;34,99542788;35,69443953;-0,699011648;-4,469316787;3615,07;3615,07;Excellent;100.0%;168;50;90;8;10;10;0;83,58208955;High;1,813659232;6608,84899;3643,93094;Optimal;1,142900234;24,48434948;21,42299805;"RSI Cross SMA Up: Prev: RSI=34.90 vs SMA=35.15, Curr: RSI=39.64 vs SMA=35.82; RSI Entry Zone: RSI_SMA=35.15 < 40.0; Position Delay: Delay >= 12 candles";;"RSI Below 50: RSI=35.00 <= 50; SMA Not Falling: SMA: 36.38 -> 35.69; No SMA Uptrend: SMA changes: ['-0.689', '-0.816', '-0.821']";SMA-RSI Difference: SMA-RSI=0.70 >= 2.0;SMA-RSI diff 0.70 < 2.0;5m cross, 15m rejected
ETH/USDT;Long;skip;01.08.2025 9:00;01.08.2025 9:10;51,34510772;38,74584886;12,59925886;40,63001119;35,17044381;5,459567381;0,910960839;3633,14;3633,14;Excellent;100.0%;165;50;90;-5;10;24;-4;82,08955224;Low;1,145701899;4205,3068;3670,506965;Optimal;1,107741687;24,30012786;21,93663753;"RSI Cross SMA Up: Prev: RSI=37.62 vs SMA=37.74, Curr: RSI=51.35 vs SMA=38.75; RSI Entry Zone: RSI_SMA=37.74 < 40.0; Position Delay: Delay >= 12 candles";;"RSI Below 50: RSI=40.63 <= 50; SMA Not Falling: SMA: 35.13 -> 35.17; No SMA Uptrend: SMA changes: ['0.036', '-0.560', '-0.689']";SMA-RSI Difference: SMA-RSI=-5.46 >= 2.0;SMA-RSI diff -5.46 < 2.0;5m cross, 15m rejected
ETH/USDT;Short;open;01.08.2025 12:55;01.08.2025 13:05;60,62849719;63,77797599;-3,149478802;56,44224214;46,41096478;10,03127736;9,947853012;3663,04;3663,04;Excellent;100.0%;194;50;125;-5;10;18;-4;87,78280543;Low;0,800442169;2540,05037;3173,30904;Optimal;1,005844573;21,00880454;20,88673052;"RSI Cross SMA Down: Prev: RSI=68.08 vs SMA=63.73, Curr: RSI=60.63 vs SMA=63.78; RSI Entry Zone: RSI_SMA=63.73 > 60.0; Position Delay: Delay >= 12 candles";;"RSI-SMA Difference: RSI-SMA=10.03 >= 2.0; RSI Above 50: RSI=56.44 >= 50; SMA Not Increasing: SMA: 45.50 -> 46.41; No SMA Downtrend: SMA changes: ['0.913', '1.293', '1.262']";;;5m cross, 15m confirmed
ETH/USDT;Long;open;01.08.2025 17:45;01.08.2025 17:55;38,28004635;37,9132425;0,36680385;37,63414141;43,00047583;-5,36633442;-5,752352804;3573,17;3573,17;Excellent;100.0%;184;50;125;-5;10;8;-4;83,25791855;Low;0,397329346;1339,39772;3371,001241;Optimal;0,971974373;26,30061859;27,058963;"RSI Cross SMA Up: Prev: RSI=37.31 vs SMA=38.18, Curr: RSI=38.28 vs SMA=37.91; RSI Entry Zone: RSI_SMA=38.18 < 40.0; Position Delay: Delay >= 12 candles";;"SMA-RSI Difference: SMA-RSI=5.37 >= 2.0; RSI Below 50: RSI=37.63 <= 50; SMA Not Falling: SMA: 44.07 -> 43.00; No SMA Uptrend: SMA changes: ['-1.066', '-0.396', '0.155']";;;5m cross, 15m confirmed
ETH/USDT;Long;open;01.08.2025 18:05;01.08.2025 18:15;38,46466717;36,57323342;1,891433752;35,8911661;42,21196365;-6,320797549;-6,097979365;3563,22;3563,22;Excellent;100.0%;196;50;125;3;10;8;0;88,68778281;Normal;1,620921718;5808,98147;3583,752013;Optimal;0,985234865;26,58486012;26,98327176;"RSI Cross SMA Up: Prev: RSI=29.85 vs SMA=36.36, Curr: RSI=38.46 vs SMA=36.57; RSI Entry Zone: RSI_SMA=36.36 < 40.0; Position Delay: Delay >= 12 candles";;"SMA-RSI Difference: SMA-RSI=6.32 >= 2.0; RSI Below 50: RSI=35.89 <= 50; SMA Not Falling: SMA: 43.00 -> 42.21; No SMA Uptrend: SMA changes: ['-0.789', '-1.066', '-0.396']";;;5m cross, 15m confirmed
ETH/USDT;Long;open;01.08.2025 18:20;01.08.2025 18:30;37,24038704;37,09257575;0,147811292;37,60715768;41,4557652;-3,848607522;-5,17857983;3552,19;3552,19;Excellent;100.0%;196;50;125;3;10;8;0;88,68778281;Normal;1,645643111;6282,78283;3817,828294;Optimal;1,029296741;27,83237011;27,04018092;"RSI Cross SMA Up: Prev: RSI=31.79 vs SMA=36.89, Curr: RSI=37.24 vs SMA=37.09; RSI Entry Zone: RSI_SMA=36.89 < 40.0; Position Delay: Delay >= 12 candles";;"SMA-RSI Difference: SMA-RSI=3.85 >= 2.0; RSI Below 50: RSI=37.61 <= 50; SMA Not Falling: SMA: 42.21 -> 41.46; No SMA Uptrend: SMA changes: ['-0.756', '-0.789', '-1.066']";;;5m cross, 15m confirmed
ETH/USDT;Long;skip;01.08.2025 20:25;01.08.2025 20:35;42,76823371;36,34991473;6,418318982;34,72160545;34,52748258;0,194122868;-5,4069694;3524,4;3524,4;Excellent;100.0%;151;50;90;-5;10;10;-4;75,12437811;Low;0,962351847;3318,84029;3448,676594;Optimal;1,028768136;28,02564059;27,24194073;"RSI Cross SMA Up: Prev: RSI=36.00 vs SMA=36.46, Curr: RSI=42.77 vs SMA=36.35; RSI Entry Zone: RSI_SMA=36.46 < 40.0; Position Delay: Delay >= 12 candles";;"RSI Below 50: RSI=34.72 <= 50; SMA Not Falling: SMA: 34.88 -> 34.53; No SMA Uptrend: SMA changes: ['-0.354', '-1.355', '-1.427']";SMA-RSI Difference: SMA-RSI=-0.19 >= 2.0;SMA-RSI diff -0.19 < 2.0;5m cross, 15m rejected
ETH/USDT;Long;open;01.08.2025 23:05;01.08.2025 23:15;40,68372834;33,0265158;7,657212539;30,94767236;34,40585357;-3,458181208;-7,277342868;3475,88;3475,88;Excellent;100.0%;200;50;125;-5;10;24;-4;90,49773756;Low;0,673221663;2285,45198;3394,798633;Optimal;1,071205069;28,52818298;26,63185958;"RSI Cross SMA Up: Prev: RSI=28.37 vs SMA=33.54, Curr: RSI=40.68 vs SMA=33.03; RSI Entry Zone: RSI_SMA=33.54 < 40.0; Position Delay: Delay >= 12 candles";;"SMA-RSI Difference: SMA-RSI=3.46 >= 2.0; RSI Below 50: RSI=30.95 <= 50; SMA Not Falling: SMA: 34.31 -> 34.41; No SMA Uptrend: SMA changes: ['0.094', '-0.457', '-0.727']";;;5m cross, 15m confirmed
ETH/USDT;Short;open;02.08.2025 3:15;02.08.2025 3:25;61,12079182;61,25301854;-0,132226721;54,66171735;47,84845195;6,813265404;7,854073378;3527,48;3527,48;Excellent;100.0%;184;50;125;-5;10;8;-4;83,25791855;Low;0,262139783;639,95007;2441,255056;Optimal;0,779329629;16,88057322;21,66037656;"RSI Cross SMA Down: Prev: RSI=63.56 vs SMA=61.40, Curr: RSI=61.12 vs SMA=61.25; RSI Entry Zone: RSI_SMA=61.40 > 60.0; Position Delay: Delay >= 12 candles";;"RSI-SMA Difference: RSI-SMA=6.81 >= 2.0; RSI Above 50: RSI=54.66 >= 50; SMA Not Increasing: SMA: 46.50 -> 47.85; No SMA Downtrend: SMA changes: ['1.353', '1.476', '1.414']";;;5m cross, 15m confirmed
ETH/USDT;Long;open;02.08.2025 6:45;02.08.2025 6:55;33,19655608;30,24440031;2,952155771;35,67835106;47,14697356;-11,4686225;-17,6077703;3476,25;3476,25;Excellent;100.0%;201;50;125;8;10;8;0;90,95022624;High;2,208216269;3347,99049;1516,151537;Optimal;1,0694924;15,60798868;14,59382851;"RSI Cross SMA Up: Prev: RSI=27.30 vs SMA=31.16, Curr: RSI=33.20 vs SMA=30.24; RSI Entry Zone: RSI_SMA=31.16 < 40.0; Position Delay: Delay >= 12 candles";;"SMA-RSI Difference: SMA-RSI=11.47 >= 2.0; RSI Below 50: RSI=35.68 <= 50; SMA Not Falling: SMA: 48.50 -> 47.15; No SMA Uptrend: SMA changes: ['-1.356', '-1.835', '-1.792']";;;5m cross, 15m confirmed
ETH/USDT;Long;skip;02.08.2025 16:35;02.08.2025 16:45;33,49354535;31,81582586;1,677719484;42,30270869;42,17974294;0,122965749;-7,917167738;3446,78;3446,78;Excellent;100.0%;158;50;90;8;10;0;0;78,60696517;High;2,020895387;3298,11163;1632,005126;Optimal;1,149186107;18,48132717;16,08210111;"RSI Cross SMA Up: Prev: RSI=26.19 vs SMA=32.56, Curr: RSI=33.49 vs SMA=31.82; RSI Entry Zone: RSI_SMA=32.56 < 40.0; Position Delay: Delay >= 12 candles";;"RSI Below 50: RSI=42.30 <= 50; SMA Not Falling: SMA: 42.78 -> 42.18; No SMA Uptrend: SMA changes: ['-0.601', '-1.615', '-1.232']";SMA-RSI Difference: SMA-RSI=-0.12 >= 2.0;SMA-RSI diff -0.12 < 2.0;5m cross, 15m rejected
ETH/USDT;Long;open;02.08.2025 18:55;02.08.2025 19:05;26,47719008;26,14270261;0,334487466;22,09335435;34,02426981;-11,93091546;-12,3814195;3383,44;3383,44;Excellent;100.0%;201;50;125;8;10;8;0;90,95022624;High;1,916302658;5322,75366;2777,616385;Optimal;1,120167378;20,90383953;18,6613536;"RSI Cross SMA Up: Prev: RSI=21.73 vs SMA=26.35, Curr: RSI=26.48 vs SMA=26.14; RSI Entry Zone: RSI_SMA=26.35 < 40.0; Position Delay: Delay >= 12 candles";;"SMA-RSI Difference: SMA-RSI=11.93 >= 2.0; RSI Below 50: RSI=22.09 <= 50; SMA Not Falling: SMA: 35.56 -> 34.02; No SMA Uptrend: SMA changes: ['-1.534', '-1.325', '-1.161']";;;5m cross, 15m confirmed
ETH/USDT;Long;skip;02.08.2025 20:00;02.08.2025 20:10;43,02423654;41,04023132;1,984005222;39,56873892;33,9318841;5,63685482;2,611120673;3393,32;3393,32;Excellent;100.0%;149;50;90;-5;10;8;-4;74,12935323;Low;0,469131307;1515,06225;3229,505745;Optimal;1,111309786;22,69407708;20,42101794;"RSI Cross SMA Up: Prev: RSI=37.50 vs SMA=39.52, Curr: RSI=43.02 vs SMA=41.04; RSI Entry Zone: RSI_SMA=39.52 < 40.0; Position Delay: Delay >= 12 candles";;"RSI Below 50: RSI=39.57 <= 50; SMA Not Falling: SMA: 34.13 -> 33.93; No SMA Uptrend: SMA changes: ['-0.195', '0.081', '0.424']";SMA-RSI Difference: SMA-RSI=-5.64 >= 2.0;SMA-RSI diff -5.64 < 2.0;5m cross, 15m rejected
ETH/USDT;Short;open;03.08.2025 3:15;03.08.2025 3:25;64,06597482;65,03836527;-0,972390453;59,59412423;52,45052936;7,143594865;7,694620066;3441,65;3441,65;Excellent;100.0%;184;50;125;-5;10;8;-4;83,25791855;Low;0,667049766;1078,68326;1617,095627;Optimal;0,810044689;18,51782598;22,86025233;"RSI Cross SMA Down: Prev: RSI=66.64 vs SMA=64.91, Curr: RSI=64.07 vs SMA=65.04; RSI Entry Zone: RSI_SMA=64.91 > 60.0; Position Delay: Delay >= 12 candles";;"RSI-SMA Difference: RSI-SMA=7.14 >= 2.0; RSI Above 50: RSI=59.59 >= 50; SMA Not Increasing: SMA: 51.33 -> 52.45; No SMA Downtrend: SMA changes: ['1.119', '0.806', '1.616']";;;5m cross, 15m confirmed
ETH/USDT;Long;open;27.08.2025 19:30;27.08.2025 19:40;39,8948648;35,66887439;4,225990406;41,54744016;48,11129367;-6,563853504;-12,80653224;4575,34;4575,34;Excellent;100.0%;194;50;125;-5;10;18;-4;87,78280543;Low;1,123813123;2480,53756;2207,250929;Optimal;1,036471919;27,56226084;26,59238551;"RSI Cross SMA Up: Prev: RSI=29.86 vs SMA=36.54, Curr: RSI=39.89 vs SMA=35.67; RSI Entry Zone: RSI_SMA=36.54 < 40.0; Position Delay: Delay >= 12 candles";;"SMA-RSI Difference: SMA-RSI=6.56 >= 2.0; RSI Below 50: RSI=41.55 <= 50; SMA Not Falling: SMA: 49.17 -> 48.11; No SMA Uptrend: SMA changes: ['-1.055', '-1.866', '-1.914']";;;5m cross, 15m confirmed
ETH/USDT;Long;open;27.08.2025 20:10;27.08.2025 20:20;39,56892185;34,20586594;5,363055912;38,80999316;46,26812464;-7,458131486;-7,175528977;4561,06;4561,06;Excellent;100.0%;206;50;125;3;10;18;0;93,21266968;Normal;1,756500507;3927,72538;2236,10831;Optimal;1,057604015;27,91103103;26,39081418;"RSI Cross SMA Up: Prev: RSI=31.73 vs SMA=33.97, Curr: RSI=39.57 vs SMA=34.21; RSI Entry Zone: RSI_SMA=33.97 < 40.0; Position Delay: Delay >= 12 candles";;"SMA-RSI Difference: SMA-RSI=7.46 >= 2.0; RSI Below 50: RSI=38.81 <= 50; SMA Not Falling: SMA: 47.15 -> 46.27; No SMA Uptrend: SMA changes: ['-0.884', '-0.959', '-1.055']";;;5m cross, 15m confirmed
ETH/USDT;Long;open;27.08.2025 22:20;27.08.2025 22:30;36,35551098;35,8790425;0,476468481;31,75292328;39,10810238;-7,355179108;-8,390716374;4512,5;4512,5;Excellent;100.0%;184;50;125;-5;10;8;-4;83,25791855;Low;0,555620566;1516,03843;2728,549884;Optimal;1,047462381;32,28512076;30,82222461;"RSI Cross SMA Up: Prev: RSI=34.71 vs SMA=36.71, Curr: RSI=36.36 vs SMA=35.88; RSI Entry Zone: RSI_SMA=36.71 < 40.0; Position Delay: Delay >= 12 candles";;"SMA-RSI Difference: SMA-RSI=7.36 >= 2.0; RSI Below 50: RSI=31.75 <= 50; SMA Not Falling: SMA: 39.80 -> 39.11; No SMA Uptrend: SMA changes: ['-0.695', '-1.256', '-1.160']";;;5m cross, 15m confirmed
ETH/USDT;Long;skip;28.08.2025 0:40;28.08.2025 0:50;44,75600411;40,17890436;4,577099752;35,94985598;36,48088009;-0,531024116;0,581317918;4494,11;4494,11;Excellent;100.0%;151;50;90;-5;10;10;-4;75,12437811;Low;0,748898661;1863,40279;2488,190841;Optimal;0,96928118;30,15383465;31,10948119;"RSI Cross SMA Up: Prev: RSI=38.43 vs SMA=39.99, Curr: RSI=44.76 vs SMA=40.18; RSI Entry Zone: RSI_SMA=39.99 < 40.0; Position Delay: Delay >= 12 candles";;"RSI Below 50: RSI=35.95 <= 50; SMA Not Falling: SMA: 37.08 -> 36.48; No SMA Uptrend: SMA changes: ['-0.599', '-0.859', '-0.549']";SMA-RSI Difference: SMA-RSI=0.53 >= 2.0;SMA-RSI diff 0.53 < 2.0;5m cross, 15m rejected
ETH/USDT;Short;open;28.08.2025 4:00;28.08.2025 4:10;56,80778706;61,29179945;-4,484012385;58,07792128;46,73517459;11,3427467;10,7793659;4535,74;4535,74;Excellent;100.0%;194;50;125;-5;10;18;-4;87,78280543;Low;0,98705463;1429,75188;1448,503292;Optimal;0,844496995;21,50151;25,46073003;"RSI Cross SMA Down: Prev: RSI=63.22 vs SMA=60.85, Curr: RSI=56.81 vs SMA=61.29; RSI Entry Zone: RSI_SMA=60.85 > 60.0; Position Delay: Delay >= 12 candles";;"RSI-SMA Difference: RSI-SMA=11.34 >= 2.0; RSI Above 50: RSI=58.08 >= 50; SMA Not Increasing: SMA: 45.15 -> 46.74; No SMA Downtrend: SMA changes: ['1.581', '1.288', '1.049']";;;5m cross, 15m confirmed
ETH/USDT;Short;open;28.08.2025 4:20;28.08.2025 4:30;62,91222803;64,0945411;-1,182313071;58,72950264;48,36709461;10,36240803;10,40136369;4549,46;4549,46;Excellent;100.0%;196;50;125;3;10;8;0;88,68778281;Normal;1,52065606;2189,15528;1439,612374;Optimal;0,833979775;20,66211643;24,77532074;"RSI Cross SMA Down: Prev: RSI=67.84 vs SMA=64.02, Curr: RSI=62.91 vs SMA=64.09; RSI Entry Zone: RSI_SMA=64.02 > 60.0; Position Delay: Delay >= 12 candles";;"RSI-SMA Difference: RSI-SMA=10.36 >= 2.0; RSI Above 50: RSI=58.73 >= 50; SMA Not Increasing: SMA: 46.74 -> 48.37; No SMA Downtrend: SMA changes: ['1.632', '1.581', '1.288']";;;5m cross, 15m confirmed
ETH/USDT;Short;open;28.08.2025 5:10;28.08.2025 5:20;65,29672047;69,12292174;-3,826201271;65,63431282;53,41582681;12,21848601;12,36411431;4575,48;4575,48;Excellent;100.0%;194;50;125;-5;10;18;-4;87,78280543;Low;1,094969359;1594,26438;1455,989948;Optimal;0,889256839;20,51575794;23,07067772;"RSI Cross SMA Down: Prev: RSI=74.48 vs SMA=68.52, Curr: RSI=65.30 vs SMA=69.12; RSI Entry Zone: RSI_SMA=68.52 > 60.0; Position Delay: Delay >= 12 candles";;"RSI-SMA Difference: RSI-SMA=12.22 >= 2.0; RSI Above 50: RSI=65.63 >= 50; SMA Not Increasing: SMA: 51.78 -> 53.42; No SMA Downtrend: SMA changes: ['1.637', '1.813', '1.599']";;;5m cross, 15m confirmed
ETH/USDT;Short;skip;28.08.2025 8:20;28.08.2025 8:30;59,344906;60,69040685;-1,34550085;62,49210443;61,90028457;0,591819856;5,309273864;4603,04;4603,04;Excellent;100.0%;147;50;90;-5;10;6;-4;73,13432836;Low;1,046768705;1823,63993;1742,161303;Optimal;1,029347435;20,05126199;19,4795861;"RSI Cross SMA Down: Prev: RSI=68.46 vs SMA=60.62, Curr: RSI=59.34 vs SMA=60.69; RSI Entry Zone: RSI_SMA=60.62 > 60.0; Position Delay: Delay >= 12 candles";;"RSI Above 50: RSI=62.49 >= 50; SMA Not Increasing: SMA: 62.03 -> 61.90; No SMA Downtrend: SMA changes: ['-0.129', '0.700', '0.560']";RSI-SMA Difference: RSI-SMA=0.59 >= 2.0;RSI-SMA різниця 0.59 < 2.0;5m cross, 15m rejected
ETH/USDT;Short;skip;28.08.2025 8:35;28.08.2025 8:45;58,86954993;61,96511921;-3,095569279;63,21206035;61,72726654;1,484793813;4,056559242;4605,21;4605,21;Excellent;100.0%;157;50;90;-5;10;16;-4;78,10945274;Low;0,609680604;1043,75568;1711,971273;Optimal;1,015906084;19,73260042;19,42364627;"RSI Cross SMA Down: Prev: RSI=61.77 vs SMA=61.59, Curr: RSI=58.87 vs SMA=61.97; RSI Entry Zone: RSI_SMA=61.59 > 60.0; Position Delay: Delay >= 12 candles";;"RSI Above 50: RSI=63.21 >= 50; SMA Not Increasing: SMA: 61.90 -> 61.73; No SMA Downtrend: SMA changes: ['-0.173', '-0.129', '0.700']";RSI-SMA Difference: RSI-SMA=1.48 >= 2.0;RSI-SMA різниця 1.48 < 2.0;5m cross, 15m rejected
