pair;direction;rsi;signal_time;entry_time_str;exit_time_str;entry_price;exit_price;pnl_percent;hold_time;dynamic_sl;status;exit_reason;filter_info;filtered_out
BTCUSDT;Short;57.23385783325465;29.07.2025 13:35;29.07.2025 13:35;0;118924,8;0;0;0;0;Filtered;Filtered;Weak Entry Signal;1
BTCUSDT;Long;40.17215330433493;29.07.2025 14:40;29.07.2025 14:40;0;118268,9;0;0;0;0;Filtered;Filtered;Weak Entry Signal;1
BTCUSDT;Long;33.012215926489745;29.07.2025 15:10;29.07.2025 15:10;0;117785,4;0;0;0;0;Filtered;Filtered;Weak Entry Signal;1
BTCUSDT;Long;31.56144080520191;29.07.2025 15:45;29.07.2025 15:45;0;117542,5;0;0;0;0;Filtered;Filtered;Weak Entry Signal;1
BTCUSDT;Long;32.49883126609858;29.07.2025 16:05;29.07.2025 16:05;29.07.2025 17:50;117463,7;117707,7;0,207723748;1,75;113939,789;Profit;Reverse Signal (Short);;0
BTCUSDT;Long;43.80017556857453;29.07.2025 16:40;29.07.2025 16:40;29.07.2025 17:50;117460,4;117707,7;0,210539041;1,166666667;113936,588;Profit;Reverse Signal (Short);;0
BTCUSDT;Short;51.95441109615769;29.07.2025 23:40;29.07.2025 23:40;0;117754,6;0;0;0;0;Filtered;Filtered;Weak Entry Signal;1
BTCUSDT;Long;47.23175862852897;30.07.2025 12:20;30.07.2025 12:20;0;117796,2;0;0;0;0;Filtered;Filtered;Weak Entry Signal;1
BTCUSDT;Short;61.37989763251988;30.07.2025 15:05;30.07.2025 15:05;0;118357,9;0;0;0;0;Filtered;Filtered;Weak Entry Signal;1
BTCUSDT;Long;32.61602984555128;30.07.2025 19:25;30.07.2025 19:25;30.07.2025 20:50;116451,3;117059,7;0,522450157;1,416666667;112957,761;Profit;Reverse Signal (Short);;0
BTCUSDT;Short;61.88642015454175;30.07.2025 23:20;30.07.2025 23:20;0;117500,4;0;0;0;0;Filtered;Filtered;Weak Entry Signal;1
BTCUSDT;Short;71.9345173187611;31.07.2025 0:50;31.07.2025 0:50;0;118312,2;0;0;0;0;Filtered;Filtered;Secondary TF Filter: Recent bull cross at RSI_SMA=46.39;1
BTCUSDT;Long;39.592249769690376;31.07.2025 18:20;31.07.2025 18:20;0;117722,6;0;0;0;0;Filtered;Filtered;Weak Entry Signal;1
BTCUSDT;Long;32.23691831381355;31.07.2025 20:15;31.07.2025 20:15;0;116822,3;0;0;0;0;Filtered;Filtered;Secondary TF Filter: Downtrend: avg_sma_change=-1.08, no_rsi_extreme=True;1
BTCUSDT;Long;38.51159460334777;31.07.2025 22:40;31.07.2025 22:40;0;116212;0;0;0;0;Filtered;Filtered;Weak Entry Signal;1
BTCUSDT;Long;38.31837476782482;01.08.2025 0:00;01.08.2025 0:00;0;115763,3;0;0;0;0;Filtered;Filtered;Weak Entry Signal;1
BTCUSDT;Long;38.95915447927324;01.08.2025 7:15;01.08.2025 7:15;0;115112,9;0;0;0;0;Filtered;Filtered;Weak Entry Signal;1
BTCUSDT;Long;32.14637237608052;01.08.2025 7:40;01.08.2025 7:40;0;114756,9;0;0;0;0;Filtered;Filtered;Weak Entry Signal;1
BTCUSDT;Long;36.06920007420175;01.08.2025 8:35;01.08.2025 8:35;0;114478,8;0;0;0;0;Filtered;Filtered;Weak Entry Signal;1
BTCUSDT;Short;63.464209652632206;01.08.2025 12:55;01.08.2025 12:55;0;115722,3;0;0;0;0;Filtered;Filtered;Weak Entry Signal;1
BTCUSDT;Short;62.65467640732981;01.08.2025 13:10;01.08.2025 13:10;0;115770,7;0;0;0;0;Filtered;Filtered;Weak Entry Signal;1
BTCUSDT;Long;38.58871442381861;01.08.2025 18:25;01.08.2025 18:25;0;114153,6;0;0;0;0;Filtered;Filtered;Weak Entry Signal;1
BTCUSDT;Long;37.70904818650688;01.08.2025 19:05;01.08.2025 19:05;0;113885,2;0;0;0;0;Filtered;Filtered;Weak Entry Signal;1
BTCUSDT;Long;42.15467502972655;01.08.2025 19:30;01.08.2025 19:30;0;113763,8;0;0;0;0;Filtered;Filtered;Weak Entry Signal;1
BTCUSDT;Long;39.01174211375042;01.08.2025 19:45;01.08.2025 19:45;0;113448,9;0;0;0;0;Filtered;Filtered;Weak Entry Signal;1
BTCUSDT;Short;61.19713360672427;02.08.2025 4:05;02.08.2025 4:05;0;113893,3;0;0;0;0;Filtered;Filtered;Weak Entry Signal;1
BTCUSDT;Long;39.2707246875231;02.08.2025 6:45;02.08.2025 6:45;0;113668,5;0;0;0;0;Filtered;Filtered;Weak Entry Signal;1
BTCUSDT;Long;36.30697835311462;02.08.2025 18:40;02.08.2025 18:40;0;112513,7;0;0;0;0;Filtered;Filtered;Weak Entry Signal;1
BTCUSDT;Long;33.21160521312382;02.08.2025 18:55;02.08.2025 18:55;0;112340,7;0;0;0;0;Filtered;Filtered;Weak Entry Signal;1
BTCUSDT;Short;65.08680290972201;03.08.2025 3:10;03.08.2025 3:10;0;113469,4;0;0;0;0;Filtered;Filtered;Weak Entry Signal;1
BTCUSDT;Short;62.30451385667639;03.08.2025 3:55;03.08.2025 3:55;0;113607,8;0;0;0;0;Filtered;Filtered;Weak Entry Signal;1
BTCUSDT;Short;60.10838859238596;03.08.2025 11:25;03.08.2025 11:25;0;114008,7;0;0;0;0;Filtered;Filtered;Weak Entry Signal;1
BTCUSDT;Short;55.16459940938808;03.08.2025 19:40;03.08.2025 19:40;0;114415,9;0;0;0;0;Filtered;Filtered;Weak Entry Signal;1
BTCUSDT;Short;58.24965754893574;04.08.2025 1:15;04.08.2025 1:15;0;114660,4;0;0;0;0;Filtered;Filtered;Weak Entry Signal;1
BTCUSDT;Short;63.013205446523;04.08.2025 1:35;04.08.2025 1:35;0;114818,2;0;0;0;0;Filtered;Filtered;Weak Entry Signal;1
BTCUSDT;Long;38.20517184306305;04.08.2025 5:35;04.08.2025 5:35;0;114296,9;0;0;0;0;Filtered;Filtered;Weak Entry Signal;1
BTCUSDT;Long;42.281825510340724;04.08.2025 6:25;04.08.2025 6:25;0;114259;0;0;0;0;Filtered;Filtered;Weak Entry Signal;1
BTCUSDT;Short;61.92808836995144;04.08.2025 7:55;04.08.2025 7:55;0;114676,2;0;0;0;0;Filtered;Filtered;Weak Entry Signal;1
BTCUSDT;Short;59.37177599663215;04.08.2025 14:35;04.08.2025 14:35;0;115116,9;0;0;0;0;Filtered;Filtered;Weak Entry Signal;1
BTCUSDT;Long;40.44330142156635;04.08.2025 20:05;04.08.2025 20:05;0;114789,9;0;0;0;0;Filtered;Filtered;Weak Entry Signal;1
BTCUSDT;Long;43.575409109292806;04.08.2025 20:20;04.08.2025 20:20;0;114782,5;0;0;0;0;Filtered;Filtered;Weak Entry Signal;1
BTCUSDT;Long;40.288017875232896;05.08.2025 0:55;05.08.2025 0:55;0;114891,3;0;0;0;0;Filtered;Filtered;Weak Entry Signal;1
BTCUSDT;Long;47.034793306153965;05.08.2025 2:45;05.08.2025 2:45;0;114765,6;0;0;0;0;Filtered;Filtered;Weak Entry Signal;1
BTCUSDT;Short;60.17026032603839;05.08.2025 10:00;05.08.2025 10:00;0;114624,9;0;0;0;0;Filtered;Filtered;Weak Entry Signal;1
BTCUSDT;Short;61.05227240925966;05.08.2025 10:45;05.08.2025 10:45;0;114871,8;0;0;0;0;Filtered;Filtered;Weak Entry Signal;1
BTCUSDT;Long;37.948393525855444;05.08.2025 13:10;05.08.2025 13:10;0;114045,1;0;0;0;0;Filtered;Filtered;Weak Entry Signal;1
BTCUSDT;Long;32.39178405650358;05.08.2025 14:55;05.08.2025 14:55;0;113032,2;0;0;0;0;Filtered;Filtered;Weak Entry Signal;1
BTCUSDT;Long;36.37298527410006;05.08.2025 15:50;05.08.2025 15:50;0;112872,3;0;0;0;0;Filtered;Filtered;Weak Entry Signal;1
BTCUSDT;Short;62.311068705142375;05.08.2025 23:55;05.08.2025 23:55;0;114123;0;0;0;0;Filtered;Filtered;Weak Entry Signal;1
BTCUSDT;Short;55.609342946219044;06.08.2025 6:00;06.08.2025 6:00;0;113988,8;0;0;0;0;Filtered;Filtered;Weak Entry Signal;1
BTCUSDT;Short;65.21558271346265;06.08.2025 15:45;06.08.2025 15:45;0;115136,8;0;0;0;0;Filtered;Filtered;Weak Entry Signal;1
BTCUSDT;Short;68.09260123389339;06.08.2025 16:05;06.08.2025 16:05;0;115368;0;0;0;0;Filtered;Filtered;Weak Entry Signal;1
BTCUSDT;Long;36.17606865069855;07.08.2025 3:25;07.08.2025 3:25;0;114519,3;0;0;0;0;Filtered;Filtered;Weak Entry Signal;1
BTCUSDT;Short;59.700599987953716;07.08.2025 7:30;07.08.2025 7:30;0;114791;0;0;0;0;Filtered;Filtered;Weak Entry Signal;1
BTCUSDT;Short;63.46866911270678;07.08.2025 8:30;07.08.2025 8:30;0;115038,4;0;0;0;0;Filtered;Filtered;Weak Entry Signal;1
BTCUSDT;Short;70.27624219349559;07.08.2025 11:30;07.08.2025 11:30;0;116543,2;0;0;0;0;Filtered;Filtered;Secondary TF Filter: Recent bull cross at RSI_SMA=50.76;1
BTCUSDT;Short;67.4163743705621;07.08.2025 20:10;07.08.2025 20:10;0;117290,4;0;0;0;0;Filtered;Filtered;Weak Entry Signal;1
BTCUSDT;Short;69.01264768460902;07.08.2025 20:25;07.08.2025 20:25;0;117412,6;0;0;0;0;Filtered;Filtered;Secondary TF Filter: Uptrend: avg_sma_change=2.02, no_rsi_extreme=True;1
BTCUSDT;Long;43.79841417894845;08.08.2025 6:10;08.08.2025 6:10;0;116571,4;0;0;0;0;Filtered;Filtered;Weak Entry Signal;1
BTCUSDT;Long;42.544042104107525;08.08.2025 15:55;08.08.2025 15:55;0;116201,8;0;0;0;0;Filtered;Filtered;Weak Entry Signal;1
BTCUSDT;Short;52.85685190866382;08.08.2025 18:25;08.08.2025 18:25;0;116595,6;0;0;0;0;Filtered;Filtered;Weak Entry Signal;1
BTCUSDT;Short;61.72814007361147;08.08.2025 21:35;08.08.2025 21:35;0;116848,4;0;0;0;0;Filtered;Filtered;Weak Entry Signal;1
BTCUSDT;Short;63.03553483005369;08.08.2025 21:55;08.08.2025 21:55;0;116926;0;0;0;0;Filtered;Filtered;Weak Entry Signal;1
BTCUSDT;Short;60.71593941663576;08.08.2025 22:15;08.08.2025 22:15;0;116914,8;0;0;0;0;Filtered;Filtered;Weak Entry Signal;1
BTCUSDT;Short;58.01442843181896;08.08.2025 22:30;08.08.2025 22:30;0;116901,3;0;0;0;0;Filtered;Filtered;Weak Entry Signal;1
BTCUSDT;Long;44.30073513735397;09.08.2025 1:05;09.08.2025 1:05;0;116640,3;0;0;0;0;Filtered;Filtered;Weak Entry Signal;1
BTCUSDT;Long;40.61581720916009;09.08.2025 1:30;09.08.2025 1:30;0;116567,5;0;0;0;0;Filtered;Filtered;Weak Entry Signal;1
BTCUSDT;Long;45.09673752166381;09.08.2025 3:10;09.08.2025 3:10;0;116447,5;0;0;0;0;Filtered;Filtered;Weak Entry Signal;1
BTCUSDT;Short;61.29203900981816;09.08.2025 9:40;09.08.2025 9:40;0;117271,9;0;0;0;0;Filtered;Filtered;Weak Entry Signal;1
BTCUSDT;Short;82.64525611521957;10.08.2025 3:40;10.08.2025 3:40;0;118213,4;0;0;0;0;Filtered;Filtered;Secondary TF Filter: Recent bull cross at RSI_SMA=47.01;1
BTCUSDT;Short;56.82042119142333;10.08.2025 23:10;10.08.2025 23:10;0;118944,6;0;0;0;0;Filtered;Filtered;Weak Entry Signal;1
BTCUSDT;Short;60.03505478180538;11.08.2025 0:00;11.08.2025 0:00;0;119194,3;0;0;0;0;Filtered;Filtered;Weak Entry Signal;1
BTCUSDT;Short;79.37588743441549;11.08.2025 3:00;11.08.2025 3:00;0;121748;0;0;0;0;Filtered;Filtered;Secondary TF Filter: Recent bull cross at RSI_SMA=65.69;1
BTCUSDT;Long;42.63244196570564;11.08.2025 9:40;11.08.2025 9:40;0;121422,9;0;0;0;0;Filtered;Filtered;Weak Entry Signal;1
BTCUSDT;Long;41.256550827499055;11.08.2025 10:10;11.08.2025 10:10;0;121293,7;0;0;0;0;Filtered;Filtered;Weak Entry Signal;1
BTCUSDT;Long;42.32481986060689;11.08.2025 10:55;11.08.2025 10:55;0;121176;0;0;0;0;Filtered;Filtered;Weak Entry Signal;1
BTCUSDT;Long;34.97212233395601;11.08.2025 11:40;11.08.2025 11:40;0;120675,6;0;0;0;0;Filtered;Filtered;Weak Entry Signal;1
BTCUSDT;Long;35.65518161166359;11.08.2025 11:55;11.08.2025 11:55;0;120546,6;0;0;0;0;Filtered;Filtered;Weak Entry Signal;1
BTCUSDT;Long;32.4874488563071;11.08.2025 12:30;11.08.2025 12:30;0;120229,5;0;0;0;0;Filtered;Filtered;Weak Entry Signal;1
BTCUSDT;Long;27.679127369368047;11.08.2025 13:05;11.08.2025 13:05;0;119619,5;0;0;0;0;Filtered;Filtered;Secondary TF Filter: Recent bear cross at RSI_SMA=73.82;1
BTCUSDT;Long;38.5777405755015;11.08.2025 18:10;11.08.2025 18:10;0;119502,3;0;0;0;0;Filtered;Filtered;Weak Entry Signal;1
BTCUSDT;Long;35.35293402043585;11.08.2025 20:20;11.08.2025 20:20;0;118787,8;0;0;0;0;Filtered;Filtered;Weak Entry Signal;1
BTCUSDT;Long;47.14779719396548;12.08.2025 10:20;12.08.2025 10:20;0;118559,7;0;0;0;0;Filtered;Filtered;Weak Entry Signal;1
BTCUSDT;Short;61.03512082390908;12.08.2025 15:40;12.08.2025 15:40;0;119677,3;0;0;0;0;Filtered;Filtered;Weak Entry Signal;1
BTCUSDT;Short;63.59077633064037;12.08.2025 16:05;12.08.2025 16:05;0;119892,2;0;0;0;0;Filtered;Filtered;Weak Entry Signal;1
BTCUSDT;Long;37.703578652431;13.08.2025 1:50;13.08.2025 1:50;0;119490,3;0;0;0;0;Filtered;Filtered;Weak Entry Signal;1
BTCUSDT;Long;34.08688900989928;13.08.2025 2:25;13.08.2025 2:25;0;119273,2;0;0;0;0;Filtered;Filtered;Weak Entry Signal;1
BTCUSDT;Short;66.58582233897492;13.08.2025 9:15;13.08.2025 9:15;0;120045,8;0;0;0;0;Filtered;Filtered;Secondary TF Filter: Recent bull cross at RSI_SMA=56.89;1
BTCUSDT;Short;65.5312878033338;13.08.2025 11:15;13.08.2025 11:15;0;120506,1;0;0;0;0;Filtered;Filtered;Secondary TF Filter: Recent bull cross at RSI_SMA=56.89;1
BTCUSDT;Short;59.74517746213789;13.08.2025 14:20;13.08.2025 14:20;0;121519,2;0;0;0;0;Filtered;Filtered;Weak Entry Signal;1
BTCUSDT;Short;60.20254829871105;13.08.2025 20:00;13.08.2025 20:00;0;122457,4;0;0;0;0;Filtered;Filtered;Weak Entry Signal;1
BTCUSDT;Short;64.28098257106157;13.08.2025 20:15;13.08.2025 20:15;0;122745,1;0;0;0;0;Filtered;Filtered;Weak Entry Signal;1
BTCUSDT;Long;30.784038513011453;14.08.2025 6:30;14.08.2025 6:30;0;121791,5;0;0;0;0;Filtered;Filtered;Secondary TF Filter: Recent bear cross at RSI_SMA=70.27;1
BTCUSDT;Long;36.373468389602216;14.08.2025 13:05;14.08.2025 13:05;0;118940,1;0;0;0;0;Filtered;Filtered;Weak Entry Signal;1
BTCUSDT;Long;35.575508234629226;14.08.2025 13:30;14.08.2025 13:30;0;118405,5;0;0;0;0;Filtered;Filtered;Weak Entry Signal;1
BTCUSDT;Short;57.76945563073339;14.08.2025 23:50;14.08.2025 23:50;0;118412,1;0;0;0;0;Filtered;Filtered;Weak Entry Signal;1
BTCUSDT;Short;58.161383044337846;15.08.2025 2:30;15.08.2025 2:30;0;118681,9;0;0;0;0;Filtered;Filtered;Weak Entry Signal;1
BTCUSDT;Short;59.84302499890438;15.08.2025 2:45;15.08.2025 2:45;0;118772,7;0;0;0;0;Filtered;Filtered;Weak Entry Signal;1
BTCUSDT;Short;59.250779868904814;15.08.2025 3:15;15.08.2025 3:15;0;118825,1;0;0;0;0;Filtered;Filtered;Weak Entry Signal;1
BTCUSDT;Short;58.93143914548213;15.08.2025 3:45;15.08.2025 3:45;0;118929,8;0;0;0;0;Filtered;Filtered;Weak Entry Signal;1
BTCUSDT;Long;35.91989338490991;15.08.2025 14:00;15.08.2025 14:00;0;118067,9;0;0;0;0;Filtered;Filtered;Weak Entry Signal;1
BTCUSDT;Long;35.92759816711232;15.08.2025 15:10;15.08.2025 15:10;0;117353,7;0;0;0;0;Filtered;Filtered;Weak Entry Signal;1
BTCUSDT;Long;38.93236401844217;15.08.2025 15:30;15.08.2025 15:30;0;117263;0;0;0;0;Filtered;Filtered;Weak Entry Signal;1
BTCUSDT;Short;59.79572666926094;16.08.2025 1:15;16.08.2025 1:15;0;117674,4;0;0;0;0;Filtered;Filtered;Weak Entry Signal;1
BTCUSDT;Short;64.10134918886625;16.08.2025 1:55;16.08.2025 1:55;0;117820,6;0;0;0;0;Filtered;Filtered;Weak Entry Signal;1
BTCUSDT;Long;44.55362210663596;16.08.2025 10:45;16.08.2025 10:45;0;117392,6;0;0;0;0;Filtered;Filtered;Weak Entry Signal;1
BTCUSDT;Short;59.56456907739271;16.08.2025 13:20;16.08.2025 13:20;0;117705;0;0;0;0;Filtered;Filtered;Weak Entry Signal;1
BTCUSDT;Long;41.90198633920398;16.08.2025 22:15;16.08.2025 22:15;0;117460,7;0;0;0;0;Filtered;Filtered;Weak Entry Signal;1
BTCUSDT;Short;61.42092881649909;17.08.2025 3:55;17.08.2025 3:55;0;117683,4;0;0;0;0;Filtered;Filtered;Weak Entry Signal;1
BTCUSDT;Short;62.57887388326221;17.08.2025 4:10;17.08.2025 4:10;0;117717,8;0;0;0;0;Filtered;Filtered;Weak Entry Signal;1
BTCUSDT;Short;65.7391475722948;17.08.2025 4:35;17.08.2025 4:35;0;117775,9;0;0;0;0;Filtered;Filtered;Weak Entry Signal;1
BTCUSDT;Short;68.4229287634187;17.08.2025 5:25;17.08.2025 5:25;0;118131,8;0;0;0;0;Filtered;Filtered;Secondary TF Filter: Recent bull cross at RSI_SMA=52.63;1
BTCUSDT;Short;59.232323899485806;17.08.2025 9:30;17.08.2025 9:30;0;118289,5;0;0;0;0;Filtered;Filtered;Weak Entry Signal;1
BTCUSDT;Long;36.66930429207297;17.08.2025 17:20;17.08.2025 17:20;0;117807,5;0;0;0;0;Filtered;Filtered;Weak Entry Signal;1
BTCUSDT;Long;41.425428822187236;18.08.2025 0:05;18.08.2025 0:05;0;117533,9;0;0;0;0;Filtered;Filtered;Weak Entry Signal;1
BTCUSDT;Long;38.79880878740433;18.08.2025 0:20;18.08.2025 0:20;0;117413,8;0;0;0;0;Filtered;Filtered;Weak Entry Signal;1
BTCUSDT;Long;36.38924204878113;18.08.2025 0:35;18.08.2025 0:35;0;117238,7;0;0;0;0;Filtered;Filtered;Weak Entry Signal;1
BTCUSDT;Long;32.11993380360714;18.08.2025 2:35;18.08.2025 2:35;0;116083;0;0;0;0;Filtered;Filtered;Secondary TF Filter: Downtrend: avg_sma_change=-2.86, no_rsi_extreme=True;1
BTCUSDT;Long;34.683839618606726;18.08.2025 3:50;18.08.2025 3:50;0;115333,7;0;0;0;0;Filtered;Filtered;Secondary TF Filter: Downtrend: avg_sma_change=-3.22, no_rsi_extreme=True;1
BTCUSDT;Short;63.80188318762327;18.08.2025 13:35;18.08.2025 13:35;0;115606,8;0;0;0;0;Filtered;Filtered;Weak Entry Signal;1
BTCUSDT;Short;61.38571949635043;18.08.2025 16:20;18.08.2025 16:20;0;116057,8;0;0;0;0;Filtered;Filtered;Weak Entry Signal;1
BTCUSDT;Short;59.35232328875079;18.08.2025 17:45;18.08.2025 17:45;0;116430,1;0;0;0;0;Filtered;Filtered;Weak Entry Signal;1
BTCUSDT;Long;39.141500391239276;18.08.2025 23:50;18.08.2025 23:50;0;116248,3;0;0;0;0;Filtered;Filtered;Weak Entry Signal;1
BTCUSDT;Long;36.94001427293975;19.08.2025 0:35;19.08.2025 0:35;0;116059,7;0;0;0;0;Filtered;Filtered;Weak Entry Signal;1
BTCUSDT;Long;40.97840237213496;19.08.2025 2:25;19.08.2025 2:25;0;115820;0;0;0;0;Filtered;Filtered;Weak Entry Signal;1
BTCUSDT;Long;40.50438899729243;19.08.2025 3:15;19.08.2025 3:15;0;115667,4;0;0;0;0;Filtered;Filtered;Weak Entry Signal;1
BTCUSDT;Long;29.505930786650325;19.08.2025 4:10;19.08.2025 4:10;19.08.2025 09:55;114758,3;115322,1;0,49129344;5,75;111315,551;Profit;Reverse Signal (Short);;0
BTCUSDT;Short;56.318366637153375;19.08.2025 9:45;19.08.2025 9:45;0;115309,6;0;0;0;0;Filtered;Filtered;Weak Entry Signal;1
BTCUSDT;Short;57.949968090327815;19.08.2025 10:10;19.08.2025 10:10;0;115397,6;0;0;0;0;Filtered;Filtered;Weak Entry Signal;1
BTCUSDT;Short;54.19599511553155;19.08.2025 10:30;19.08.2025 10:30;0;115381,3;0;0;0;0;Filtered;Filtered;Weak Entry Signal;1
BTCUSDT;Long;29.939392205732176;19.08.2025 15:15;19.08.2025 15:15;0;113777,3;0;0;0;0;Filtered;Filtered;Secondary TF Filter: Downtrend: avg_sma_change=-2.07, no_rsi_extreme=True;1
BTCUSDT;Long;37.86110592438114;19.08.2025 16:15;19.08.2025 16:15;0;113755,4;0;0;0;0;Filtered;Filtered;Weak Entry Signal;1
BTCUSDT;Long;40.32227644638031;19.08.2025 18:50;19.08.2025 18:50;0;113131;0;0;0;0;Filtered;Filtered;Weak Entry Signal;1
BTCUSDT;Long;47.03835550452346;19.08.2025 23:30;19.08.2025 23:30;0;113107,2;0;0;0;0;Filtered;Filtered;Weak Entry Signal;1
BTCUSDT;Long;40.08235945529286;19.08.2025 23:55;19.08.2025 23:55;0;112871,8;0;0;0;0;Filtered;Filtered;Weak Entry Signal;1
BTCUSDT;Short;59.74649243798452;20.08.2025 3:35;20.08.2025 3:35;0;113539,9;0;0;0;0;Filtered;Filtered;Weak Entry Signal;1
BTCUSDT;Short;51.69465342310748;20.08.2025 4:35;20.08.2025 4:35;0;113525;0;0;0;0;Filtered;Filtered;Weak Entry Signal;1
BTCUSDT;Long;34.99212705333164;20.08.2025 14:10;20.08.2025 14:10;0;112705,1;0;0;0;0;Filtered;Filtered;Weak Entry Signal;1
BTCUSDT;Short;59.56702727181086;20.08.2025 15:35;20.08.2025 15:35;0;114025,4;0;0;0;0;Filtered;Filtered;Weak Entry Signal;1
BTCUSDT;Long;43.18665237533244;21.08.2025 5:15;21.08.2025 5:15;0;113803,7;0;0;0;0;Filtered;Filtered;Weak Entry Signal;1
BTCUSDT;Long;42.62630246022087;21.08.2025 10:05;21.08.2025 10:05;0;113435,6;0;0;0;0;Filtered;Filtered;Weak Entry Signal;1
BTCUSDT;Long;36.28438592263735;21.08.2025 17:30;21.08.2025 17:30;0;112336,3;0;0;0;0;Filtered;Filtered;Weak Entry Signal;1
BTCUSDT;Short;65.50251151049946;22.08.2025 2:40;22.08.2025 2:40;0;113298;0;0;0;0;Filtered;Filtered;Weak Entry Signal;1
BTCUSDT;Long;37.71907201236272;22.08.2025 11:00;22.08.2025 11:00;0;112609,4;0;0;0;0;Filtered;Filtered;Weak Entry Signal;1
BTCUSDT;Long;29.591787257769127;22.08.2025 11:40;22.08.2025 11:40;22.08.2025 15:10;112244,2;116635,8;3,912540693;3,5;108876,874;Profit;Reverse Signal (Short);;0
BTCUSDT;Short;75.21093669111534;22.08.2025 14:55;22.08.2025 14:55;0;115797,4;0;0;0;0;Filtered;Filtered;Secondary TF Filter: Uptrend: avg_sma_change=1.85, no_rsi_extreme=True;1
BTCUSDT;Short;79.47230343498526;22.08.2025 15:20;22.08.2025 15:20;0;116802,8;0;0;0;0;Filtered;Filtered;Secondary TF Filter: Uptrend: avg_sma_change=1.85, no_rsi_extreme=True;1
BTCUSDT;Short;69.16933020355953;22.08.2025 15:50;22.08.2025 15:50;0;116659;0;0;0;0;Filtered;Filtered;Secondary TF Filter: Uptrend: avg_sma_change=1.61, no_rsi_extreme=True;1
BTCUSDT;Long;30.90323233767485;23.08.2025 2:40;23.08.2025 2:40;0;115852,2;0;0;0;0;Filtered;Filtered;Weak Entry Signal;1
BTCUSDT;Long;35.98220325713123;23.08.2025 3:50;23.08.2025 3:50;0;115587,8;0;0;0;0;Filtered;Filtered;Weak Entry Signal;1
BTCUSDT;Long;41.82663754673837;23.08.2025 12:10;23.08.2025 12:10;0;115408,4;0;0;0;0;Filtered;Filtered;Weak Entry Signal;1
BTCUSDT;Long;40.339567473525804;23.08.2025 13:45;23.08.2025 13:45;0;115060,5;0;0;0;0;Filtered;Filtered;Weak Entry Signal;1
BTCUSDT;Long;37.10280626056063;24.08.2025 3:45;24.08.2025 3:45;0;115009,2;0;0;0;0;Filtered;Filtered;Weak Entry Signal;1
BTCUSDT;Long;34.972709413847184;24.08.2025 20:15;24.08.2025 20:15;0;112582,9;0;0;0;0;Filtered;Filtered;Weak Entry Signal;1
BTCUSDT;Long;37.32772702774424;25.08.2025 4:45;25.08.2025 4:45;0;112795,9;0;0;0;0;Filtered;Filtered;Weak Entry Signal;1
BTCUSDT;Long;36.07178495311653;25.08.2025 5:15;25.08.2025 5:15;0;112633,5;0;0;0;0;Filtered;Filtered;Weak Entry Signal;1
BTCUSDT;Long;35.13843607123465;25.08.2025 5:40;25.08.2025 5:40;0;112516,5;0;0;0;0;Filtered;Filtered;Weak Entry Signal;1
BTCUSDT;Long;33.531792436223256;25.08.2025 6:15;25.08.2025 6:15;0;112361,1;0;0;0;0;Filtered;Filtered;Weak Entry Signal;1
BTCUSDT;Long;30.627334948062582;25.08.2025 7:00;25.08.2025 7:00;25.08.2025 13:00;111990,6;111549,6;-0,39378305;6;108630,882;Loss;Reverse Signal (Short);;0
BTCUSDT;Long;31.57684240242645;25.08.2025 7:35;25.08.2025 7:35;25.08.2025 13:00;111772;111549,6;-0,198976488;5,416666667;108418,84;Loss;Reverse Signal (Short);;0
BTCUSDT;Long;31.80979083337904;25.08.2025 7:55;25.08.2025 7:55;0;111522,1;0;0;0;0;Filtered;Filtered;Weak Entry Signal;1
BTCUSDT;Long;42.578248184506826;25.08.2025 8:10;25.08.2025 8:10;0;111624,5;0;0;0;0;Filtered;Filtered;Weak Entry Signal;1
BTCUSDT;Short;60.92085827370322;25.08.2025 15:35;25.08.2025 15:35;0;112374,7;0;0;0;0;Filtered;Filtered;Weak Entry Signal;1
BTCUSDT;Short;55.909149176604025;25.08.2025 16:50;25.08.2025 16:50;0;112564,8;0;0;0;0;Filtered;Filtered;Weak Entry Signal;1
BTCUSDT;Long;31.370794561505548;25.08.2025 20:15;25.08.2025 20:15;0;110432,3;0;0;0;0;Filtered;Filtered;Weak Entry Signal;1
BTCUSDT;Long;34.49563078467462;25.08.2025 20:40;25.08.2025 20:40;25.08.2025 22:45;109944;110351,2;0,37037037;2,083333333;106645,68;Profit;Reverse Signal (Short);;0
BTCUSDT;Short;58.313666594149346;26.08.2025 5:50;26.08.2025 5:50;0;110252,2;0;0;0;0;Filtered;Filtered;Weak Entry Signal;1
BTCUSDT;Long;43.58253899418532;26.08.2025 11:55;26.08.2025 11:55;0;109878,1;0;0;0;0;Filtered;Filtered;Weak Entry Signal;1
BTCUSDT;Long;34.06770462384925;26.08.2025 12:10;26.08.2025 12:10;0;109632;0;0;0;0;Filtered;Filtered;Weak Entry Signal;1
BTCUSDT;Short;62.57332435902684;26.08.2025 19:00;26.08.2025 19:00;0;110609,9;0;0;0;0;Filtered;Filtered;Weak Entry Signal;1
BTCUSDT;Short;66.86074187728408;26.08.2025 19:30;26.08.2025 19:30;0;110981,5;0;0;0;0;Filtered;Filtered;Weak Entry Signal;1
BTCUSDT;Short;60.76832376354415;26.08.2025 20:00;26.08.2025 20:00;0;110976,2;0;0;0;0;Filtered;Filtered;Weak Entry Signal;1
BTCUSDT;Short;66.14785285763708;26.08.2025 20:15;26.08.2025 20:15;0;111225,4;0;0;0;0;Filtered;Filtered;Weak Entry Signal;1
BTCUSDT;Short;63.17283260035153;26.08.2025 20:35;26.08.2025 20:35;0;111224,8;0;0;0;0;Filtered;Filtered;Weak Entry Signal;1
BTCUSDT;Short;65.09380610823683;26.08.2025 20:55;26.08.2025 20:55;0;111325,7;0;0;0;0;Filtered;Filtered;Weak Entry Signal;1
BTCUSDT;Long;37.46630372532155;27.08.2025 1:45;27.08.2025 1:45;0;111212;0;0;0;0;Filtered;Filtered;Weak Entry Signal;1
BTCUSDT;Long;37.051391534268;27.08.2025 2:10;27.08.2025 2:10;0;111149,2;0;0;0;0;Filtered;Filtered;Weak Entry Signal;1
BTCUSDT;Long;31.045204802555773;27.08.2025 8:05;27.08.2025 8:05;0;110753,3;0;0;0;0;Filtered;Filtered;Weak Entry Signal;1
BTCUSDT;Long;29.30157953593006;27.08.2025 8:20;27.08.2025 8:20;27.08.2025 10:10;110680,1;111086,2;0,366913293;1,833333333;107359,697;Profit;Reverse Signal (Short);;0
BTCUSDT;Long;29.19907238992738;27.08.2025 8:35;27.08.2025 8:35;27.08.2025 10:10;110569,5;111086,2;0,467307892;1,583333333;107252,415;Profit;Reverse Signal (Short);;0
BTCUSDT;Short;56.44962929803695;27.08.2025 14:40;27.08.2025 14:40;0;111924,6;0;0;0;0;Filtered;Filtered;Weak Entry Signal;1
BTCUSDT;Short;62.45488499614012;27.08.2025 18:25;27.08.2025 18:25;0;112479,3;0;0;0;0;Filtered;Filtered;Weak Entry Signal;1
BTCUSDT;Long;39.03900387777199;27.08.2025 22:20;27.08.2025 22:20;0;111350,4;0;0;0;0;Filtered;Filtered;Weak Entry Signal;1
BTCUSDT;Short;73.85567567143757;28.08.2025 5:10;28.08.2025 5:10;0;112922,9;0;0;0;0;Filtered;Filtered;Secondary TF Filter: Recent bull cross at RSI_SMA=60.90;1
BTCUSDT;Short;60.833837382370895;28.08.2025 6:45;28.08.2025 6:45;0;112963,1;0;0;0;0;Filtered;Filtered;Weak Entry Signal;1
ETHUSDT;Long;34.13381710985678;29.07.2025 15:45;29.07.2025 15:45;29.07.2025 22:05;3767,4;3773,39;0,158995594;6,333333333;3654,378;Profit;Reverse Signal (Short);;0
ETHUSDT;Long;30.59450177908407;29.07.2025 16:25;29.07.2025 16:25;0;3747,25;0;0;0;0;Filtered;Filtered;Weak Entry Signal;1
ETHUSDT;Long;34.19069659495098;29.07.2025 16:40;29.07.2025 16:40;0;3737,51;0;0;0;0;Filtered;Filtered;Weak Entry Signal;1
ETHUSDT;Short;52.19744000002838;29.07.2025 23:40;29.07.2025 23:40;0;3785,96;0;0;0;0;Filtered;Filtered;Weak Entry Signal;1
ETHUSDT;Long;44.26778456299381;30.07.2025 10:00;30.07.2025 10:00;0;3794,96;0;0;0;0;Filtered;Filtered;Weak Entry Signal;1
ETHUSDT;Long;38.58050113909738;30.07.2025 11:55;30.07.2025 11:55;0;3758,34;0;0;0;0;Filtered;Filtered;Weak Entry Signal;1
ETHUSDT;Short;54.89432432491811;30.07.2025 15:05;30.07.2025 15:05;0;3793,69;0;0;0;0;Filtered;Filtered;Weak Entry Signal;1
ETHUSDT;Long;36.50060806697246;30.07.2025 19:30;30.07.2025 19:30;0;3725,71;0;0;0;0;Filtered;Filtered;Weak Entry Signal;1
ETHUSDT;Short;64.96881971169702;31.07.2025 0:00;31.07.2025 0:00;0;3803,97;0;0;0;0;Filtered;Filtered;Weak Entry Signal;1
ETHUSDT;Short;69.5904939691533;31.07.2025 1:05;31.07.2025 1:05;0;3837,82;0;0;0;0;Filtered;Filtered;Secondary TF Filter: Recent bull cross at RSI_SMA=45.84;1
ETHUSDT;Short;62.2170871705908;31.07.2025 3:15;31.07.2025 3:15;0;3858,75;0;0;0;0;Filtered;Filtered;Weak Entry Signal;1
ETHUSDT;Long;39.058484337976815;31.07.2025 11:55;31.07.2025 11:55;0;3838,48;0;0;0;0;Filtered;Filtered;Weak Entry Signal;1
ETHUSDT;Long;42.74446756514304;31.07.2025 12:35;31.07.2025 12:35;0;3833,17;0;0;0;0;Filtered;Filtered;Weak Entry Signal;1
ETHUSDT;Long;40.522931515657035;31.07.2025 13:35;31.07.2025 13:35;0;3807,87;0;0;0;0;Filtered;Filtered;Weak Entry Signal;1
ETHUSDT;Long;37.28628645979329;31.07.2025 14:45;31.07.2025 14:45;0;3781,26;0;0;0;0;Filtered;Filtered;Weak Entry Signal;1
ETHUSDT;Long;36.08725151775625;31.07.2025 15:00;31.07.2025 15:00;0;3774,02;0;0;0;0;Filtered;Filtered;Weak Entry Signal;1
ETHUSDT;Long;38.93319497073266;31.07.2025 22:50;31.07.2025 22:50;0;3711,05;0;0;0;0;Filtered;Filtered;Weak Entry Signal;1
ETHUSDT;Long;37.81742724967572;01.08.2025 7:15;01.08.2025 7:15;0;3649,27;0;0;0;0;Filtered;Filtered;Weak Entry Signal;1
ETHUSDT;Long;38.17976995463383;01.08.2025 7:40;01.08.2025 7:40;0;3638,7;0;0;0;0;Filtered;Filtered;Weak Entry Signal;1
ETHUSDT;Long;37.78865800159955;01.08.2025 8:15;01.08.2025 8:15;0;3622,05;0;0;0;0;Filtered;Filtered;Weak Entry Signal;1
ETHUSDT;Short;60.62849719216229;01.08.2025 12:55;01.08.2025 12:55;0;3663,04;0;0;0;0;Filtered;Filtered;Weak Entry Signal;1
ETHUSDT;Long;38.280046354098126;01.08.2025 17:45;01.08.2025 17:45;0;3573,17;0;0;0;0;Filtered;Filtered;Weak Entry Signal;1
ETHUSDT;Long;38.46466717078899;01.08.2025 18:05;01.08.2025 18:05;0;3563,22;0;0;0;0;Filtered;Filtered;Weak Entry Signal;1
ETHUSDT;Long;37.24038703909721;01.08.2025 18:20;01.08.2025 18:20;0;3552,19;0;0;0;0;Filtered;Filtered;Weak Entry Signal;1
ETHUSDT;Long;40.683728340954744;01.08.2025 23:05;01.08.2025 23:05;0;3475,88;0;0;0;0;Filtered;Filtered;Weak Entry Signal;1
ETHUSDT;Short;61.12079181982968;02.08.2025 3:15;02.08.2025 3:15;0;3527,48;0;0;0;0;Filtered;Filtered;Weak Entry Signal;1
ETHUSDT;Long;33.19655607669503;02.08.2025 6:45;02.08.2025 6:45;0;3476,25;0;0;0;0;Filtered;Filtered;Weak Entry Signal;1
ETHUSDT;Long;26.47719007802047;02.08.2025 18:55;02.08.2025 18:55;02.08.2025 21:20;3383,44;3414,31;0,912385028;2,416666667;3281,9368;Profit;Reverse Signal (Short);;0
ETHUSDT;Short;64.06597481580678;03.08.2025 3:15;03.08.2025 3:15;0;3441,65;0;0;0;0;Filtered;Filtered;Weak Entry Signal;1
ETHUSDT;Short;65.0869843896129;03.08.2025 3:50;03.08.2025 3:50;0;3448,22;0;0;0;0;Filtered;Filtered;Weak Entry Signal;1
ETHUSDT;Short;64.33292869880387;03.08.2025 11:25;03.08.2025 11:25;0;3498,14;0;0;0;0;Filtered;Filtered;Secondary TF Filter: Uptrend: avg_sma_change=2.39, no_rsi_extreme=True;1
ETHUSDT;Long;39.274616445199534;03.08.2025 15:15;03.08.2025 15:15;0;3466,12;0;0;0;0;Filtered;Filtered;Weak Entry Signal;1
ETHUSDT;Long;43.71408851548694;03.08.2025 15:35;03.08.2025 15:35;0;3465,94;0;0;0;0;Filtered;Filtered;Weak Entry Signal;1
ETHUSDT;Short;55.49712159970499;03.08.2025 19:40;03.08.2025 19:40;0;3500,55;0;0;0;0;Filtered;Filtered;Weak Entry Signal;1
ETHUSDT;Short;63.524092307889866;04.08.2025 1:15;04.08.2025 1:15;0;3536,27;0;0;0;0;Filtered;Filtered;Weak Entry Signal;1
ETHUSDT;Short;69.5657217355041;04.08.2025 1:35;04.08.2025 1:35;04.08.2025 05:45;3549,06;3528,06;0,591705973;4,166666667;3655,5318;Profit;Reverse Signal (Long);;0
ETHUSDT;Long;40.566885164025614;04.08.2025 5:50;04.08.2025 5:50;0;3532,09;0;0;0;0;Filtered;Filtered;Weak Entry Signal;1
ETHUSDT;Long;43.4530718220318;04.08.2025 6:25;04.08.2025 6:25;0;3530,5;0;0;0;0;Filtered;Filtered;Weak Entry Signal;1
ETHUSDT;Short;60.889749771553824;04.08.2025 8:20;04.08.2025 8:20;0;3557,13;0;0;0;0;Filtered;Filtered;Weak Entry Signal;1
ETHUSDT;Short;71.1063695596212;04.08.2025 14:35;04.08.2025 14:35;0;3644,78;0;0;0;0;Filtered;Filtered;Secondary TF Filter: Recent bull cross at RSI_SMA=67.29;1
ETHUSDT;Short;58.33871284786959;04.08.2025 21:20;04.08.2025 21:20;0;3707,1;0;0;0;0;Filtered;Filtered;Weak Entry Signal;1
ETHUSDT;Short;61.72325851746374;04.08.2025 22:15;04.08.2025 22:15;0;3725,47;0;0;0;0;Filtered;Filtered;Weak Entry Signal;1
ETHUSDT;Long;42.31386841274254;05.08.2025 1:20;05.08.2025 1:20;0;3697,91;0;0;0;0;Filtered;Filtered;Weak Entry Signal;1
ETHUSDT;Long;42.02250940286411;05.08.2025 2:45;05.08.2025 2:45;0;3680,93;0;0;0;0;Filtered;Filtered;Weak Entry Signal;1
ETHUSDT;Long;40.209408810226854;05.08.2025 4:45;05.08.2025 4:45;0;3650;0;0;0;0;Filtered;Filtered;Weak Entry Signal;1
ETHUSDT;Short;68.31369569945956;05.08.2025 10:45;05.08.2025 10:45;0;3683,51;0;0;0;0;Filtered;Filtered;Weak Entry Signal;1
ETHUSDT;Long;42.72940155493488;05.08.2025 13:15;05.08.2025 13:15;0;3635,1;0;0;0;0;Filtered;Filtered;Weak Entry Signal;1
ETHUSDT;Long;36.48160055229661;05.08.2025 14:55;05.08.2025 14:55;0;3578,03;0;0;0;0;Filtered;Filtered;Weak Entry Signal;1
ETHUSDT;Short;60.055541690033564;05.08.2025 23:50;05.08.2025 23:50;0;3611,65;0;0;0;0;Filtered;Filtered;Weak Entry Signal;1
ETHUSDT;Long;40.50202382872765;06.08.2025 1:35;06.08.2025 1:35;0;3574,5;0;0;0;0;Filtered;Filtered;Weak Entry Signal;1
ETHUSDT;Short;63.97539289892355;06.08.2025 5:50;06.08.2025 5:50;0;3635,51;0;0;0;0;Filtered;Filtered;Weak Entry Signal;1
ETHUSDT;Short;59.12709488353264;06.08.2025 6:50;06.08.2025 6:50;0;3636,55;0;0;0;0;Filtered;Filtered;Weak Entry Signal;1
ETHUSDT;Long;41.041632416892504;06.08.2025 13:10;06.08.2025 13:10;0;3592,86;0;0;0;0;Filtered;Filtered;Weak Entry Signal;1
ETHUSDT;Short;60.827970519287845;06.08.2025 16:10;06.08.2025 16:10;0;3650,77;0;0;0;0;Filtered;Filtered;Weak Entry Signal;1
ETHUSDT;Long;38.80919808363358;07.08.2025 3:30;07.08.2025 3:30;0;3655,98;0;0;0;0;Filtered;Filtered;Weak Entry Signal;1
ETHUSDT;Short;58.61998554166734;07.08.2025 6:25;07.08.2025 6:25;0;3688,33;0;0;0;0;Filtered;Filtered;Weak Entry Signal;1
ETHUSDT;Short;61.098494573326825;07.08.2025 6:50;07.08.2025 6:50;0;3698;0;0;0;0;Filtered;Filtered;Weak Entry Signal;1
ETHUSDT;Short;60.42162122299988;07.08.2025 7:25;07.08.2025 7:25;0;3704,05;0;0;0;0;Filtered;Filtered;Weak Entry Signal;1
ETHUSDT;Short;61.79867346911752;07.08.2025 8:35;07.08.2025 8:35;0;3718,76;0;0;0;0;Filtered;Filtered;Weak Entry Signal;1
ETHUSDT;Short;56.688276198056414;07.08.2025 9:45;07.08.2025 9:45;0;3723,81;0;0;0;0;Filtered;Filtered;Weak Entry Signal;1
ETHUSDT;Short;76.05015429103337;07.08.2025 11:00;07.08.2025 11:00;0;3818;0;0;0;0;Filtered;Filtered;Secondary TF Filter: Recent bull cross at RSI_SMA=62.56;1
ETHUSDT;Short;68.82011568089546;07.08.2025 11:55;07.08.2025 11:55;0;3826,9;0;0;0;0;Filtered;Filtered;Secondary TF Filter: Uptrend: avg_sma_change=0.94, no_rsi_extreme=True;1
ETHUSDT;Short;67.80614142870861;07.08.2025 12:20;07.08.2025 12:20;0;3831,56;0;0;0;0;Filtered;Filtered;Secondary TF Filter: Uptrend: avg_sma_change=0.94, no_rsi_extreme=True;1
ETHUSDT;Short;63.14694387414748;07.08.2025 12:45;07.08.2025 12:45;0;3834,83;0;0;0;0;Filtered;Filtered;Secondary TF Filter: Uptrend: avg_sma_change=1.12, no_rsi_extreme=True;1
ETHUSDT;Short;62.33052243671266;07.08.2025 20:00;07.08.2025 20:00;0;3856,24;0;0;0;0;Filtered;Filtered;Weak Entry Signal;1
ETHUSDT;Short;64.31380578013196;07.08.2025 20:40;07.08.2025 20:40;0;3865,74;0;0;0;0;Filtered;Filtered;Weak Entry Signal;1
ETHUSDT;Short;61.611195769710534;07.08.2025 21:05;07.08.2025 21:05;0;3868,35;0;0;0;0;Filtered;Filtered;Weak Entry Signal;1
ETHUSDT;Long;40.47796352818232;08.08.2025 9:30;08.08.2025 9:30;0;3891,99;0;0;0;0;Filtered;Filtered;Weak Entry Signal;1
ETHUSDT;Short;62.689402396469944;08.08.2025 14:10;08.08.2025 14:10;0;3967;0;0;0;0;Filtered;Filtered;Weak Entry Signal;1
ETHUSDT;Short;71.43320976495278;08.08.2025 18:25;08.08.2025 18:25;0;4047,33;0;0;0;0;Filtered;Filtered;Secondary TF Filter: Recent bull cross at RSI_SMA=62.27;1
ETHUSDT;Long;41.423755107205984;08.08.2025 23:20;08.08.2025 23:20;0;4025,48;0;0;0;0;Filtered;Filtered;Weak Entry Signal;1
ETHUSDT;Long;39.254938506121626;09.08.2025 0:10;09.08.2025 0:10;0;4012,6;0;0;0;0;Filtered;Filtered;Weak Entry Signal;1
ETHUSDT;Short;64.6763346820106;09.08.2025 4:50;09.08.2025 4:50;0;4076,2;0;0;0;0;Filtered;Filtered;Weak Entry Signal;1
ETHUSDT;Short;75.44200797294738;09.08.2025 5:35;09.08.2025 5:35;0;4178,1;0;0;0;0;Filtered;Filtered;Secondary TF Filter: Uptrend: avg_sma_change=0.87, no_rsi_extreme=True;1
ETHUSDT;Short;72.59250205983257;09.08.2025 5:50;09.08.2025 5:50;0;4181,34;0;0;0;0;Filtered;Filtered;Secondary TF Filter: Uptrend: avg_sma_change=0.87, no_rsi_extreme=True;1
ETHUSDT;Short;59.939615871256215;09.08.2025 18:55;09.08.2025 18:55;0;4242,59;0;0;0;0;Filtered;Filtered;Weak Entry Signal;1
ETHUSDT;Short;60.20933276663804;09.08.2025 19:15;09.08.2025 19:15;0;4246,13;0;0;0;0;Filtered;Filtered;Weak Entry Signal;1
ETHUSDT;Short;59.980590200539446;09.08.2025 19:30;09.08.2025 19:30;0;4248,7;0;0;0;0;Filtered;Filtered;Weak Entry Signal;1
ETHUSDT;Short;62.471914472279686;09.08.2025 19:55;09.08.2025 19:55;0;4258,86;0;0;0;0;Filtered;Filtered;Weak Entry Signal;1
ETHUSDT;Short;62.45324948592185;09.08.2025 20:30;09.08.2025 20:30;0;4268,7;0;0;0;0;Filtered;Filtered;Weak Entry Signal;1
ETHUSDT;Short;65.7042747730286;09.08.2025 20:45;09.08.2025 20:45;0;4277,91;0;0;0;0;Filtered;Filtered;Weak Entry Signal;1
ETHUSDT;Short;64.29817500424078;09.08.2025 21:00;09.08.2025 21:00;0;4283,91;0;0;0;0;Filtered;Filtered;Weak Entry Signal;1
ETHUSDT;Short;54.172331236986;10.08.2025 1:45;10.08.2025 1:45;0;4302,92;0;0;0;0;Filtered;Filtered;Weak Entry Signal;1
ETHUSDT;Long;37.32831595023959;10.08.2025 3:40;10.08.2025 3:40;0;4236,54;0;0;0;0;Filtered;Filtered;Weak Entry Signal;1
ETHUSDT;Long;40.989429770666575;10.08.2025 6:25;10.08.2025 6:25;0;4215,8;0;0;0;0;Filtered;Filtered;Weak Entry Signal;1
ETHUSDT;Long;44.14500993413015;10.08.2025 8:10;10.08.2025 8:10;0;4192;0;0;0;0;Filtered;Filtered;Weak Entry Signal;1
ETHUSDT;Short;61.00535881390855;10.08.2025 15:15;10.08.2025 15:15;0;4223,46;0;0;0;0;Filtered;Filtered;Weak Entry Signal;1
ETHUSDT;Short;58.11254869092806;10.08.2025 19:55;10.08.2025 19:55;0;4248,85;0;0;0;0;Filtered;Filtered;Weak Entry Signal;1
ETHUSDT;Short;57.873673987988305;11.08.2025 0:45;11.08.2025 0:45;0;4261,88;0;0;0;0;Filtered;Filtered;Weak Entry Signal;1
ETHUSDT;Short;64.35797302008837;11.08.2025 1:45;11.08.2025 1:45;0;4302,69;0;0;0;0;Filtered;Filtered;Weak Entry Signal;1
ETHUSDT;Short;63.68943251221758;11.08.2025 2:05;11.08.2025 2:05;0;4315,23;0;0;0;0;Filtered;Filtered;Weak Entry Signal;1
ETHUSDT;Long;41.68075222999055;11.08.2025 8:10;11.08.2025 8:10;0;4274,38;0;0;0;0;Filtered;Filtered;Weak Entry Signal;1
ETHUSDT;Long;41.9374415514975;11.08.2025 10:25;11.08.2025 10:25;0;4260,39;0;0;0;0;Filtered;Filtered;Weak Entry Signal;1
ETHUSDT;Long;28.749103596122126;11.08.2025 11:30;11.08.2025 11:30;11.08.2025 14:35;4207,6;4288,72;1,927939918;3,083333333;4081,372;Profit;Reverse Signal (Short);;0
ETHUSDT;Long;28.69009270673844;11.08.2025 12:00;11.08.2025 12:00;11.08.2025 14:35;4189,89;4288,72;2,358773142;2,583333333;4064,1933;Profit;Reverse Signal (Short);;0
ETHUSDT;Short;61.41572495116923;11.08.2025 14:20;11.08.2025 14:20;0;4270,92;0;0;0;0;Filtered;Filtered;Weak Entry Signal;1
ETHUSDT;Short;63.32777488345746;11.08.2025 14:35;11.08.2025 14:35;0;4288,72;0;0;0;0;Filtered;Filtered;Weak Entry Signal;1
ETHUSDT;Short;66.46747853975137;11.08.2025 16:20;11.08.2025 16:20;0;4343,24;0;0;0;0;Filtered;Filtered;Weak Entry Signal;1
ETHUSDT;Long;41.247551986673884;11.08.2025 20:35;11.08.2025 20:35;0;4251,06;0;0;0;0;Filtered;Filtered;Weak Entry Signal;1
ETHUSDT;Long;39.19880968262103;11.08.2025 21:55;11.08.2025 21:55;0;4219,7;0;0;0;0;Filtered;Filtered;Weak Entry Signal;1
ETHUSDT;Long;35.662766913328284;11.08.2025 22:10;11.08.2025 22:10;0;4205;0;0;0;0;Filtered;Filtered;Weak Entry Signal;1
ETHUSDT;Long;38.26008987968929;11.08.2025 22:25;11.08.2025 22:25;0;4204,18;0;0;0;0;Filtered;Filtered;Weak Entry Signal;1
ETHUSDT;Short;61.666717684112626;12.08.2025 1:30;12.08.2025 1:30;0;4275,16;0;0;0;0;Filtered;Filtered;Weak Entry Signal;1
ETHUSDT;Short;57.06995566427658;12.08.2025 2:55;12.08.2025 2:55;0;4291,92;0;0;0;0;Filtered;Filtered;Weak Entry Signal;1
ETHUSDT;Short;73.5157949565998;12.08.2025 13:30;12.08.2025 13:30;0;4418,17;0;0;0;0;Filtered;Filtered;Secondary TF Filter: Uptrend: avg_sma_change=1.33, no_rsi_extreme=True;1
ETHUSDT;Short;61.23667393430757;12.08.2025 15:10;12.08.2025 15:10;0;4417,5;0;0;0;0;Filtered;Filtered;Weak Entry Signal;1
ETHUSDT;Short;67.59562001878426;12.08.2025 16:10;12.08.2025 16:10;0;4467,02;0;0;0;0;Filtered;Filtered;Weak Entry Signal;1
ETHUSDT;Short;70.5054498140709;12.08.2025 21:00;12.08.2025 21:00;0;4608,3;0;0;0;0;Filtered;Filtered;Secondary TF Filter: Uptrend: avg_sma_change=1.66, no_rsi_extreme=True;1
ETHUSDT;Short;64.07676261308033;13.08.2025 4:25;13.08.2025 4:25;0;4660,93;0;0;0;0;Filtered;Filtered;Weak Entry Signal;1
ETHUSDT;Short;66.55386486178547;13.08.2025 4:40;13.08.2025 4:40;0;4671,76;0;0;0;0;Filtered;Filtered;Weak Entry Signal;1
ETHUSDT;Short;66.53472473355396;13.08.2025 10:20;13.08.2025 10:20;0;4692,74;0;0;0;0;Filtered;Filtered;Weak Entry Signal;1
ETHUSDT;Short;56.637275661774694;13.08.2025 17:30;13.08.2025 17:30;0;4714,78;0;0;0;0;Filtered;Filtered;Weak Entry Signal;1
ETHUSDT;Short;60.354212804894885;14.08.2025 3:50;14.08.2025 3:50;0;4767,01;0;0;0;0;Filtered;Filtered;Weak Entry Signal;1
ETHUSDT;Short;59.720878794489025;14.08.2025 4:10;14.08.2025 4:10;0;4771,99;0;0;0;0;Filtered;Filtered;Weak Entry Signal;1
ETHUSDT;Short;58.408557203508536;14.08.2025 4:25;14.08.2025 4:25;0;4774,8;0;0;0;0;Filtered;Filtered;Weak Entry Signal;1
ETHUSDT;Long;41.77738214803909;14.08.2025 11:35;14.08.2025 11:35;0;4705,35;0;0;0;0;Filtered;Filtered;Weak Entry Signal;1
ETHUSDT;Long;41.182000014828674;14.08.2025 13:10;14.08.2025 13:10;0;4583,82;0;0;0;0;Filtered;Filtered;Weak Entry Signal;1
ETHUSDT;Long;44.368816349206966;14.08.2025 16:50;14.08.2025 16:50;0;4564,6;0;0;0;0;Filtered;Filtered;Weak Entry Signal;1
ETHUSDT;Long;39.10870622103232;14.08.2025 17:10;14.08.2025 17:10;0;4534,7;0;0;0;0;Filtered;Filtered;Weak Entry Signal;1
ETHUSDT;Long;39.56081327315662;14.08.2025 22:05;14.08.2025 22:05;0;4476,39;0;0;0;0;Filtered;Filtered;Weak Entry Signal;1
ETHUSDT;Short;55.7347971069387;14.08.2025 23:50;14.08.2025 23:50;0;4549,85;0;0;0;0;Filtered;Filtered;Weak Entry Signal;1
ETHUSDT;Short;64.97315703898207;15.08.2025 2:50;15.08.2025 2:50;0;4627,11;0;0;0;0;Filtered;Filtered;Weak Entry Signal;1
ETHUSDT;Short;59.81398373275715;15.08.2025 3:40;15.08.2025 3:40;0;4634,54;0;0;0;0;Filtered;Filtered;Weak Entry Signal;1
ETHUSDT;Long;36.136434996302576;15.08.2025 14:05;15.08.2025 14:05;0;4565,41;0;0;0;0;Filtered;Filtered;Weak Entry Signal;1
ETHUSDT;Long;31.820509985161124;15.08.2025 14:30;15.08.2025 14:30;0;4544,58;0;0;0;0;Filtered;Filtered;Weak Entry Signal;1
ETHUSDT;Long;32.10549974804026;15.08.2025 15:30;15.08.2025 15:30;15.08.2025 21:10;4460,79;4405,77;-1,233413812;5,666666667;4326,9663;Loss;Reverse Signal (Short);;0
ETHUSDT;Long;37.20287587498255;15.08.2025 15:50;15.08.2025 15:50;15.08.2025 21:10;4445,57;4405,77;-0,895273272;5,333333333;4312,2029;Loss;Reverse Signal (Short);;0
ETHUSDT;Long;33.99380220612221;15.08.2025 16:20;15.08.2025 16:20;15.08.2025 21:10;4401,98;4405,77;0,08609762;4,833333333;4269,9206;Profit;Reverse Signal (Short);;0
ETHUSDT;Short;56.235623111394084;15.08.2025 23:05;15.08.2025 23:05;0;4446,5;0;0;0;0;Filtered;Filtered;Weak Entry Signal;1
ETHUSDT;Short;58.465893432859005;16.08.2025 1:00;16.08.2025 1:00;0;4469,3;0;0;0;0;Filtered;Filtered;Weak Entry Signal;1
ETHUSDT;Short;55.80533490242625;16.08.2025 1:15;16.08.2025 1:15;0;4469,41;0;0;0;0;Filtered;Filtered;Weak Entry Signal;1
ETHUSDT;Long;41.459211824470685;16.08.2025 6:40;16.08.2025 6:40;0;4421,06;0;0;0;0;Filtered;Filtered;Weak Entry Signal;1
ETHUSDT;Long;37.722495572137866;16.08.2025 10:40;16.08.2025 10:40;0;4401,8;0;0;0;0;Filtered;Filtered;Weak Entry Signal;1
ETHUSDT;Short;63.917075678301984;17.08.2025 4:10;17.08.2025 4:10;0;4455,92;0;0;0;0;Filtered;Filtered;Weak Entry Signal;1
ETHUSDT;Short;65.8578157992379;17.08.2025 4:35;17.08.2025 4:35;0;4469,14;0;0;0;0;Filtered;Filtered;Weak Entry Signal;1
ETHUSDT;Short;68.34765433433873;17.08.2025 5:00;17.08.2025 5:00;0;4482,32;0;0;0;0;Filtered;Filtered;Weak Entry Signal;1
ETHUSDT;Short;67.88743776966447;17.08.2025 5:15;17.08.2025 5:15;0;4484,48;0;0;0;0;Filtered;Filtered;Weak Entry Signal;1
ETHUSDT;Short;70.2954429693155;17.08.2025 9:30;17.08.2025 9:30;0;4538,98;0;0;0;0;Filtered;Filtered;Secondary TF Filter: Uptrend: avg_sma_change=1.88, no_rsi_extreme=True;1
ETHUSDT;Long;40.52511632726087;17.08.2025 17:20;17.08.2025 17:20;0;4518,57;0;0;0;0;Filtered;Filtered;Weak Entry Signal;1
ETHUSDT;Long;37.26265804890535;17.08.2025 19:20;17.08.2025 19:20;0;4480,38;0;0;0;0;Filtered;Filtered;Weak Entry Signal;1
ETHUSDT;Long;33.1329020104601;17.08.2025 19:50;17.08.2025 19:50;0;4461,4;0;0;0;0;Filtered;Filtered;Weak Entry Signal;1
ETHUSDT;Short;56.68228751640423;17.08.2025 23:00;17.08.2025 23:00;0;4509,61;0;0;0;0;Filtered;Filtered;Weak Entry Signal;1
ETHUSDT;Long;40.44801350239956;18.08.2025 0:45;18.08.2025 0:45;0;4459,96;0;0;0;0;Filtered;Filtered;Weak Entry Signal;1
ETHUSDT;Long;27.77955885901754;18.08.2025 2:10;18.08.2025 2:10;0;4376,51;0;0;0;0;Filtered;Filtered;Secondary TF Filter: Downtrend: avg_sma_change=-2.31, no_rsi_extreme=True;1
ETHUSDT;Long;27.111261492390497;18.08.2025 2:55;18.08.2025 2:55;0;4320,55;0;0;0;0;Filtered;Filtered;Secondary TF Filter: Downtrend: avg_sma_change=-2.69, no_rsi_extreme=True;1
ETHUSDT;Long;32.72386720331649;18.08.2025 3:40;18.08.2025 3:40;0;4306,07;0;0;0;0;Filtered;Filtered;Weak Entry Signal;1
ETHUSDT;Long;37.487047501603875;18.08.2025 7:00;18.08.2025 7:00;0;4257,86;0;0;0;0;Filtered;Filtered;Weak Entry Signal;1
ETHUSDT;Short;65.25311967286743;18.08.2025 13:10;18.08.2025 13:10;0;4335,99;0;0;0;0;Filtered;Filtered;Weak Entry Signal;1
ETHUSDT;Short;64.20641486331382;18.08.2025 13:35;18.08.2025 13:35;0;4348,88;0;0;0;0;Filtered;Filtered;Weak Entry Signal;1
ETHUSDT;Long;37.252776731866376;19.08.2025 0:00;19.08.2025 0:00;0;4316,72;0;0;0;0;Filtered;Filtered;Weak Entry Signal;1
ETHUSDT;Long;33.57491471852816;19.08.2025 4:15;19.08.2025 4:15;19.08.2025 09:55;4222,32;4280,93;1,388099433;5,666666667;4095,6504;Profit;Reverse Signal (Short);;0
ETHUSDT;Short;60.6410612923908;19.08.2025 9:45;19.08.2025 9:45;0;4275,95;0;0;0;0;Filtered;Filtered;Weak Entry Signal;1
ETHUSDT;Short;60.23965322694085;19.08.2025 10:30;19.08.2025 10:30;0;4286,37;0;0;0;0;Filtered;Filtered;Weak Entry Signal;1
ETHUSDT;Short;60.944595596281204;19.08.2025 11:35;19.08.2025 11:35;0;4299,77;0;0;0;0;Filtered;Filtered;Weak Entry Signal;1
ETHUSDT;Short;57.8087668614422;19.08.2025 12:00;19.08.2025 12:00;0;4301,65;0;0;0;0;Filtered;Filtered;Weak Entry Signal;1
ETHUSDT;Long;39.42556922239912;19.08.2025 15:20;19.08.2025 15:20;0;4209,56;0;0;0;0;Filtered;Filtered;Weak Entry Signal;1
ETHUSDT;Long;41.37238576898275;19.08.2025 16:20;19.08.2025 16:20;0;4194,78;0;0;0;0;Filtered;Filtered;Weak Entry Signal;1
ETHUSDT;Long;39.8744927799384;19.08.2025 17:10;19.08.2025 17:10;0;4158,5;0;0;0;0;Filtered;Filtered;Weak Entry Signal;1
ETHUSDT;Long;41.32767855897039;20.08.2025 0:00;20.08.2025 0:00;0;4095,58;0;0;0;0;Filtered;Filtered;Weak Entry Signal;1
ETHUSDT;Short;57.63223966534811;20.08.2025 3:35;20.08.2025 3:35;0;4145,51;0;0;0;0;Filtered;Filtered;Weak Entry Signal;1
ETHUSDT;Short;60.00914562601252;20.08.2025 4:35;20.08.2025 4:35;0;4163;0;0;0;0;Filtered;Filtered;Weak Entry Signal;1
ETHUSDT;Short;58.94865802017292;20.08.2025 5:05;20.08.2025 5:05;0;4165,36;0;0;0;0;Filtered;Filtered;Weak Entry Signal;1
ETHUSDT;Short;59.5974817715867;20.08.2025 6:10;20.08.2025 6:10;0;4175,76;0;0;0;0;Filtered;Filtered;Weak Entry Signal;1
ETHUSDT;Short;57.51305725367526;20.08.2025 6:45;20.08.2025 6:45;0;4180,2;0;0;0;0;Filtered;Filtered;Weak Entry Signal;1
ETHUSDT;Short;62.62420857601531;20.08.2025 15:45;20.08.2025 15:45;0;4273,65;0;0;0;0;Filtered;Filtered;Weak Entry Signal;1
ETHUSDT;Short;63.15590648467527;20.08.2025 16:30;20.08.2025 16:30;0;4311,22;0;0;0;0;Filtered;Filtered;Weak Entry Signal;1
ETHUSDT;Short;58.54343630484817;20.08.2025 17:10;20.08.2025 17:10;0;4308,07;0;0;0;0;Filtered;Filtered;Weak Entry Signal;1
ETHUSDT;Long;42.17917082343178;21.08.2025 17:25;21.08.2025 17:25;0;4224,29;0;0;0;0;Filtered;Filtered;Weak Entry Signal;1
ETHUSDT;Short;66.0504250607005;22.08.2025 2:45;22.08.2025 2:45;0;4295,5;0;0;0;0;Filtered;Filtered;Weak Entry Signal;1
ETHUSDT;Short;57.5953816798738;22.08.2025 7:55;22.08.2025 7:55;0;4327,53;0;0;0;0;Filtered;Filtered;Weak Entry Signal;1
ETHUSDT;Short;63.52657761468695;22.08.2025 8:10;22.08.2025 8:10;0;4344,44;0;0;0;0;Filtered;Filtered;Weak Entry Signal;1
ETHUSDT;Short;59.61655107331666;22.08.2025 8:35;22.08.2025 8:35;0;4342,87;0;0;0;0;Filtered;Filtered;Weak Entry Signal;1
ETHUSDT;Long;33.32483463765833;22.08.2025 11:40;22.08.2025 11:40;0;4282,46;0;0;0;0;Filtered;Filtered;Weak Entry Signal;1
ETHUSDT;Long;38.093968662526436;22.08.2025 12:40;22.08.2025 12:40;22.08.2025 14:55;4241,83;4614,65;8,789131106;2,25;4114,5751;Profit;Reverse Signal (Short);;0
ETHUSDT;Short;78.96475634470535;22.08.2025 14:55;22.08.2025 14:55;0;4614,65;0;0;0;0;Filtered;Filtered;Secondary TF Filter: Uptrend: avg_sma_change=2.01, no_rsi_extreme=True;1
ETHUSDT;Short;73.25658208885265;22.08.2025 16:15;22.08.2025 16:15;0;4743,35;0;0;0;0;Filtered;Filtered;Secondary TF Filter: Uptrend: avg_sma_change=1.82, no_rsi_extreme=True;1
ETHUSDT;Short;57.94822833287757;22.08.2025 21:30;22.08.2025 21:30;0;4862,52;0;0;0;0;Filtered;Filtered;Weak Entry Signal;1
ETHUSDT;Long;39.61813406335217;23.08.2025 1:50;23.08.2025 1:50;0;4777,69;0;0;0;0;Filtered;Filtered;Weak Entry Signal;1
ETHUSDT;Long;33.27834379225443;23.08.2025 2:45;23.08.2025 2:45;0;4709,79;0;0;0;0;Filtered;Filtered;Weak Entry Signal;1
ETHUSDT;Long;36.12448270060954;23.08.2025 3:45;23.08.2025 3:45;0;4687,49;0;0;0;0;Filtered;Filtered;Weak Entry Signal;1
ETHUSDT;Short;57.36041479020779;23.08.2025 16:25;23.08.2025 16:25;0;4754,38;0;0;0;0;Filtered;Filtered;Weak Entry Signal;1
ETHUSDT;Short;64.0669511526094;23.08.2025 23:25;23.08.2025 23:25;0;4786,01;0;0;0;0;Filtered;Filtered;Weak Entry Signal;1
ETHUSDT;Short;58.25144214115758;24.08.2025 0:55;24.08.2025 0:55;0;4798,01;0;0;0;0;Filtered;Filtered;Weak Entry Signal;1
ETHUSDT;Long;39.92856879340535;24.08.2025 11:00;24.08.2025 11:00;0;4744,52;0;0;0;0;Filtered;Filtered;Weak Entry Signal;1
ETHUSDT;Long;36.415683937021754;24.08.2025 11:20;24.08.2025 11:20;0;4730,28;0;0;0;0;Filtered;Filtered;Weak Entry Signal;1
ETHUSDT;Short;59.90702881248545;24.08.2025 14:20;24.08.2025 14:20;0;4777,94;0;0;0;0;Filtered;Filtered;Weak Entry Signal;1
ETHUSDT;Short;65.42213372483249;24.08.2025 15:35;24.08.2025 15:35;0;4813,79;0;0;0;0;Filtered;Filtered;Weak Entry Signal;1
ETHUSDT;Short;57.883523123545835;24.08.2025 16:55;24.08.2025 16:55;0;4821,98;0;0;0;0;Filtered;Filtered;Weak Entry Signal;1
ETHUSDT;Long;41.35389942762935;24.08.2025 21:05;24.08.2025 21:05;0;4775;0;0;0;0;Filtered;Filtered;Weak Entry Signal;1
ETHUSDT;Long;38.21163802698651;25.08.2025 1:10;25.08.2025 1:10;0;4719,78;0;0;0;0;Filtered;Filtered;Weak Entry Signal;1
ETHUSDT;Long;37.85526056975722;25.08.2025 5:10;25.08.2025 5:10;0;4707,37;0;0;0;0;Filtered;Filtered;Weak Entry Signal;1
ETHUSDT;Long;36.41645890664713;25.08.2025 7:00;25.08.2025 7:00;0;4649,68;0;0;0;0;Filtered;Filtered;Weak Entry Signal;1
ETHUSDT;Long;36.02780182965435;25.08.2025 7:35;25.08.2025 7:35;0;4625,65;0;0;0;0;Filtered;Filtered;Weak Entry Signal;1
ETHUSDT;Long;34.73238166894332;25.08.2025 8:10;25.08.2025 8:10;0;4591,19;0;0;0;0;Filtered;Filtered;Weak Entry Signal;1
ETHUSDT;Long;43.49220063882144;25.08.2025 9:10;25.08.2025 9:10;0;4592,65;0;0;0;0;Filtered;Filtered;Weak Entry Signal;1
ETHUSDT;Short;65.77388930334675;25.08.2025 13:05;25.08.2025 13:05;0;4637,38;0;0;0;0;Filtered;Filtered;Weak Entry Signal;1
ETHUSDT;Short;52.49519242266727;25.08.2025 13:30;25.08.2025 13:30;0;4624,46;0;0;0;0;Filtered;Filtered;Weak Entry Signal;1
ETHUSDT;Long;27.092970505884637;25.08.2025 20:15;25.08.2025 20:15;0;4416,53;0;0;0;0;Filtered;Filtered;Secondary TF Filter: Downtrend: avg_sma_change=-0.70, no_rsi_extreme=True;1
ETHUSDT;Long;29.061763326968787;25.08.2025 20:40;25.08.2025 20:40;26.08.2025 02:30;4371,86;4405,5;0,769466543;5,833333333;4240,7042;Profit;Reverse Signal (Short);;0
ETHUSDT;Short;60.140251523950866;26.08.2025 15:20;26.08.2025 15:20;0;4547,87;0;0;0;0;Filtered;Filtered;Weak Entry Signal;1
ETHUSDT;Long;41.31169784376552;27.08.2025 1:50;27.08.2025 1:50;0;4556,27;0;0;0;0;Filtered;Filtered;Weak Entry Signal;1
ETHUSDT;Short;62.2325142305509;27.08.2025 4:40;27.08.2025 4:40;0;4626,09;0;0;0;0;Filtered;Filtered;Weak Entry Signal;1
ETHUSDT;Short;60.76108270221376;27.08.2025 5:15;27.08.2025 5:15;0;4633,43;0;0;0;0;Filtered;Filtered;Weak Entry Signal;1
ETHUSDT;Long;42.98676182815923;27.08.2025 7:45;27.08.2025 7:45;0;4579,38;0;0;0;0;Filtered;Filtered;Weak Entry Signal;1
ETHUSDT;Long;41.811617975639116;27.08.2025 8:35;27.08.2025 8:35;0;4570,11;0;0;0;0;Filtered;Filtered;Weak Entry Signal;1
ETHUSDT;Long;39.89486479806585;27.08.2025 19:30;27.08.2025 19:30;0;4575,34;0;0;0;0;Filtered;Filtered;Weak Entry Signal;1
ETHUSDT;Long;39.56892185451461;27.08.2025 20:10;27.08.2025 20:10;0;4561,06;0;0;0;0;Filtered;Filtered;Weak Entry Signal;1
ETHUSDT;Long;36.35551097676332;27.08.2025 22:20;27.08.2025 22:20;0;4512,5;0;0;0;0;Filtered;Filtered;Weak Entry Signal;1
ETHUSDT;Short;56.80778706460124;28.08.2025 4:00;28.08.2025 4:00;0;4535,74;0;0;0;0;Filtered;Filtered;Weak Entry Signal;1
ETHUSDT;Short;62.91222803009422;28.08.2025 4:20;28.08.2025 4:20;0;4549,46;0;0;0;0;Filtered;Filtered;Weak Entry Signal;1
ETHUSDT;Short;65.29672046600581;28.08.2025 5:10;28.08.2025 5:10;0;4575,48;0;0;0;0;Filtered;Filtered;Weak Entry Signal;1
SOLUSDT;Long;38.02941275110126;29.07.2025 14:40;29.07.2025 14:40;0;181,51;0;0;0;0;Filtered;Filtered;Weak Entry Signal;1
SOLUSDT;Long;34.37630392219695;29.07.2025 14:55;29.07.2025 14:55;0;180,4;0;0;0;0;Filtered;Filtered;Weak Entry Signal;1
SOLUSDT;Long;37.328968386052395;29.07.2025 15:10;29.07.2025 15:10;0;180,39;0;0;0;0;Filtered;Filtered;Weak Entry Signal;1
SOLUSDT;Long;42.1212457208501;29.07.2025 16:40;29.07.2025 16:40;0;179,47;0;0;0;0;Filtered;Filtered;Weak Entry Signal;1
SOLUSDT;Long;45.57197118856098;30.07.2025 10:00;30.07.2025 10:00;0;179,7;0;0;0;0;Filtered;Filtered;Weak Entry Signal;1
SOLUSDT;Long;38.462597978580916;30.07.2025 11:55;30.07.2025 11:55;0;177,29;0;0;0;0;Filtered;Filtered;Weak Entry Signal;1
SOLUSDT;Short;59.95458198889905;30.07.2025 15:05;30.07.2025 15:05;0;179,33;0;0;0;0;Filtered;Filtered;Weak Entry Signal;1
SOLUSDT;Long;35.629271163880674;30.07.2025 19:30;30.07.2025 19:30;0;174,33;0;0;0;0;Filtered;Filtered;Weak Entry Signal;1
SOLUSDT;Short;65.23410440870612;31.07.2025 0:00;31.07.2025 0:00;0;177,7;0;0;0;0;Filtered;Filtered;Weak Entry Signal;1
SOLUSDT;Short;67.48575489316244;31.07.2025 0:50;31.07.2025 0:50;0;178,98;0;0;0;0;Filtered;Filtered;Secondary TF Filter: Recent bull cross at RSI_SMA=36.61;1
SOLUSDT;Short;59.26196134154294;31.07.2025 5:30;31.07.2025 5:30;0;180,86;0;0;0;0;Filtered;Filtered;Weak Entry Signal;1
SOLUSDT;Long;38.75783805632062;31.07.2025 11:55;31.07.2025 11:55;0;180,75;0;0;0;0;Filtered;Filtered;Weak Entry Signal;1
SOLUSDT;Long;31.56964968328502;31.07.2025 13:35;31.07.2025 13:35;31.07.2025 16:45;177,63;178,76;0,636153803;3,166666667;172,3011;Profit;Reverse Signal (Short);;0
SOLUSDT;Long;33.37744995989942;31.07.2025 14:30;31.07.2025 14:30;0;176,53;0;0;0;0;Filtered;Filtered;Weak Entry Signal;1
SOLUSDT;Long;38.13444953054789;31.07.2025 14:45;31.07.2025 14:45;0;176,67;0;0;0;0;Filtered;Filtered;Weak Entry Signal;1
SOLUSDT;Long;34.6293101928766;31.07.2025 15:00;31.07.2025 15:00;0;175,98;0;0;0;0;Filtered;Filtered;Weak Entry Signal;1
SOLUSDT;Long;44.110309653853385;31.07.2025 20:15;31.07.2025 20:15;0;175,65;0;0;0;0;Filtered;Filtered;Weak Entry Signal;1
SOLUSDT;Long;41.36339082696757;31.07.2025 22:25;31.07.2025 22:25;0;173,63;0;0;0;0;Filtered;Filtered;Weak Entry Signal;1
SOLUSDT;Long;36.941681935943855;31.07.2025 22:50;31.07.2025 22:50;0;172,82;0;0;0;0;Filtered;Filtered;Weak Entry Signal;1
SOLUSDT;Long;41.104823450317426;31.07.2025 23:45;31.07.2025 23:45;0;172,46;0;0;0;0;Filtered;Filtered;Weak Entry Signal;1
SOLUSDT;Long;40.29463806381755;01.08.2025 0:15;01.08.2025 0:15;0;171,78;0;0;0;0;Filtered;Filtered;Weak Entry Signal;1
SOLUSDT;Long;39.22784788214824;01.08.2025 0:35;01.08.2025 0:35;0;171,18;0;0;0;0;Filtered;Filtered;Weak Entry Signal;1
SOLUSDT;Long;40.01801991788173;01.08.2025 0:55;01.08.2025 0:55;0;170,3;0;0;0;0;Filtered;Filtered;Weak Entry Signal;1
SOLUSDT;Long;43.55876825751292;01.08.2025 5:00;01.08.2025 5:00;0;169,99;0;0;0;0;Filtered;Filtered;Weak Entry Signal;1
SOLUSDT;Long;42.93982181215677;01.08.2025 5:35;01.08.2025 5:35;0;169,4;0;0;0;0;Filtered;Filtered;Weak Entry Signal;1
SOLUSDT;Long;42.34931331019201;01.08.2025 5:50;01.08.2025 5:50;0;169,06;0;0;0;0;Filtered;Filtered;Weak Entry Signal;1
SOLUSDT;Long;38.64909961676698;01.08.2025 6:20;01.08.2025 6:20;0;168,47;0;0;0;0;Filtered;Filtered;Weak Entry Signal;1
SOLUSDT;Long;41.71836762298433;01.08.2025 14:10;01.08.2025 14:10;0;166,83;0;0;0;0;Filtered;Filtered;Weak Entry Signal;1
SOLUSDT;Long;39.6122049075137;01.08.2025 17:50;01.08.2025 17:50;0;166,32;0;0;0;0;Filtered;Filtered;Weak Entry Signal;1
SOLUSDT;Long;44.86340738875658;01.08.2025 18:05;01.08.2025 18:05;0;166,58;0;0;0;0;Filtered;Filtered;Weak Entry Signal;1
SOLUSDT;Long;41.40013891625317;01.08.2025 18:20;01.08.2025 18:20;0;165,83;0;0;0;0;Filtered;Filtered;Weak Entry Signal;1
SOLUSDT;Long;42.54909581596508;01.08.2025 20:55;01.08.2025 20:55;0;163,78;0;0;0;0;Filtered;Filtered;Weak Entry Signal;1
SOLUSDT;Long;35.41646155075961;01.08.2025 22:50;01.08.2025 22:50;0;160,9;0;0;0;0;Filtered;Filtered;Weak Entry Signal;1
SOLUSDT;Short;63.62512015808934;02.08.2025 1:15;02.08.2025 1:15;0;164,32;0;0;0;0;Filtered;Filtered;Weak Entry Signal;1
SOLUSDT;Short;61.5254282388258;02.08.2025 1:45;02.08.2025 1:45;0;164,38;0;0;0;0;Filtered;Filtered;Weak Entry Signal;1
SOLUSDT;Short;60.87560288230248;02.08.2025 2:15;02.08.2025 2:15;0;164,64;0;0;0;0;Filtered;Filtered;Weak Entry Signal;1
SOLUSDT;Long;31.283969357712053;02.08.2025 6:55;02.08.2025 6:55;02.08.2025 08:25;162,76;164,07;0,80486606;1,5;157,8772;Profit;Reverse Signal (Short);;0
SOLUSDT;Long;33.927258664302826;02.08.2025 7:10;02.08.2025 7:10;02.08.2025 08:25;162,39;164,07;1,034546462;1,25;157,5183;Profit;Reverse Signal (Short);;0
SOLUSDT;Long;46.0732048603671;02.08.2025 10:50;02.08.2025 10:50;0;163,04;0;0;0;0;Filtered;Filtered;Weak Entry Signal;1
SOLUSDT;Long;45.63662833655799;02.08.2025 16:40;02.08.2025 16:40;0;161,71;0;0;0;0;Filtered;Filtered;Weak Entry Signal;1
SOLUSDT;Long;26.28868932588182;02.08.2025 18:55;02.08.2025 18:55;02.08.2025 20:25;156,61;158,59;1,264287083;1,5;151,9117;Profit;Reverse Signal (Short);;0
SOLUSDT;Short;58.77378518107013;03.08.2025 3:10;03.08.2025 3:10;0;160,5;0;0;0;0;Filtered;Filtered;Weak Entry Signal;1
SOLUSDT;Short;59.07776643078824;03.08.2025 3:25;03.08.2025 3:25;0;160,59;0;0;0;0;Filtered;Filtered;Weak Entry Signal;1
SOLUSDT;Short;59.92630310307939;03.08.2025 3:55;03.08.2025 3:55;0;160,85;0;0;0;0;Filtered;Filtered;Weak Entry Signal;1
SOLUSDT;Short;59.95023072557592;03.08.2025 11:25;03.08.2025 11:25;0;162,22;0;0;0;0;Filtered;Filtered;Weak Entry Signal;1
SOLUSDT;Short;59.98770232517409;04.08.2025 1:15;04.08.2025 1:15;0;163,71;0;0;0;0;Filtered;Filtered;Weak Entry Signal;1
SOLUSDT;Long;40.24563561817312;04.08.2025 5:20;04.08.2025 5:20;0;162,25;0;0;0;0;Filtered;Filtered;Weak Entry Signal;1
SOLUSDT;Long;36.798191746741374;04.08.2025 5:35;04.08.2025 5:35;0;162,01;0;0;0;0;Filtered;Filtered;Weak Entry Signal;1
SOLUSDT;Long;44.538623049959256;04.08.2025 5:50;04.08.2025 5:50;0;162,17;0;0;0;0;Filtered;Filtered;Weak Entry Signal;1
SOLUSDT;Short;62.39939770701092;04.08.2025 8:20;04.08.2025 8:20;0;163,39;0;0;0;0;Filtered;Filtered;Weak Entry Signal;1
SOLUSDT;Short;63.8266890540398;04.08.2025 8:55;04.08.2025 8:55;0;163,76;0;0;0;0;Filtered;Filtered;Weak Entry Signal;1
SOLUSDT;Short;53.01167647681398;04.08.2025 9:25;04.08.2025 9:25;0;163,41;0;0;0;0;Filtered;Filtered;Weak Entry Signal;1
SOLUSDT;Short;59.59568172443936;04.08.2025 13:15;04.08.2025 13:15;0;163,5;0;0;0;0;Filtered;Filtered;Weak Entry Signal;1
SOLUSDT;Short;69.47577587449597;04.08.2025 14:30;04.08.2025 14:30;0;166,36;0;0;0;0;Filtered;Filtered;Secondary TF Filter: Recent bull cross at RSI_SMA=58.34;1
SOLUSDT;Short;70.39006836305198;04.08.2025 17:25;04.08.2025 17:25;0;169,03;0;0;0;0;Filtered;Filtered;Secondary TF Filter: Recent bull cross at RSI_SMA=58.34;1
SOLUSDT;Long;36.55929975582794;04.08.2025 19:50;04.08.2025 19:50;0;165,73;0;0;0;0;Filtered;Filtered;Weak Entry Signal;1
SOLUSDT;Short;60.161092982199435;04.08.2025 21:50;04.08.2025 21:50;0;168,37;0;0;0;0;Filtered;Filtered;Weak Entry Signal;1
SOLUSDT;Short;60.39828344024629;04.08.2025 22:05;04.08.2025 22:05;0;168,5;0;0;0;0;Filtered;Filtered;Weak Entry Signal;1
SOLUSDT;Short;58.06191570789061;04.08.2025 22:25;04.08.2025 22:25;0;168,62;0;0;0;0;Filtered;Filtered;Weak Entry Signal;1
SOLUSDT;Short;58.59705903311824;04.08.2025 23:05;04.08.2025 23:05;0;169,01;0;0;0;0;Filtered;Filtered;Weak Entry Signal;1
SOLUSDT;Short;60.69637444134936;04.08.2025 23:20;04.08.2025 23:20;0;169,4;0;0;0;0;Filtered;Filtered;Weak Entry Signal;1
SOLUSDT;Short;59.36597333750096;04.08.2025 23:40;04.08.2025 23:40;0;169,43;0;0;0;0;Filtered;Filtered;Weak Entry Signal;1
SOLUSDT;Long;43.0462602371653;05.08.2025 8:15;05.08.2025 8:15;0;166,59;0;0;0;0;Filtered;Filtered;Weak Entry Signal;1
SOLUSDT;Short;71.85456350372988;05.08.2025 10:40;05.08.2025 10:40;05.08.2025 13:25;170,82;167,35;2,031378059;2,75;175,9446;Profit;Reverse Signal (Long);;0
SOLUSDT;Short;67.1648915882086;05.08.2025 11:45;05.08.2025 11:45;0;171,44;0;0;0;0;Filtered;Filtered;Weak Entry Signal;1
SOLUSDT;Long;39.12060291946876;05.08.2025 13:15;05.08.2025 13:15;0;167,75;0;0;0;0;Filtered;Filtered;Weak Entry Signal;1
SOLUSDT;Long;34.52233973383389;05.08.2025 14:55;05.08.2025 14:55;0;164,29;0;0;0;0;Filtered;Filtered;Weak Entry Signal;1
SOLUSDT;Long;37.796612872349094;05.08.2025 15:55;05.08.2025 15:55;0;163,77;0;0;0;0;Filtered;Filtered;Weak Entry Signal;1
SOLUSDT;Long;40.970052363735064;05.08.2025 20:50;05.08.2025 20:50;0;162,71;0;0;0;0;Filtered;Filtered;Weak Entry Signal;1
SOLUSDT;Short;59.25804140861003;05.08.2025 23:50;05.08.2025 23:50;0;164,15;0;0;0;0;Filtered;Filtered;Weak Entry Signal;1
SOLUSDT;Long;42.47338621060913;06.08.2025 1:40;06.08.2025 1:40;0;162,54;0;0;0;0;Filtered;Filtered;Weak Entry Signal;1
SOLUSDT;Short;55.801541817422226;06.08.2025 6:00;06.08.2025 6:00;0;163,63;0;0;0;0;Filtered;Filtered;Weak Entry Signal;1
SOLUSDT;Short;57.67256968121719;06.08.2025 6:50;06.08.2025 6:50;0;164;0;0;0;0;Filtered;Filtered;Weak Entry Signal;1
SOLUSDT;Short;67.70387683075614;06.08.2025 15:40;06.08.2025 15:40;0;168,2;0;0;0;0;Filtered;Filtered;Weak Entry Signal;1
SOLUSDT;Short;66.9126929843969;06.08.2025 16:05;06.08.2025 16:05;0;168,97;0;0;0;0;Filtered;Filtered;Weak Entry Signal;1
SOLUSDT;Long;39.77310655196116;07.08.2025 3:00;07.08.2025 3:00;0;167,31;0;0;0;0;Filtered;Filtered;Weak Entry Signal;1
SOLUSDT;Long;40.14663591766343;07.08.2025 3:35;07.08.2025 3:35;0;167,08;0;0;0;0;Filtered;Filtered;Weak Entry Signal;1
SOLUSDT;Long;42.06603614104156;07.08.2025 4:00;07.08.2025 4:00;0;167,05;0;0;0;0;Filtered;Filtered;Weak Entry Signal;1
SOLUSDT;Short;68.05397233863859;07.08.2025 6:25;07.08.2025 6:25;07.08.2025 14:30;168,94;170,54;-0,947081804;8,083333333;174,0082;Loss;Timeout;;0
SOLUSDT;Short;67.3752344963946;07.08.2025 6:50;07.08.2025 6:50;07.08.2025 14:55;169,38;170,29;-0,537253513;8,083333333;174,4614;Loss;Timeout;;0
SOLUSDT;Short;68.58843532724285;07.08.2025 7:30;07.08.2025 7:30;0;170,06;0;0;0;0;Filtered;Filtered;Weak Entry Signal;1
SOLUSDT;Short;71.0411240640844;07.08.2025 11:05;07.08.2025 11:05;0;172,77;0;0;0;0;Filtered;Filtered;Secondary TF Filter: Recent bull cross at RSI_SMA=61.34;1
SOLUSDT;Short;70.67662238004317;07.08.2025 11:30;07.08.2025 11:30;0;173,19;0;0;0;0;Filtered;Filtered;Secondary TF Filter: Recent bull cross at RSI_SMA=61.34;1
SOLUSDT;Long;33.77522890704246;07.08.2025 15:05;07.08.2025 15:05;0;170,2;0;0;0;0;Filtered;Filtered;Weak Entry Signal;1
SOLUSDT;Long;38.73595283704978;07.08.2025 17:15;07.08.2025 17:15;0;168,73;0;0;0;0;Filtered;Filtered;Weak Entry Signal;1
SOLUSDT;Short;69.82653917073884;07.08.2025 20:50;07.08.2025 20:50;08.08.2025 04:55;172,73;174,4;-0,96682684;8,083333333;177,9119;Loss;Timeout;;0
SOLUSDT;Short;71.87182681729487;07.08.2025 21:30;07.08.2025 21:30;08.08.2025 05:35;173,43;174,49;-0,611197601;8,083333333;178,6329;Loss;Timeout;;0
SOLUSDT;Short;64.51072453585866;07.08.2025 21:50;07.08.2025 21:50;0;173,55;0;0;0;0;Filtered;Filtered;Secondary TF Filter: Recent bull cross at RSI_SMA=63.88;1
SOLUSDT;Short;63.31890728553394;07.08.2025 22:15;07.08.2025 22:15;0;173,81;0;0;0;0;Filtered;Filtered;Secondary TF Filter: Recent bull cross at RSI_SMA=63.88;1
SOLUSDT;Short;60.22738852770929;08.08.2025 8:10;08.08.2025 8:10;0;176,8;0;0;0;0;Filtered;Filtered;Weak Entry Signal;1
SOLUSDT;Short;57.292832707354194;08.08.2025 18:25;08.08.2025 18:25;09.08.2025 00:25;178,23;177;0,690119509;6;183,5769;Profit;Reverse Signal (Long);;0
SOLUSDT;Short;62.27299662270134;09.08.2025 2:25;09.08.2025 2:25;0;178,28;0;0;0;0;Filtered;Filtered;Weak Entry Signal;1
SOLUSDT;Short;70.87677917361106;09.08.2025 5:40;09.08.2025 5:40;0;181,2;0;0;0;0;Filtered;Filtered;Secondary TF Filter: Recent bull cross at RSI_SMA=54.67;1
SOLUSDT;Short;61.93831821006263;09.08.2025 9:30;09.08.2025 9:30;0;181,77;0;0;0;0;Filtered;Filtered;Weak Entry Signal;1
SOLUSDT;Short;61.050299532105505;09.08.2025 18:15;09.08.2025 18:15;0;181,52;0;0;0;0;Filtered;Filtered;Weak Entry Signal;1
SOLUSDT;Short;58.114952349352485;09.08.2025 18:40;09.08.2025 18:40;0;181,64;0;0;0;0;Filtered;Filtered;Weak Entry Signal;1
SOLUSDT;Short;60.17851749169162;09.08.2025 18:55;09.08.2025 18:55;0;181,92;0;0;0;0;Filtered;Filtered;Weak Entry Signal;1
SOLUSDT;Short;62.12417932785987;09.08.2025 19:15;09.08.2025 19:15;0;182,27;0;0;0;0;Filtered;Filtered;Weak Entry Signal;1
SOLUSDT;Long;39.51007518943312;09.08.2025 23:30;09.08.2025 23:30;0;180,14;0;0;0;0;Filtered;Filtered;Weak Entry Signal;1
SOLUSDT;Short;65.32144412383369;10.08.2025 1:50;10.08.2025 1:50;0;183,72;0;0;0;0;Filtered;Filtered;Weak Entry Signal;1
SOLUSDT;Short;65.27212956563496;10.08.2025 2:05;10.08.2025 2:05;0;184,14;0;0;0;0;Filtered;Filtered;Weak Entry Signal;1
SOLUSDT;Short;66.01147557505152;10.08.2025 2:20;10.08.2025 2:20;0;184,53;0;0;0;0;Filtered;Filtered;Weak Entry Signal;1
SOLUSDT;Long;36.70982471702051;10.08.2025 6:05;10.08.2025 6:05;0;182,38;0;0;0;0;Filtered;Filtered;Weak Entry Signal;1
SOLUSDT;Long;33.44430505030688;10.08.2025 6:30;10.08.2025 6:30;0;181,07;0;0;0;0;Filtered;Filtered;Weak Entry Signal;1
SOLUSDT;Long;39.43760233469015;10.08.2025 8:10;10.08.2025 8:10;0;178,91;0;0;0;0;Filtered;Filtered;Weak Entry Signal;1
SOLUSDT;Short;62.56714982371486;10.08.2025 15:20;10.08.2025 15:20;0;181,79;0;0;0;0;Filtered;Filtered;Weak Entry Signal;1
SOLUSDT;Short;56.99722100604016;10.08.2025 19:40;10.08.2025 19:40;0;182,86;0;0;0;0;Filtered;Filtered;Weak Entry Signal;1
SOLUSDT;Short;66.30258447518572;11.08.2025 2:40;11.08.2025 2:40;0;184,92;0;0;0;0;Filtered;Filtered;Weak Entry Signal;1
SOLUSDT;Short;63.9976053557714;11.08.2025 2:55;11.08.2025 2:55;0;185,26;0;0;0;0;Filtered;Filtered;Weak Entry Signal;1
SOLUSDT;Short;61.437957015105916;11.08.2025 5:05;11.08.2025 5:05;0;186,36;0;0;0;0;Filtered;Filtered;Weak Entry Signal;1
SOLUSDT;Long;39.15607962469045;11.08.2025 7:40;11.08.2025 7:40;0;183,89;0;0;0;0;Filtered;Filtered;Weak Entry Signal;1
SOLUSDT;Long;36.673266307132;11.08.2025 8:10;11.08.2025 8:10;0;182,99;0;0;0;0;Filtered;Filtered;Weak Entry Signal;1
SOLUSDT;Long;29.25290728246644;11.08.2025 11:35;11.08.2025 11:35;11.08.2025 14:40;179,72;179,36;-0,200311596;3,083333333;174,3284;Loss;Reverse Signal (Short);;0
SOLUSDT;Long;28.081532745367383;11.08.2025 11:50;11.08.2025 11:50;11.08.2025 14:40;179,05;179,36;0,173135996;2,833333333;173,6785;Profit;Reverse Signal (Short);;0
SOLUSDT;Long;37.36208813074757;11.08.2025 13:15;11.08.2025 13:15;0;178,18;0;0;0;0;Filtered;Filtered;Weak Entry Signal;1
SOLUSDT;Long;40.65367389283038;11.08.2025 20:40;11.08.2025 20:40;0;176,35;0;0;0;0;Filtered;Filtered;Weak Entry Signal;1
SOLUSDT;Long;41.45520537421785;11.08.2025 21:20;11.08.2025 21:20;0;176,04;0;0;0;0;Filtered;Filtered;Weak Entry Signal;1
SOLUSDT;Long;39.43861564242719;11.08.2025 21:55;11.08.2025 21:55;0;175,06;0;0;0;0;Filtered;Filtered;Weak Entry Signal;1
SOLUSDT;Long;35.8728339707376;11.08.2025 22:10;11.08.2025 22:10;0;174,5;0;0;0;0;Filtered;Filtered;Weak Entry Signal;1
SOLUSDT;Long;39.64516476840073;11.08.2025 22:30;11.08.2025 22:30;0;174,39;0;0;0;0;Filtered;Filtered;Weak Entry Signal;1
SOLUSDT;Short;56.83469183677276;12.08.2025 13:00;12.08.2025 13:00;0;176,74;0;0;0;0;Filtered;Filtered;Weak Entry Signal;1
SOLUSDT;Short;67.00476483617368;12.08.2025 15:40;12.08.2025 15:40;0;180,8;0;0;0;0;Filtered;Filtered;Secondary TF Filter: Uptrend: avg_sma_change=2.46, no_rsi_extreme=True;1
SOLUSDT;Short;71.46596156746546;12.08.2025 15:55;12.08.2025 15:55;0;181,7;0;0;0;0;Filtered;Filtered;Secondary TF Filter: Uptrend: avg_sma_change=2.46, no_rsi_extreme=True;1
SOLUSDT;Short;69.86147242375237;12.08.2025 17:25;12.08.2025 17:25;0;185,38;0;0;0;0;Filtered;Filtered;Secondary TF Filter: Uptrend: avg_sma_change=2.74, no_rsi_extreme=True;1
SOLUSDT;Short;67.35936733962521;12.08.2025 18:30;12.08.2025 18:30;0;187,65;0;0;0;0;Filtered;Filtered;Secondary TF Filter: Uptrend: avg_sma_change=2.88, no_rsi_extreme=True;1
SOLUSDT;Short;69.12312757207503;12.08.2025 19:40;12.08.2025 19:40;0;189,5;0;0;0;0;Filtered;Filtered;Secondary TF Filter: Uptrend: avg_sma_change=3.26, no_rsi_extreme=True;1
SOLUSDT;Short;65.16827293215036;12.08.2025 21:00;12.08.2025 21:00;0;191,3;0;0;0;0;Filtered;Filtered;Weak Entry Signal;1
SOLUSDT;Short;63.67249935327593;13.08.2025 3:05;13.08.2025 3:05;0;197,36;0;0;0;0;Filtered;Filtered;Weak Entry Signal;1
SOLUSDT;Short;66.2048971662042;13.08.2025 3:25;13.08.2025 3:25;0;198,51;0;0;0;0;Filtered;Filtered;Weak Entry Signal;1
SOLUSDT;Short;62.99183094700665;13.08.2025 9:40;13.08.2025 9:40;0;200,69;0;0;0;0;Filtered;Filtered;Weak Entry Signal;1
SOLUSDT;Short;64.89093279962688;13.08.2025 10:00;13.08.2025 10:00;0;201,69;0;0;0;0;Filtered;Filtered;Weak Entry Signal;1
SOLUSDT;Long;36.4508849063493;13.08.2025 15:10;13.08.2025 15:10;0;196,39;0;0;0;0;Filtered;Filtered;Weak Entry Signal;1
SOLUSDT;Short;69.89940651881165;14.08.2025 3:40;14.08.2025 3:40;0;207,92;0;0;0;0;Filtered;Filtered;Weak Entry Signal;1
SOLUSDT;Short;62.36332393312488;14.08.2025 4:25;14.08.2025 4:25;0;208,85;0;0;0;0;Filtered;Filtered;Weak Entry Signal;1
SOLUSDT;Long;40.0660397807957;14.08.2025 8:55;14.08.2025 8:55;0;203,34;0;0;0;0;Filtered;Filtered;Weak Entry Signal;1
SOLUSDT;Long;39.56482621685327;14.08.2025 13:25;14.08.2025 13:25;0;193,08;0;0;0;0;Filtered;Filtered;Weak Entry Signal;1
SOLUSDT;Long;42.502586203981004;14.08.2025 21:45;14.08.2025 21:45;0;190,26;0;0;0;0;Filtered;Filtered;Weak Entry Signal;1
SOLUSDT;Short;58.01725393708818;15.08.2025 2:25;15.08.2025 2:25;0;193,97;0;0;0;0;Filtered;Filtered;Weak Entry Signal;1
SOLUSDT;Short;60.134726081748866;15.08.2025 4:15;15.08.2025 4:15;0;195,29;0;0;0;0;Filtered;Filtered;Weak Entry Signal;1
SOLUSDT;Short;60.44413728827666;15.08.2025 4:30;15.08.2025 4:30;0;195,5;0;0;0;0;Filtered;Filtered;Weak Entry Signal;1
SOLUSDT;Short;59.4898145991106;15.08.2025 6:35;15.08.2025 6:35;0;197,05;0;0;0;0;Filtered;Filtered;Weak Entry Signal;1
SOLUSDT;Short;59.35012834122437;15.08.2025 6:55;15.08.2025 6:55;0;197,4;0;0;0;0;Filtered;Filtered;Weak Entry Signal;1
SOLUSDT;Long;45.31145614579622;15.08.2025 10:05;15.08.2025 10:05;0;195,39;0;0;0;0;Filtered;Filtered;Weak Entry Signal;1
SOLUSDT;Long;40.30041016610326;15.08.2025 14:00;15.08.2025 14:00;0;191,57;0;0;0;0;Filtered;Filtered;Weak Entry Signal;1
SOLUSDT;Long;41.10357348529848;15.08.2025 14:15;15.08.2025 14:15;0;191,4;0;0;0;0;Filtered;Filtered;Weak Entry Signal;1
SOLUSDT;Long;29.7005493307811;15.08.2025 15:10;15.08.2025 15:10;15.08.2025 21:35;187,32;184,73;-1,382660688;6,416666667;181,7004;Loss;Reverse Signal (Short);;0
SOLUSDT;Long;31.354378651944018;15.08.2025 15:30;15.08.2025 15:30;15.08.2025 21:35;186,65;184,73;-1,028663274;6,083333333;181,0505;Loss;Reverse Signal (Short);;0
SOLUSDT;Long;35.90449026650124;15.08.2025 15:50;15.08.2025 15:50;15.08.2025 21:35;186,02;184,73;-0,69347382;5,75;180,4394;Loss;Reverse Signal (Short);;0
SOLUSDT;Long;29.250706747213158;15.08.2025 16:10;15.08.2025 16:10;15.08.2025 21:35;184,14;184,73;0,320408385;5,416666667;178,6158;Profit;Reverse Signal (Short);;0
SOLUSDT;Short;57.90230586958872;16.08.2025 8:00;16.08.2025 8:00;0;188,65;0;0;0;0;Filtered;Filtered;Weak Entry Signal;1
SOLUSDT;Long;37.88934192065349;16.08.2025 10:35;16.08.2025 10:35;0;186,26;0;0;0;0;Filtered;Filtered;Weak Entry Signal;1
SOLUSDT;Short;56.245825703871496;16.08.2025 15:30;16.08.2025 15:30;0;188,71;0;0;0;0;Filtered;Filtered;Weak Entry Signal;1
SOLUSDT;Short;58.11808420261531;16.08.2025 20:20;16.08.2025 20:20;0;188,91;0;0;0;0;Filtered;Filtered;Weak Entry Signal;1
SOLUSDT;Long;47.74181911623994;17.08.2025 1:30;17.08.2025 1:30;0;188,26;0;0;0;0;Filtered;Filtered;Weak Entry Signal;1
SOLUSDT;Short;64.32860804027032;17.08.2025 3:10;17.08.2025 3:10;0;190,88;0;0;0;0;Filtered;Filtered;Weak Entry Signal;1
SOLUSDT;Short;66.84992633093762;17.08.2025 3:45;17.08.2025 3:45;0;191,6;0;0;0;0;Filtered;Filtered;Weak Entry Signal;1
SOLUSDT;Short;65.09418854682181;17.08.2025 4:15;17.08.2025 4:15;0;192,32;0;0;0;0;Filtered;Filtered;Weak Entry Signal;1
SOLUSDT;Short;64.3722126891184;17.08.2025 5:10;17.08.2025 5:10;0;193,08;0;0;0;0;Filtered;Filtered;Weak Entry Signal;1
SOLUSDT;Short;59.37188884590909;17.08.2025 14:55;17.08.2025 14:55;0;193,76;0;0;0;0;Filtered;Filtered;Weak Entry Signal;1
SOLUSDT;Long;40.784249586159255;17.08.2025 20:25;17.08.2025 20:25;0;191,47;0;0;0;0;Filtered;Filtered;Weak Entry Signal;1
SOLUSDT;Short;56.246646853878346;17.08.2025 23:10;17.08.2025 23:10;0;192,67;0;0;0;0;Filtered;Filtered;Weak Entry Signal;1
SOLUSDT;Long;39.67105111777905;18.08.2025 0:55;18.08.2025 0:55;0;190,15;0;0;0;0;Filtered;Filtered;Weak Entry Signal;1
SOLUSDT;Long;31.67672313574505;18.08.2025 2:35;18.08.2025 2:35;0;185,44;0;0;0;0;Filtered;Filtered;Secondary TF Filter: Downtrend: avg_sma_change=-2.00, no_rsi_extreme=True;1
SOLUSDT;Long;30.76414934284763;18.08.2025 3:50;18.08.2025 3:50;0;182,87;0;0;0;0;Filtered;Filtered;Secondary TF Filter: Downtrend: avg_sma_change=-2.30, no_rsi_extreme=True;1
SOLUSDT;Long;29.065198464718478;18.08.2025 4:05;18.08.2025 4:05;0;182,02;0;0;0;0;Filtered;Filtered;Secondary TF Filter: Downtrend: avg_sma_change=-2.30, no_rsi_extreme=True;1
SOLUSDT;Short;56.28328557040306;18.08.2025 13:05;18.08.2025 13:05;0;182,33;0;0;0;0;Filtered;Filtered;Weak Entry Signal;1
SOLUSDT;Long;40.863024135545096;19.08.2025 0:30;19.08.2025 0:30;0;182,65;0;0;0;0;Filtered;Filtered;Weak Entry Signal;1
SOLUSDT;Long;41.20168251598108;19.08.2025 3:15;19.08.2025 3:15;0;181,99;0;0;0;0;Filtered;Filtered;Weak Entry Signal;1
SOLUSDT;Long;29.486945975918985;19.08.2025 4:15;19.08.2025 4:15;19.08.2025 05:50;178,46;179,81;0,756472039;1,583333333;173,1062;Profit;Reverse Signal (Short);;0
SOLUSDT;Short;58.87332983929663;19.08.2025 9:45;19.08.2025 9:45;0;181,29;0;0;0;0;Filtered;Filtered;Weak Entry Signal;1
SOLUSDT;Short;56.31204428529811;19.08.2025 10:40;19.08.2025 10:40;0;181,63;0;0;0;0;Filtered;Filtered;Weak Entry Signal;1
SOLUSDT;Long;45.566874861975776;19.08.2025 15:20;19.08.2025 15:20;0;179,56;0;0;0;0;Filtered;Filtered;Weak Entry Signal;1
SOLUSDT;Long;39.714036062278616;19.08.2025 16:00;19.08.2025 16:00;0;178,31;0;0;0;0;Filtered;Filtered;Weak Entry Signal;1
SOLUSDT;Long;41.36604912303975;19.08.2025 16:20;19.08.2025 16:20;0;178,29;0;0;0;0;Filtered;Filtered;Weak Entry Signal;1
SOLUSDT;Long;42.46200304867256;19.08.2025 16:40;19.08.2025 16:40;0;177,97;0;0;0;0;Filtered;Filtered;Weak Entry Signal;1
SOLUSDT;Short;63.070308069123634;20.08.2025 2:55;20.08.2025 2:55;0;180,8;0;0;0;0;Filtered;Filtered;Weak Entry Signal;1
SOLUSDT;Short;58.25990461244062;20.08.2025 3:35;20.08.2025 3:35;0;180,92;0;0;0;0;Filtered;Filtered;Weak Entry Signal;1
SOLUSDT;Long;41.65313092045831;20.08.2025 11:50;20.08.2025 11:50;0;179,76;0;0;0;0;Filtered;Filtered;Weak Entry Signal;1
SOLUSDT;Short;62.690378218072084;20.08.2025 15:35;20.08.2025 15:35;0;183,8;0;0;0;0;Filtered;Filtered;Weak Entry Signal;1
SOLUSDT;Short;60.954576047542574;20.08.2025 16:30;20.08.2025 16:30;0;184,33;0;0;0;0;Filtered;Filtered;Weak Entry Signal;1
SOLUSDT;Short;60.13665355610488;20.08.2025 16:50;20.08.2025 16:50;0;184,34;0;0;0;0;Filtered;Filtered;Weak Entry Signal;1
SOLUSDT;Short;52.6587867547193;20.08.2025 17:10;20.08.2025 17:10;0;183,9;0;0;0;0;Filtered;Filtered;Weak Entry Signal;1
SOLUSDT;Short;66.26043956006006;20.08.2025 20:10;20.08.2025 20:10;0;186,92;0;0;0;0;Filtered;Filtered;Weak Entry Signal;1
SOLUSDT;Long;33.282449849821305;21.08.2025 9:25;21.08.2025 9:25;0;184,73;0;0;0;0;Filtered;Filtered;Weak Entry Signal;1
SOLUSDT;Long;45.41227519968802;21.08.2025 10:05;21.08.2025 10:05;0;185,09;0;0;0;0;Filtered;Filtered;Weak Entry Signal;1
SOLUSDT;Long;38.20795127400349;21.08.2025 10:25;21.08.2025 10:25;0;184,29;0;0;0;0;Filtered;Filtered;Weak Entry Signal;1
SOLUSDT;Long;41.85188113468368;21.08.2025 10:40;21.08.2025 10:40;0;184,39;0;0;0;0;Filtered;Filtered;Weak Entry Signal;1
SOLUSDT;Long;39.233999510014385;21.08.2025 16:10;21.08.2025 16:10;0;181,97;0;0;0;0;Filtered;Filtered;Weak Entry Signal;1
SOLUSDT;Long;37.74920476411398;21.08.2025 16:35;21.08.2025 16:35;0;181,51;0;0;0;0;Filtered;Filtered;Weak Entry Signal;1
SOLUSDT;Long;44.004428899709126;21.08.2025 17:30;21.08.2025 17:30;0;181,13;0;0;0;0;Filtered;Filtered;Weak Entry Signal;1
SOLUSDT;Short;58.82148399549103;22.08.2025 2:30;22.08.2025 2:30;0;182,62;0;0;0;0;Filtered;Filtered;Weak Entry Signal;1
SOLUSDT;Short;61.732056119682646;22.08.2025 8:35;22.08.2025 8:35;0;184,67;0;0;0;0;Filtered;Filtered;Weak Entry Signal;1
SOLUSDT;Long;33.98328987426571;22.08.2025 11:45;22.08.2025 11:45;22.08.2025 15:10;180,52;192,97;6,896742743;3,416666667;175,1044;Profit;Reverse Signal (Short);;0
SOLUSDT;Long;31.29076476799503;22.08.2025 12:40;22.08.2025 12:40;22.08.2025 15:10;178,39;192,97;8,173103874;2,5;173,0383;Profit;Reverse Signal (Short);;0
SOLUSDT;Short;80.20218294547242;22.08.2025 15:45;22.08.2025 15:45;0;194,83;0;0;0;0;Filtered;Filtered;Secondary TF Filter: Uptrend: avg_sma_change=1.59, no_rsi_extreme=True;1
SOLUSDT;Short;63.7159990225943;22.08.2025 21:10;22.08.2025 21:10;0;200,61;0;0;0;0;Filtered;Filtered;Weak Entry Signal;1
SOLUSDT;Short;60.55612827879062;22.08.2025 21:30;22.08.2025 21:30;0;200,87;0;0;0;0;Filtered;Filtered;Weak Entry Signal;1
SOLUSDT;Long;42.107289306752804;23.08.2025 1:50;23.08.2025 1:50;0;197,75;0;0;0;0;Filtered;Filtered;Weak Entry Signal;1
SOLUSDT;Long;40.031644198706324;23.08.2025 2:40;23.08.2025 2:40;0;196,62;0;0;0;0;Filtered;Filtered;Weak Entry Signal;1
SOLUSDT;Short;77.21966056694043;23.08.2025 5:35;23.08.2025 5:35;0;207,23;0;0;0;0;Filtered;Filtered;Secondary TF Filter: Uptrend: avg_sma_change=1.75, no_rsi_extreme=True;1
SOLUSDT;Long;38.82795812829135;23.08.2025 11:05;23.08.2025 11:05;0;202,63;0;0;0;0;Filtered;Filtered;Weak Entry Signal;1
SOLUSDT;Long;42.34404239461105;23.08.2025 11:45;23.08.2025 11:45;0;202,57;0;0;0;0;Filtered;Filtered;Weak Entry Signal;1
SOLUSDT;Long;39.59146839065693;23.08.2025 12:05;23.08.2025 12:05;0;201,87;0;0;0;0;Filtered;Filtered;Weak Entry Signal;1
SOLUSDT;Short;60.80090115619463;24.08.2025 0:05;24.08.2025 0:05;0;204,84;0;0;0;0;Filtered;Filtered;Weak Entry Signal;1
SOLUSDT;Short;59.01439331000636;24.08.2025 1:00;24.08.2025 1:00;0;205,79;0;0;0;0;Filtered;Filtered;Weak Entry Signal;1
SOLUSDT;Short;55.71629381634984;24.08.2025 1:15;24.08.2025 1:15;0;205,85;0;0;0;0;Filtered;Filtered;Weak Entry Signal;1
SOLUSDT;Short;67.44309150136476;24.08.2025 2:35;24.08.2025 2:35;0;210,1;0;0;0;0;Filtered;Filtered;Secondary TF Filter: Recent bull cross at RSI_SMA=53.00;1
SOLUSDT;Long;35.124430947420635;24.08.2025 11:00;24.08.2025 11:00;0;205,17;0;0;0;0;Filtered;Filtered;Weak Entry Signal;1
SOLUSDT;Long;29.69254687068954;24.08.2025 11:20;24.08.2025 11:20;24.08.2025 15:35;203,88;207,25;1,652933098;4,25;197,7636;Profit;Reverse Signal (Short);;0
SOLUSDT;Long;37.5935484561948;24.08.2025 11:45;24.08.2025 11:45;0;204,1;0;0;0;0;Filtered;Filtered;Weak Entry Signal;1
SOLUSDT;Short;56.382432832704914;24.08.2025 15:35;24.08.2025 15:35;0;207,25;0;0;0;0;Filtered;Filtered;Weak Entry Signal;1
SOLUSDT;Short;67.32283627162911;24.08.2025 18:55;24.08.2025 18:55;0;211,29;0;0;0;0;Filtered;Filtered;Weak Entry Signal;1
SOLUSDT;Long;40.56422609964982;24.08.2025 20:20;24.08.2025 20:20;0;204,68;0;0;0;0;Filtered;Filtered;Weak Entry Signal;1
SOLUSDT;Short;64.79707947455846;25.08.2025 3:00;25.08.2025 3:00;0;212,06;0;0;0;0;Filtered;Filtered;Weak Entry Signal;1
SOLUSDT;Long;36.48734048561645;25.08.2025 5:15;25.08.2025 5:15;0;206,39;0;0;0;0;Filtered;Filtered;Weak Entry Signal;1
SOLUSDT;Long;30.666640837719285;25.08.2025 6:10;25.08.2025 6:10;25.08.2025 10:00;203,75;197,6375;-3;3,833333333;197,6375;Loss;Stop Loss;;0
SOLUSDT;Long;31.040678186661765;25.08.2025 6:50;25.08.2025 6:50;25.08.2025 10:20;202,7;196,619;-3;3,5;196,619;Loss;Stop Loss;;0
SOLUSDT;Long;38.09679962361119;25.08.2025 7:35;25.08.2025 7:35;0;202;0;0;0;0;Filtered;Filtered;Weak Entry Signal;1
SOLUSDT;Long;42.739871290390575;25.08.2025 8:15;25.08.2025 8:15;0;200,67;0;0;0;0;Filtered;Filtered;Weak Entry Signal;1
SOLUSDT;Long;40.550029906217;25.08.2025 9:10;25.08.2025 9:10;0;199,17;0;0;0;0;Filtered;Filtered;Weak Entry Signal;1
SOLUSDT;Long;35.44810714209554;25.08.2025 10:55;25.08.2025 10:55;0;195,83;0;0;0;0;Filtered;Filtered;Weak Entry Signal;1
SOLUSDT;Long;23.67357919140207;25.08.2025 20:40;25.08.2025 20:40;0;188,23;0;0;0;0;Filtered;Filtered;Secondary TF Filter: Downtrend: avg_sma_change=-2.42, no_rsi_extreme=True;1
SOLUSDT;Long;21.19875244366837;25.08.2025 21:00;25.08.2025 21:00;0;186,56;0;0;0;0;Filtered;Filtered;Secondary TF Filter: Downtrend: avg_sma_change=-2.42, no_rsi_extreme=True;1
SOLUSDT;Short;55.20245217558603;26.08.2025 5:55;26.08.2025 5:55;0;188,75;0;0;0;0;Filtered;Filtered;Weak Entry Signal;1
SOLUSDT;Short;57.10935160565592;26.08.2025 6:10;26.08.2025 6:10;0;189,13;0;0;0;0;Filtered;Filtered;Weak Entry Signal;1
SOLUSDT;Short;61.02042637247695;26.08.2025 18:05;26.08.2025 18:05;0;193,64;0;0;0;0;Filtered;Filtered;Weak Entry Signal;1
SOLUSDT;Short;65.12927150045977;26.08.2025 19:00;26.08.2025 19:00;0;194,76;0;0;0;0;Filtered;Filtered;Weak Entry Signal;1
SOLUSDT;Short;63.787550014205586;26.08.2025 20:00;26.08.2025 20:00;0;196,57;0;0;0;0;Filtered;Filtered;Weak Entry Signal;1
SOLUSDT;Short;60.06335531574641;27.08.2025 2:55;27.08.2025 2:55;0;198,3;0;0;0;0;Filtered;Filtered;Weak Entry Signal;1
SOLUSDT;Short;76.44851145801087;27.08.2025 4:45;27.08.2025 4:45;0;204,99;0;0;0;0;Filtered;Filtered;Secondary TF Filter: Uptrend: avg_sma_change=1.18, no_rsi_extreme=True;1
SOLUSDT;Short;59.09623156722657;27.08.2025 9:40;27.08.2025 9:40;0;204,03;0;0;0;0;Filtered;Filtered;Weak Entry Signal;1
SOLUSDT;Short;57.25728891593763;27.08.2025 10:20;27.08.2025 10:20;0;204,32;0;0;0;0;Filtered;Filtered;Weak Entry Signal;1
SOLUSDT;Short;60.27106065697174;27.08.2025 15:20;27.08.2025 15:20;0;207,64;0;0;0;0;Filtered;Filtered;Weak Entry Signal;1
SOLUSDT;Short;64.31333901598907;27.08.2025 18:40;27.08.2025 18:40;0;210,93;0;0;0;0;Filtered;Filtered;Weak Entry Signal;1
SOLUSDT;Long;42.908938204455985;27.08.2025 20:15;27.08.2025 20:15;0;206,22;0;0;0;0;Filtered;Filtered;Weak Entry Signal;1
SOLUSDT;Short;60.258141773307536;28.08.2025 4:00;28.08.2025 4:00;0;207,64;0;0;0;0;Filtered;Filtered;Weak Entry Signal;1
SOLUSDT;Short;63.416130593420995;28.08.2025 4:20;28.08.2025 4:20;0;208,46;0;0;0;0;Filtered;Filtered;Weak Entry Signal;1
SOLUSDT;Short;66.31562076177906;28.08.2025 5:10;28.08.2025 5:10;28.08.2025 10:10;211,62;212,63;-0,477270579;5;217,9686;Loss;Reverse Signal (Long);;0
ADAUSDT;Long;37.888987290603716;29.07.2025 14:40;29.07.2025 14:40;0;0,7868;0;0;0;0;Filtered;Filtered;Weak Entry Signal;1
ADAUSDT;Long;34.23660177130225;29.07.2025 14:55;29.07.2025 14:55;0;0,7805;0;0;0;0;Filtered;Filtered;Weak Entry Signal;1
ADAUSDT;Long;36.48789238823006;29.07.2025 15:10;29.07.2025 15:10;0;0,7801;0;0;0;0;Filtered;Filtered;Weak Entry Signal;1
ADAUSDT;Long;35.80963544928419;29.07.2025 15:35;29.07.2025 15:35;0;0,7779;0;0;0;0;Filtered;Filtered;Weak Entry Signal;1
ADAUSDT;Long;44.308841905649764;29.07.2025 16:40;29.07.2025 16:40;0;0,7769;0;0;0;0;Filtered;Filtered;Weak Entry Signal;1
ADAUSDT;Long;41.69136874928722;30.07.2025 10:00;30.07.2025 10:00;0;0,7727;0;0;0;0;Filtered;Filtered;Weak Entry Signal;1
ADAUSDT;Long;30.920224356159792;30.07.2025 11:55;30.07.2025 11:55;0;0,7566;0;0;0;0;Filtered;Filtered;Weak Entry Signal;1
ADAUSDT;Long;30.175087074019714;30.07.2025 12:10;30.07.2025 12:10;30.07.2025 15:10;0,7553;0,7706;2,025685158;3;0,732641;Profit;Reverse Signal (Short);;0
ADAUSDT;Short;59.17739429383013;30.07.2025 15:10;30.07.2025 15:10;0;0,7706;0;0;0;0;Filtered;Filtered;Weak Entry Signal;1
ADAUSDT;Short;62.525925896815956;30.07.2025 15:40;30.07.2025 15:40;0;0,7738;0;0;0;0;Filtered;Filtered;Weak Entry Signal;1
ADAUSDT;Short;56.70341277674457;30.07.2025 16:25;30.07.2025 16:25;0;0,7742;0;0;0;0;Filtered;Filtered;Weak Entry Signal;1
ADAUSDT;Long;36.8429196478435;30.07.2025 19:25;30.07.2025 19:25;0;0,7501;0;0;0;0;Filtered;Filtered;Weak Entry Signal;1
ADAUSDT;Short;61.99123473372048;31.07.2025 1:15;31.07.2025 1:15;0;0,7702;0;0;0;0;Filtered;Filtered;Secondary TF Filter: Recent bull cross at RSI_SMA=37.22;1
ADAUSDT;Short;63.16417055461053;31.07.2025 4:00;31.07.2025 4:00;0;0,7786;0;0;0;0;Filtered;Filtered;Weak Entry Signal;1
ADAUSDT;Long;37.132831247926255;31.07.2025 11:55;31.07.2025 11:55;0;0,7787;0;0;0;0;Filtered;Filtered;Weak Entry Signal;1
ADAUSDT;Long;35.240765723930664;31.07.2025 12:25;31.07.2025 12:25;0;0,7763;0;0;0;0;Filtered;Filtered;Weak Entry Signal;1
ADAUSDT;Long;33.87986449591418;31.07.2025 12:45;31.07.2025 12:45;0;0,7733;0;0;0;0;Filtered;Filtered;Weak Entry Signal;1
ADAUSDT;Long;35.00592601981876;31.07.2025 13:35;31.07.2025 13:35;31.07.2025 16:45;0,7654;0,7691;0,483407369;3,166666667;0,742438;Profit;Reverse Signal (Short);;0
ADAUSDT;Long;38.96224904562127;31.07.2025 14:45;31.07.2025 14:45;0;0,7602;0;0;0;0;Filtered;Filtered;Weak Entry Signal;1
ADAUSDT;Long;36.42396212224152;31.07.2025 15:00;31.07.2025 15:00;0;0,7573;0;0;0;0;Filtered;Filtered;Weak Entry Signal;1
ADAUSDT;Long;37.14376875746228;31.07.2025 20:10;31.07.2025 20:10;0;0,7496;0;0;0;0;Filtered;Filtered;Weak Entry Signal;1
ADAUSDT;Long;39.37749925981627;31.07.2025 22:50;31.07.2025 22:50;0;0,7416;0;0;0;0;Filtered;Filtered;Weak Entry Signal;1
ADAUSDT;Long;41.90243645453385;01.08.2025 0:35;01.08.2025 0:35;0;0,7353;0;0;0;0;Filtered;Filtered;Weak Entry Signal;1
ADAUSDT;Long;43.364753586534746;01.08.2025 5:35;01.08.2025 5:35;0;0,7281;0;0;0;0;Filtered;Filtered;Weak Entry Signal;1
ADAUSDT;Long;40.427157367424456;01.08.2025 5:50;01.08.2025 5:50;0;0,7255;0;0;0;0;Filtered;Filtered;Weak Entry Signal;1
ADAUSDT;Long;39.380302512910106;01.08.2025 6:05;01.08.2025 6:05;0;0,7244;0;0;0;0;Filtered;Filtered;Weak Entry Signal;1
ADAUSDT;Long;38.470188011543144;01.08.2025 6:30;01.08.2025 6:30;0;0,7218;0;0;0;0;Filtered;Filtered;Weak Entry Signal;1
ADAUSDT;Short;54.27506973954973;01.08.2025 12:45;01.08.2025 12:45;0;0,7278;0;0;0;0;Filtered;Filtered;Weak Entry Signal;1
ADAUSDT;Long;42.413201413294495;01.08.2025 17:55;01.08.2025 17:55;0;0,7229;0;0;0;0;Filtered;Filtered;Weak Entry Signal;1
ADAUSDT;Long;44.43865873248488;01.08.2025 23:05;01.08.2025 23:05;0;0,7099;0;0;0;0;Filtered;Filtered;Weak Entry Signal;1
ADAUSDT;Short;59.31147263597055;02.08.2025 2:55;02.08.2025 2:55;0;0,7224;0;0;0;0;Filtered;Filtered;Weak Entry Signal;1
ADAUSDT;Short;59.54811283980815;02.08.2025 3:15;02.08.2025 3:15;0;0,7229;0;0;0;0;Filtered;Filtered;Weak Entry Signal;1
ADAUSDT;Long;34.74910729462087;02.08.2025 7:00;02.08.2025 7:00;02.08.2025 08:25;0,7132;0,7186;0,757150869;1,416666667;0,691804;Profit;Reverse Signal (Short);;0
ADAUSDT;Long;39.94605652408512;02.08.2025 10:45;02.08.2025 10:45;0;0,7091;0;0;0;0;Filtered;Filtered;Weak Entry Signal;1
ADAUSDT;Long;41.44354041641549;02.08.2025 15:05;02.08.2025 15:05;0;0,706;0;0;0;0;Filtered;Filtered;Weak Entry Signal;1
ADAUSDT;Long;36.459621602900775;02.08.2025 15:35;02.08.2025 15:35;0;0,7021;0;0;0;0;Filtered;Filtered;Weak Entry Signal;1
ADAUSDT;Long;37.1804306409668;02.08.2025 16:15;02.08.2025 16:15;0;0,6993;0;0;0;0;Filtered;Filtered;Weak Entry Signal;1
ADAUSDT;Long;33.619614197355105;02.08.2025 18:55;02.08.2025 18:55;0;0,6881;0;0;0;0;Filtered;Filtered;Weak Entry Signal;1
ADAUSDT;Short;62.06087778237149;03.08.2025 3:10;03.08.2025 3:10;0;0,7118;0;0;0;0;Filtered;Filtered;Weak Entry Signal;1
ADAUSDT;Short;65.89014975311451;03.08.2025 3:55;03.08.2025 3:55;0;0,7161;0;0;0;0;Filtered;Filtered;Weak Entry Signal;1
ADAUSDT;Short;66.41419710893378;03.08.2025 7:40;03.08.2025 7:40;0;0,7226;0;0;0;0;Filtered;Filtered;Weak Entry Signal;1
ADAUSDT;Short;63.18712160854284;04.08.2025 1:15;04.08.2025 1:15;04.08.2025 09:20;0,7376;0,7414;-0,515184382;8,083333333;0,759728;Loss;Timeout;;0
ADAUSDT;Short;62.16021161586364;04.08.2025 8:10;04.08.2025 8:10;0;0,7406;0;0;0;0;Filtered;Filtered;Weak Entry Signal;1
ADAUSDT;Long;38.825560151192356;04.08.2025 19:50;04.08.2025 19:50;0;0,7434;0;0;0;0;Filtered;Filtered;Weak Entry Signal;1
ADAUSDT;Short;59.77803430145523;04.08.2025 21:50;04.08.2025 21:50;0;0,753;0;0;0;0;Filtered;Filtered;Weak Entry Signal;1
ADAUSDT;Short;58.39689555372123;04.08.2025 22:25;04.08.2025 22:25;0;0,7544;0;0;0;0;Filtered;Filtered;Weak Entry Signal;1
ADAUSDT;Short;60.591948595348114;04.08.2025 23:00;04.08.2025 23:00;0;0,7563;0;0;0;0;Filtered;Filtered;Weak Entry Signal;1
ADAUSDT;Short;58.58339697592226;04.08.2025 23:15;04.08.2025 23:15;0;0,7565;0;0;0;0;Filtered;Filtered;Weak Entry Signal;1
ADAUSDT;Long;39.32489031876779;05.08.2025 3:50;05.08.2025 3:50;0;0,7477;0;0;0;0;Filtered;Filtered;Weak Entry Signal;1
ADAUSDT;Long;38.65434627656177;05.08.2025 4:05;05.08.2025 4:05;0;0,7468;0;0;0;0;Filtered;Filtered;Weak Entry Signal;1
ADAUSDT;Long;34.46250950145004;05.08.2025 7:45;05.08.2025 7:45;0;0,7383;0;0;0;0;Filtered;Filtered;Weak Entry Signal;1
ADAUSDT;Long;36.21551957171103;05.08.2025 8:15;05.08.2025 8:15;0;0,7367;0;0;0;0;Filtered;Filtered;Weak Entry Signal;1
ADAUSDT;Short;68.07118854358274;05.08.2025 10:45;05.08.2025 10:45;05.08.2025 13:10;0,7542;0,7403;1,843012464;2,416666667;0,776826;Profit;Reverse Signal (Long);;0
ADAUSDT;Long;42.55207580796402;05.08.2025 13:15;05.08.2025 13:15;0;0,7427;0;0;0;0;Filtered;Filtered;Weak Entry Signal;1
ADAUSDT;Long;32.749251538612526;05.08.2025 14:55;05.08.2025 14:55;0;0,7262;0;0;0;0;Filtered;Filtered;Weak Entry Signal;1
ADAUSDT;Long;37.886815289689004;05.08.2025 15:55;05.08.2025 15:55;0;0,7233;0;0;0;0;Filtered;Filtered;Weak Entry Signal;1
ADAUSDT;Short;59.367219034703176;05.08.2025 23:50;05.08.2025 23:50;0;0,7262;0;0;0;0;Filtered;Filtered;Weak Entry Signal;1
ADAUSDT;Long;37.390172473915776;06.08.2025 1:35;06.08.2025 1:35;0;0,7174;0;0;0;0;Filtered;Filtered;Weak Entry Signal;1
ADAUSDT;Short;63.18830592465731;06.08.2025 5:50;06.08.2025 5:50;0;0,725;0;0;0;0;Filtered;Filtered;Weak Entry Signal;1
ADAUSDT;Short;61.60683553747333;06.08.2025 15:45;06.08.2025 15:45;0;0,7354;0;0;0;0;Filtered;Filtered;Weak Entry Signal;1
ADAUSDT;Short;62.8157935067476;06.08.2025 16:10;06.08.2025 16:10;0;0,7401;0;0;0;0;Filtered;Filtered;Weak Entry Signal;1
ADAUSDT;Long;36.576649933059024;07.08.2025 3:30;07.08.2025 3:30;0;0,7355;0;0;0;0;Filtered;Filtered;Weak Entry Signal;1
ADAUSDT;Long;39.255806597722575;07.08.2025 4:00;07.08.2025 4:00;0;0,7351;0;0;0;0;Filtered;Filtered;Weak Entry Signal;1
ADAUSDT;Short;61.5802527908228;07.08.2025 6:25;07.08.2025 6:25;0;0,7412;0;0;0;0;Filtered;Filtered;Weak Entry Signal;1
ADAUSDT;Short;58.95362057679234;07.08.2025 6:50;07.08.2025 6:50;0;0,7415;0;0;0;0;Filtered;Filtered;Weak Entry Signal;1
ADAUSDT;Short;55.43666373986191;07.08.2025 7:25;07.08.2025 7:25;0;0,7417;0;0;0;0;Filtered;Filtered;Weak Entry Signal;1
ADAUSDT;Short;80.28548640598738;07.08.2025 11:05;07.08.2025 11:05;0;0,763;0;0;0;0;Filtered;Filtered;Secondary TF Filter: Recent bull cross at RSI_SMA=59.40;1
ADAUSDT;Short;75.18245250436877;07.08.2025 11:30;07.08.2025 11:30;0;0,765;0;0;0;0;Filtered;Filtered;Secondary TF Filter: Recent bull cross at RSI_SMA=59.40;1
ADAUSDT;Short;79.75970036324782;07.08.2025 12:05;07.08.2025 12:05;0;0,7717;0;0;0;0;Filtered;Filtered;Secondary TF Filter: Recent bull cross at RSI_SMA=59.40;1
ADAUSDT;Long;39.73220052504621;07.08.2025 17:40;07.08.2025 17:40;0;0,7536;0;0;0;0;Filtered;Filtered;Weak Entry Signal;1
ADAUSDT;Long;37.55558958609841;07.08.2025 18:15;07.08.2025 18:15;0;0,7519;0;0;0;0;Filtered;Filtered;Weak Entry Signal;1
ADAUSDT;Short;72.3094729940079;07.08.2025 20:50;07.08.2025 20:50;0;0,7683;0;0;0;0;Filtered;Filtered;Secondary TF Filter: Uptrend: avg_sma_change=1.05, no_rsi_extreme=True;1
ADAUSDT;Short;70.48190107115587;07.08.2025 21:50;07.08.2025 21:50;0;0,777;0;0;0;0;Filtered;Filtered;Secondary TF Filter: Uptrend: avg_sma_change=1.25, no_rsi_extreme=True;1
ADAUSDT;Short;61.89725008665434;08.08.2025 0:00;08.08.2025 0:00;0;0,7863;0;0;0;0;Filtered;Filtered;Weak Entry Signal;1
ADAUSDT;Long;32.111198038788274;08.08.2025 13:10;08.08.2025 13:10;0;0,7885;0;0;0;0;Filtered;Filtered;Weak Entry Signal;1
ADAUSDT;Long;39.95724713767278;08.08.2025 15:45;08.08.2025 15:45;0;0,7813;0;0;0;0;Filtered;Filtered;Weak Entry Signal;1
ADAUSDT;Short;66.70894997243661;08.08.2025 18:10;08.08.2025 18:10;0;0,7982;0;0;0;0;Filtered;Filtered;Weak Entry Signal;1
ADAUSDT;Short;60.969566304247344;08.08.2025 18:25;08.08.2025 18:25;0;0,7976;0;0;0;0;Filtered;Filtered;Weak Entry Signal;1
ADAUSDT;Short;56.02932623610968;09.08.2025 2:30;09.08.2025 2:30;0;0,7976;0;0;0;0;Filtered;Filtered;Weak Entry Signal;1
ADAUSDT;Short;58.17820639588233;09.08.2025 3:20;09.08.2025 3:20;0;0,7997;0;0;0;0;Filtered;Filtered;Weak Entry Signal;1
ADAUSDT;Short;69.9887144012229;09.08.2025 5:40;09.08.2025 5:40;0;0,8127;0;0;0;0;Filtered;Filtered;Secondary TF Filter: Recent bull cross at RSI_SMA=50.68;1
ADAUSDT;Short;63.4742857870867;09.08.2025 10:15;09.08.2025 10:15;0;0,8154;0;0;0;0;Filtered;Filtered;Weak Entry Signal;1
ADAUSDT;Long;39.116494614352966;09.08.2025 23:30;09.08.2025 23:30;0;0,8035;0;0;0;0;Filtered;Filtered;Weak Entry Signal;1
ADAUSDT;Short;60.08429856458149;10.08.2025 5:05;10.08.2025 5:05;0;0,8288;0;0;0;0;Filtered;Filtered;Weak Entry Signal;1
ADAUSDT;Long;34.468763996422965;10.08.2025 6:30;10.08.2025 6:30;0;0,8082;0;0;0;0;Filtered;Filtered;Weak Entry Signal;1
ADAUSDT;Long;32.780138373963126;10.08.2025 8:10;10.08.2025 8:10;0;0,7907;0;0;0;0;Filtered;Filtered;Weak Entry Signal;1
ADAUSDT;Short;61.66251883748548;10.08.2025 15:15;10.08.2025 15:15;0;0,8031;0;0;0;0;Filtered;Filtered;Weak Entry Signal;1
ADAUSDT;Short;55.93750248335238;10.08.2025 15:30;10.08.2025 15:30;0;0,8019;0;0;0;0;Filtered;Filtered;Weak Entry Signal;1
ADAUSDT;Long;41.1637795009277;10.08.2025 21:15;10.08.2025 21:15;0;0,7973;0;0;0;0;Filtered;Filtered;Weak Entry Signal;1
ADAUSDT;Short;74.35568069758963;11.08.2025 2:55;11.08.2025 2:55;0;0,8272;0;0;0;0;Filtered;Filtered;Secondary TF Filter: Uptrend: avg_sma_change=1.63, no_rsi_extreme=True;1
ADAUSDT;Long;37.496222626253385;11.08.2025 8:10;11.08.2025 8:10;0;0,8106;0;0;0;0;Filtered;Filtered;Weak Entry Signal;1
ADAUSDT;Long;25.182101517781504;11.08.2025 11:55;11.08.2025 11:55;11.08.2025 14:40;0,7907;0,7929;0,278234476;2,75;0,766979;Profit;Reverse Signal (Short);;0
ADAUSDT;Long;29.15079775644392;11.08.2025 12:45;11.08.2025 12:45;11.08.2025 14:40;0,7862;0,7929;0,852200458;1,916666667;0,762614;Profit;Reverse Signal (Short);;0
ADAUSDT;Long;37.96263961843023;11.08.2025 13:15;11.08.2025 13:15;0;0,7869;0;0;0;0;Filtered;Filtered;Weak Entry Signal;1
ADAUSDT;Long;39.45666919278903;11.08.2025 20:45;11.08.2025 20:45;0;0,7834;0;0;0;0;Filtered;Filtered;Weak Entry Signal;1
ADAUSDT;Long;38.58547920422762;11.08.2025 21:00;11.08.2025 21:00;0;0,7825;0;0;0;0;Filtered;Filtered;Weak Entry Signal;1
ADAUSDT;Long;38.6149804514169;11.08.2025 21:20;11.08.2025 21:20;0;0,7812;0;0;0;0;Filtered;Filtered;Weak Entry Signal;1
ADAUSDT;Long;35.67439360603598;11.08.2025 21:55;11.08.2025 21:55;0;0,7745;0;0;0;0;Filtered;Filtered;Weak Entry Signal;1
ADAUSDT;Long;33.36618893891695;11.08.2025 22:25;11.08.2025 22:25;0;0,7696;0;0;0;0;Filtered;Filtered;Secondary TF Filter: Downtrend: avg_sma_change=-3.01, no_rsi_extreme=True;1
ADAUSDT;Short;58.55344250591428;12.08.2025 2:00;12.08.2025 2:00;0;0,7818;0;0;0;0;Filtered;Filtered;Weak Entry Signal;1
ADAUSDT;Short;63.88972600719905;12.08.2025 2:45;12.08.2025 2:45;0;0,7864;0;0;0;0;Filtered;Filtered;Weak Entry Signal;1
ADAUSDT;Long;39.31435201681153;12.08.2025 5:55;12.08.2025 5:55;0;0,777;0;0;0;0;Filtered;Filtered;Weak Entry Signal;1
ADAUSDT;Long;45.37983000758937;12.08.2025 10:20;12.08.2025 10:20;0;0,7744;0;0;0;0;Filtered;Filtered;Weak Entry Signal;1
ADAUSDT;Long;39.419352931241136;12.08.2025 10:40;12.08.2025 10:40;0;0,7718;0;0;0;0;Filtered;Filtered;Weak Entry Signal;1
ADAUSDT;Short;59.73852781348162;12.08.2025 13:00;12.08.2025 13:00;0;0,7861;0;0;0;0;Filtered;Filtered;Weak Entry Signal;1
ADAUSDT;Short;67.5733106281196;12.08.2025 13:30;12.08.2025 13:30;0;0,7931;0;0;0;0;Filtered;Filtered;Secondary TF Filter: Uptrend: avg_sma_change=1.60, no_rsi_extreme=True;1
ADAUSDT;Short;59.08195912296046;12.08.2025 14:15;12.08.2025 14:15;0;0,7939;0;0;0;0;Filtered;Filtered;Weak Entry Signal;1
ADAUSDT;Short;67.21149790824958;12.08.2025 15:05;12.08.2025 15:05;0;0,8058;0;0;0;0;Filtered;Filtered;Weak Entry Signal;1
ADAUSDT;Short;66.65959398528913;12.08.2025 15:35;12.08.2025 15:35;0;0,8109;0;0;0;0;Filtered;Filtered;Secondary TF Filter: Uptrend: avg_sma_change=2.17, no_rsi_extreme=True;1
ADAUSDT;Short;69.40216845109313;12.08.2025 17:25;12.08.2025 17:25;0;0,8292;0;0;0;0;Filtered;Filtered;Secondary TF Filter: Uptrend: avg_sma_change=2.41, no_rsi_extreme=True;1
ADAUSDT;Short;64.26148795216305;12.08.2025 18:50;12.08.2025 18:50;0;0,8367;0;0;0;0;Filtered;Filtered;Weak Entry Signal;1
ADAUSDT;Short;72.18616322826598;12.08.2025 19:20;12.08.2025 19:20;0;0,8451;0;0;0;0;Filtered;Filtered;Secondary TF Filter: Uptrend: avg_sma_change=2.57, no_rsi_extreme=True;1
ADAUSDT;Short;66.82215457536387;13.08.2025 3:55;13.08.2025 3:55;0;0,8558;0;0;0;0;Filtered;Filtered;Weak Entry Signal;1
ADAUSDT;Short;65.58295079767703;13.08.2025 4:15;13.08.2025 4:15;0;0,8591;0;0;0;0;Filtered;Filtered;Weak Entry Signal;1
ADAUSDT;Long;41.60849873891823;13.08.2025 6:05;13.08.2025 6:05;0;0,8434;0;0;0;0;Filtered;Filtered;Weak Entry Signal;1
ADAUSDT;Short;68.88846978540556;13.08.2025 8:45;13.08.2025 8:45;13.08.2025 16:50;0,867;0,869;-0,230680507;8,083333333;0,89301;Loss;Timeout;;0
ADAUSDT;Short;68.65356072974663;13.08.2025 9:10;13.08.2025 9:10;13.08.2025 17:15;0,8796;0,8737;0,670759436;8,083333333;0,905988;Profit;Timeout;;0
ADAUSDT;Short;53.95672736570509;13.08.2025 20:00;13.08.2025 20:00;0;0,8794;0;0;0;0;Filtered;Filtered;Weak Entry Signal;1
ADAUSDT;Short;57.13155932912533;13.08.2025 22:15;13.08.2025 22:15;0;0,8867;0;0;0;0;Filtered;Filtered;Weak Entry Signal;1
ADAUSDT;Short;73.58194566603515;13.08.2025 23:25;13.08.2025 23:25;0;0,9114;0;0;0;0;Filtered;Filtered;Secondary TF Filter: Recent bull cross at RSI_SMA=66.46;1
ADAUSDT;Short;70.0198325462257;14.08.2025 0:20;14.08.2025 0:20;0;0,9247;0;0;0;0;Filtered;Filtered;Secondary TF Filter: Recent bull cross at RSI_SMA=66.46;1
ADAUSDT;Short;64.48443950719843;14.08.2025 0:35;14.08.2025 0:35;0;0,9232;0;0;0;0;Filtered;Filtered;Weak Entry Signal;1
ADAUSDT;Short;71.34943879557719;14.08.2025 3:20;14.08.2025 3:20;0;0,9798;0;0;0;0;Filtered;Filtered;Secondary TF Filter: Uptrend: avg_sma_change=0.74, no_rsi_extreme=True;1
ADAUSDT;Short;66.45666503627955;14.08.2025 3:50;14.08.2025 3:50;0;0,9809;0;0;0;0;Filtered;Filtered;Secondary TF Filter: Uptrend: avg_sma_change=1.08, no_rsi_extreme=True;1
ADAUSDT;Short;67.14641347869558;14.08.2025 4:10;14.08.2025 4:10;0;0,9863;0;0;0;0;Filtered;Filtered;Secondary TF Filter: Uptrend: avg_sma_change=1.08, no_rsi_extreme=True;1
ADAUSDT;Short;63.2391114784081;14.08.2025 4:30;14.08.2025 4:30;0;0,99;0;0;0;0;Filtered;Filtered;Weak Entry Signal;1
ADAUSDT;Long;40.990411268126294;14.08.2025 11:15;14.08.2025 11:15;0;0,9706;0;0;0;0;Filtered;Filtered;Weak Entry Signal;1
ADAUSDT;Long;38.95850585535729;14.08.2025 12:00;14.08.2025 12:00;0;0,9645;0;0;0;0;Filtered;Filtered;Weak Entry Signal;1
ADAUSDT;Long;39.571564989298565;14.08.2025 12:40;14.08.2025 12:40;0;0,9381;0;0;0;0;Filtered;Filtered;Weak Entry Signal;1
ADAUSDT;Long;39.348135888274555;14.08.2025 13:05;14.08.2025 13:05;0;0,9206;0;0;0;0;Filtered;Filtered;Weak Entry Signal;1
ADAUSDT;Short;67.65917634983502;14.08.2025 23:30;14.08.2025 23:30;0;0,9276;0;0;0;0;Filtered;Filtered;Weak Entry Signal;1
ADAUSDT;Short;64.41759037185545;15.08.2025 0:15;15.08.2025 0:15;0;0,9348;0;0;0;0;Filtered;Filtered;Weak Entry Signal;1
ADAUSDT;Short;68.42358847100456;15.08.2025 6:55;15.08.2025 6:55;0;0,9574;0;0;0;0;Filtered;Filtered;Secondary TF Filter: Recent bull cross at RSI_SMA=32.92;1
ADAUSDT;Long;42.50377954506968;15.08.2025 16:15;15.08.2025 16:15;0;0,9218;0;0;0;0;Filtered;Filtered;Weak Entry Signal;1
ADAUSDT;Short;57.89039046141829;15.08.2025 23:05;15.08.2025 23:05;0;0,9485;0;0;0;0;Filtered;Filtered;Weak Entry Signal;1
ADAUSDT;Short;58.88389868799707;16.08.2025 1:00;16.08.2025 1:00;0;0,9649;0;0;0;0;Filtered;Filtered;Weak Entry Signal;1
ADAUSDT;Long;39.20798410267562;16.08.2025 6:00;16.08.2025 6:00;0;0,9474;0;0;0;0;Filtered;Filtered;Weak Entry Signal;1
ADAUSDT;Long;21.27793394699117;16.08.2025 10:40;16.08.2025 10:40;16.08.2025 13:40;0,9078;0,9112;0,374531835;3;0,880566;Profit;Reverse Signal (Short);;0
ADAUSDT;Short;54.66860672582694;16.08.2025 19:50;16.08.2025 19:50;0;0,9185;0;0;0;0;Filtered;Filtered;Weak Entry Signal;1
ADAUSDT;Long;38.15253400919115;17.08.2025 0:55;17.08.2025 0:55;0;0,9126;0;0;0;0;Filtered;Filtered;Weak Entry Signal;1
ADAUSDT;Long;46.16983044039519;17.08.2025 1:30;17.08.2025 1:30;0;0,9114;0;0;0;0;Filtered;Filtered;Weak Entry Signal;1
ADAUSDT;Short;71.20420804322869;17.08.2025 3:55;17.08.2025 3:55;0;0,9377;0;0;0;0;Filtered;Filtered;Secondary TF Filter: Uptrend: avg_sma_change=1.07, no_rsi_extreme=True;1
ADAUSDT;Short;75.88693570268666;17.08.2025 4:30;17.08.2025 4:30;0;0,9502;0;0;0;0;Filtered;Filtered;Secondary TF Filter: Uptrend: avg_sma_change=1.07, no_rsi_extreme=True;1
ADAUSDT;Long;40.723308172855226;17.08.2025 18:40;17.08.2025 18:40;0;0,9596;0;0;0;0;Filtered;Filtered;Weak Entry Signal;1
ADAUSDT;Long;38.21067906646677;17.08.2025 19:05;17.08.2025 19:05;0;0,9549;0;0;0;0;Filtered;Filtered;Weak Entry Signal;1
ADAUSDT;Short;63.303962213445054;17.08.2025 23:10;17.08.2025 23:10;0;0,9643;0;0;0;0;Filtered;Filtered;Weak Entry Signal;1
ADAUSDT;Long;36.309293159869625;18.08.2025 2:35;18.08.2025 2:35;0;0,9318;0;0;0;0;Filtered;Filtered;Secondary TF Filter: Downtrend: avg_sma_change=-2.19, no_rsi_extreme=True;1
ADAUSDT;Long;30.11163426584214;18.08.2025 2:55;18.08.2025 2:55;0;0,9208;0;0;0;0;Filtered;Filtered;Secondary TF Filter: Downtrend: avg_sma_change=-2.19, no_rsi_extreme=True;1
ADAUSDT;Short;60.87447977909448;18.08.2025 17:50;18.08.2025 17:50;0;0,9247;0;0;0;0;Filtered;Filtered;Weak Entry Signal;1
ADAUSDT;Short;56.386524142396475;18.08.2025 22:50;18.08.2025 22:50;0;0,9285;0;0;0;0;Filtered;Filtered;Weak Entry Signal;1
ADAUSDT;Long;40.931368547320275;19.08.2025 0:35;19.08.2025 0:35;0;0,9179;0;0;0;0;Filtered;Filtered;Weak Entry Signal;1
ADAUSDT;Long;38.69014015760897;19.08.2025 4:15;19.08.2025 4:15;0;0,9046;0;0;0;0;Filtered;Filtered;Weak Entry Signal;1
ADAUSDT;Long;36.009888244809126;19.08.2025 4:30;19.08.2025 4:30;0;0,9;0;0;0;0;Filtered;Filtered;Weak Entry Signal;1
ADAUSDT;Short;60.25042009632868;19.08.2025 6:30;19.08.2025 6:30;0;0,9251;0;0;0;0;Filtered;Filtered;Weak Entry Signal;1
ADAUSDT;Short;61.259057962834284;19.08.2025 7:00;19.08.2025 7:00;0;0,9272;0;0;0;0;Filtered;Filtered;Weak Entry Signal;1
ADAUSDT;Long;46.065868929043354;19.08.2025 13:50;19.08.2025 13:50;0;0,923;0;0;0;0;Filtered;Filtered;Weak Entry Signal;1
ADAUSDT;Long;34.50841635077525;19.08.2025 15:15;19.08.2025 15:15;0;0,8984;0;0;0;0;Filtered;Filtered;Weak Entry Signal;1
ADAUSDT;Long;29.45105809507001;19.08.2025 16:30;19.08.2025 16:30;0;0,8679;0;0;0;0;Filtered;Filtered;Secondary TF Filter: Downtrend: avg_sma_change=-0.82, no_rsi_extreme=True;1
ADAUSDT;Short;63.190670709792165;20.08.2025 15:30;20.08.2025 15:30;0;0,8753;0;0;0;0;Filtered;Filtered;Weak Entry Signal;1
ADAUSDT;Short;60.784884787570235;20.08.2025 16:30;20.08.2025 16:30;0;0,8791;0;0;0;0;Filtered;Filtered;Weak Entry Signal;1
ADAUSDT;Long;48.07710764327281;22.08.2025 9:45;22.08.2025 9:45;0;0,8533;0;0;0;0;Filtered;Filtered;Weak Entry Signal;1
ADAUSDT;Long;30.015339979888765;22.08.2025 11:25;22.08.2025 11:25;22.08.2025 14:55;0,8396;0,9039;7,658408766;3,5;0,814412;Profit;Reverse Signal (Short);;0
ADAUSDT;Long;30.295880293120206;22.08.2025 11:45;22.08.2025 11:45;22.08.2025 14:55;0,8372;0,9039;7,967032967;3,166666667;0,812084;Profit;Reverse Signal (Short);;0
ADAUSDT;Long;27.194377642084376;22.08.2025 12:25;22.08.2025 12:25;22.08.2025 14:55;0,8292;0,9039;9,008683068;2,5;0,804324;Profit;Reverse Signal (Short);;0
ADAUSDT;Long;45.106608985672715;22.08.2025 12:40;22.08.2025 12:40;22.08.2025 14:55;0,8326;0,9039;8,563535912;2,25;0,807622;Profit;Reverse Signal (Short);;0
ADAUSDT;Short;71.82388375949967;22.08.2025 14:55;22.08.2025 14:55;0;0,9039;0;0;0;0;Filtered;Filtered;Secondary TF Filter: Uptrend: avg_sma_change=0.88, no_rsi_extreme=True;1
ADAUSDT;Short;66.86425922052118;22.08.2025 16:20;22.08.2025 16:20;0;0,9235;0;0;0;0;Filtered;Filtered;Weak Entry Signal;1
ADAUSDT;Short;65.46380489428392;22.08.2025 16:35;22.08.2025 16:35;0;0,9253;0;0;0;0;Filtered;Filtered;Weak Entry Signal;1
ADAUSDT;Long;33.89823134504347;23.08.2025 1:50;23.08.2025 1:50;0;0,9111;0;0;0;0;Filtered;Filtered;Weak Entry Signal;1
ADAUSDT;Long;30.35756665642309;23.08.2025 2:15;23.08.2025 2:15;0;0,9067;0;0;0;0;Filtered;Filtered;Secondary TF Filter: Recent bear cross at RSI_SMA=72.16;1
ADAUSDT;Long;33.614939822504766;23.08.2025 2:45;23.08.2025 2:45;0;0,8998;0;0;0;0;Filtered;Filtered;Secondary TF Filter: Recent bear cross at RSI_SMA=72.16;1
ADAUSDT;Short;64.333703045594;23.08.2025 6:10;23.08.2025 6:10;0;0,9303;0;0;0;0;Filtered;Filtered;Weak Entry Signal;1
ADAUSDT;Short;60.27071748484235;23.08.2025 7:00;23.08.2025 7:00;0;0,9316;0;0;0;0;Filtered;Filtered;Weak Entry Signal;1
ADAUSDT;Long;44.02164046611348;23.08.2025 9:30;23.08.2025 9:30;0;0,9189;0;0;0;0;Filtered;Filtered;Weak Entry Signal;1
ADAUSDT;Long;40.33312892140835;23.08.2025 10:45;23.08.2025 10:45;0;0,9144;0;0;0;0;Filtered;Filtered;Weak Entry Signal;1
ADAUSDT;Short;62.633224685341986;23.08.2025 23:30;23.08.2025 23:30;0;0,9156;0;0;0;0;Filtered;Filtered;Weak Entry Signal;1
ADAUSDT;Short;57.719365595702996;24.08.2025 0:05;24.08.2025 0:05;0;0,9154;0;0;0;0;Filtered;Filtered;Weak Entry Signal;1
ADAUSDT;Long;34.967668375526216;24.08.2025 7:00;24.08.2025 7:00;0;0,9044;0;0;0;0;Filtered;Filtered;Weak Entry Signal;1
ADAUSDT;Long;37.09577928244777;24.08.2025 10:40;24.08.2025 10:40;0;0,8938;0;0;0;0;Filtered;Filtered;Weak Entry Signal;1
ADAUSDT;Short;56.287458662285644;24.08.2025 15:35;24.08.2025 15:35;0;0,9018;0;0;0;0;Filtered;Filtered;Weak Entry Signal;1
ADAUSDT;Short;66.74271017275804;24.08.2025 18:00;24.08.2025 18:00;0;0,9204;0;0;0;0;Filtered;Filtered;Weak Entry Signal;1
ADAUSDT;Short;78.59960441174051;24.08.2025 19:20;24.08.2025 19:20;0;0,9578;0;0;0;0;Filtered;Filtered;Secondary TF Filter: Recent bull cross at RSI_SMA=40.18;1
ADAUSDT;Long;40.089702208159665;25.08.2025 1:00;25.08.2025 1:00;0;0,8989;0;0;0;0;Filtered;Filtered;Weak Entry Signal;1
ADAUSDT;Short;61.26472629382205;25.08.2025 3:00;25.08.2025 3:00;0;0,921;0;0;0;0;Filtered;Filtered;Weak Entry Signal;1
ADAUSDT;Short;59.9981826558436;25.08.2025 3:40;25.08.2025 3:40;0;0,9234;0;0;0;0;Filtered;Filtered;Weak Entry Signal;1
ADAUSDT;Long;36.43576398672743;25.08.2025 6:20;25.08.2025 6:20;0;0,8967;0;0;0;0;Filtered;Filtered;Weak Entry Signal;1
ADAUSDT;Long;36.470319214793925;25.08.2025 7:00;25.08.2025 7:00;25.08.2025 10:20;0,8883;0,861651;-3;3,333333333;0,861651;Loss;Stop Loss;;0
ADAUSDT;Long;33.0624235719753;25.08.2025 7:35;25.08.2025 7:35;25.08.2025 12:45;0,8785;0,8674;-1,263517359;5,166666667;0,852145;Loss;Reverse Signal (Short);;0
ADAUSDT;Long;34.04096807381288;25.08.2025 8:10;25.08.2025 8:10;25.08.2025 12:45;0,8713;0,8674;-0,447607024;4,583333333;0,845161;Loss;Reverse Signal (Short);;0
ADAUSDT;Long;40.97194481155045;25.08.2025 9:15;25.08.2025 9:15;0;0,8701;0;0;0;0;Filtered;Filtered;Weak Entry Signal;1
ADAUSDT;Long;30.70548350821521;25.08.2025 20:40;25.08.2025 20:40;0;0,8375;0;0;0;0;Filtered;Filtered;Secondary TF Filter: Downtrend: avg_sma_change=-1.56, no_rsi_extreme=True;1
ADAUSDT;Long;32.22780190978375;25.08.2025 21:00;25.08.2025 21:00;0;0,8335;0;0;0;0;Filtered;Filtered;Secondary TF Filter: Downtrend: avg_sma_change=-1.56, no_rsi_extreme=True;1
ADAUSDT;Long;43.567848272864325;25.08.2025 22:00;25.08.2025 22:00;0;0,8364;0;0;0;0;Filtered;Filtered;Weak Entry Signal;1
ADAUSDT;Short;60.06915686870794;26.08.2025 19:00;26.08.2025 19:00;0;0,8624;0;0;0;0;Filtered;Filtered;Weak Entry Signal;1
ADAUSDT;Short;64.3559378454494;26.08.2025 19:30;26.08.2025 19:30;0;0,8656;0;0;0;0;Filtered;Filtered;Weak Entry Signal;1
ADAUSDT;Short;60.14460293914939;26.08.2025 20:00;26.08.2025 20:00;0;0,8685;0;0;0;0;Filtered;Filtered;Weak Entry Signal;1
ADAUSDT;Short;62.81319012789984;26.08.2025 20:15;26.08.2025 20:15;0;0,8712;0;0;0;0;Filtered;Filtered;Weak Entry Signal;1
ADAUSDT;Long;44.42464120474482;27.08.2025 1:30;27.08.2025 1:30;0;0,8604;0;0;0;0;Filtered;Filtered;Weak Entry Signal;1
ADAUSDT;Short;61.72444137886254;27.08.2025 4:50;27.08.2025 4:50;0;0,8734;0;0;0;0;Filtered;Filtered;Weak Entry Signal;1
ADAUSDT;Long;32.65777891625012;27.08.2025 7:45;27.08.2025 7:45;27.08.2025 09:50;0,8563;0,8611;0,560551209;2,083333333;0,830611;Profit;Reverse Signal (Short);;0
ADAUSDT;Short;58.212390672809754;27.08.2025 15:20;27.08.2025 15:20;0;0,872;0;0;0;0;Filtered;Filtered;Weak Entry Signal;1
ADAUSDT;Long;37.91644611957223;27.08.2025 22:20;27.08.2025 22:20;0;0,8533;0;0;0;0;Filtered;Filtered;Weak Entry Signal;1
ADAUSDT;Short;64.29054685597973;28.08.2025 5:20;28.08.2025 5:20;0;0,8697;0;0;0;0;Filtered;Filtered;Secondary TF Filter: Recent bull cross at RSI_SMA=48.92;1
DOTUSDT;Short;58.22467978703848;29.07.2025 13:30;29.07.2025 13:30;0;4,03;0;0;0;0;Filtered;Filtered;Weak Entry Signal;1
DOTUSDT;Long;40.57474122097349;29.07.2025 14:40;29.07.2025 14:40;0;3,963;0;0;0;0;Filtered;Filtered;Weak Entry Signal;1
DOTUSDT;Long;36.30769084806917;29.07.2025 14:55;29.07.2025 14:55;0;3,928;0;0;0;0;Filtered;Filtered;Weak Entry Signal;1
DOTUSDT;Long;38.68978383925919;29.07.2025 15:40;29.07.2025 15:40;0;3,915;0;0;0;0;Filtered;Filtered;Weak Entry Signal;1
DOTUSDT;Long;40.502146858460954;29.07.2025 16:40;29.07.2025 16:40;0;3,88;0;0;0;0;Filtered;Filtered;Weak Entry Signal;1
DOTUSDT;Long;40.93362335094894;30.07.2025 10:00;30.07.2025 10:00;0;3,836;0;0;0;0;Filtered;Filtered;Weak Entry Signal;1
DOTUSDT;Long;30.477376902011315;30.07.2025 12:10;30.07.2025 12:10;30.07.2025 15:05;3,752;3,818;1,759061834;2,916666667;3,63944;Profit;Reverse Signal (Short);;0
DOTUSDT;Short;56.689346876754;30.07.2025 15:20;30.07.2025 15:20;0;3,819;0;0;0;0;Filtered;Filtered;Weak Entry Signal;1
DOTUSDT;Long;38.63661398268409;30.07.2025 19:25;30.07.2025 19:25;0;3,728;0;0;0;0;Filtered;Filtered;Weak Entry Signal;1
DOTUSDT;Short;62.81471667585661;31.07.2025 0:00;31.07.2025 0:00;0;3,803;0;0;0;0;Filtered;Filtered;Weak Entry Signal;1
DOTUSDT;Short;71.27147630719693;31.07.2025 1:10;31.07.2025 1:10;0;3,841;0;0;0;0;Filtered;Filtered;Secondary TF Filter: Recent bull cross at RSI_SMA=38.61;1
DOTUSDT;Short;65.40677441001978;31.07.2025 4:00;31.07.2025 4:00;0;3,871;0;0;0;0;Filtered;Filtered;Secondary TF Filter: Uptrend: avg_sma_change=1.26, no_rsi_extreme=True;1
DOTUSDT;Short;60.54985279455196;31.07.2025 5:30;31.07.2025 5:30;0;3,884;0;0;0;0;Filtered;Filtered;Weak Entry Signal;1
DOTUSDT;Short;47.80178432530717;31.07.2025 11:05;31.07.2025 11:05;0;3,904;0;0;0;0;Filtered;Filtered;Weak Entry Signal;1
DOTUSDT;Long;33.775626746015504;31.07.2025 13:35;31.07.2025 13:35;31.07.2025 16:45;3,809;3,837;0,735101076;3,166666667;3,69473;Profit;Reverse Signal (Short);;0
DOTUSDT;Long;36.22052831472617;31.07.2025 14:45;31.07.2025 14:45;0;3,768;0;0;0;0;Filtered;Filtered;Weak Entry Signal;1
DOTUSDT;Long;40.55370451268858;31.07.2025 19:50;31.07.2025 19:50;0;3,753;0;0;0;0;Filtered;Filtered;Weak Entry Signal;1
DOTUSDT;Long;37.28337400470432;31.07.2025 20:10;31.07.2025 20:10;0;3,736;0;0;0;0;Filtered;Filtered;Weak Entry Signal;1
DOTUSDT;Long;42.995238250365176;31.07.2025 20:55;31.07.2025 20:55;0;3,739;0;0;0;0;Filtered;Filtered;Weak Entry Signal;1
DOTUSDT;Long;38.380143036846135;31.07.2025 22:50;31.07.2025 22:50;0;3,687;0;0;0;0;Filtered;Filtered;Weak Entry Signal;1
DOTUSDT;Short;60.875073003835716;01.08.2025 12:35;01.08.2025 12:35;0;3,666;0;0;0;0;Filtered;Filtered;Weak Entry Signal;1
DOTUSDT;Long;39.07995153321587;01.08.2025 18:05;01.08.2025 18:05;0;3,577;0;0;0;0;Filtered;Filtered;Weak Entry Signal;1
DOTUSDT;Long;38.391379085435;01.08.2025 18:20;01.08.2025 18:20;0;3,566;0;0;0;0;Filtered;Filtered;Weak Entry Signal;1
DOTUSDT;Long;36.202730382919135;01.08.2025 22:55;01.08.2025 22:55;0;3,508;0;0;0;0;Filtered;Filtered;Weak Entry Signal;1
DOTUSDT;Short;60.18501984097939;02.08.2025 5:10;02.08.2025 5:10;0;3,617;0;0;0;0;Filtered;Filtered;Weak Entry Signal;1
DOTUSDT;Long;31.56480955973616;02.08.2025 7:00;02.08.2025 7:00;02.08.2025 12:25;3,544;3,548;0,112866817;5,416666667;3,43768;Profit;Reverse Signal (Short);;0
DOTUSDT;Long;38.47996185987118;02.08.2025 18:35;02.08.2025 18:35;0;3,459;0;0;0;0;Filtered;Filtered;Weak Entry Signal;1
DOTUSDT;Long;35.647244526282265;02.08.2025 18:55;02.08.2025 18:55;0;3,445;0;0;0;0;Filtered;Filtered;Weak Entry Signal;1
DOTUSDT;Short;62.89167539493861;03.08.2025 3:00;03.08.2025 3:00;0;3,551;0;0;0;0;Filtered;Filtered;Weak Entry Signal;1
DOTUSDT;Short;63.511710598746845;03.08.2025 7:15;03.08.2025 7:15;0;3,571;0;0;0;0;Filtered;Filtered;Weak Entry Signal;1
DOTUSDT;Short;62.29779895855527;03.08.2025 7:40;03.08.2025 7:40;0;3,574;0;0;0;0;Filtered;Filtered;Weak Entry Signal;1
DOTUSDT;Short;60.73667827989339;03.08.2025 10:50;03.08.2025 10:50;0;3,592;0;0;0;0;Filtered;Filtered;Weak Entry Signal;1
DOTUSDT;Short;64.96829051323358;04.08.2025 1:10;04.08.2025 1:10;0;3,647;0;0;0;0;Filtered;Filtered;Weak Entry Signal;1
DOTUSDT;Short;56.744853120955895;04.08.2025 7:50;04.08.2025 7:50;0;3,641;0;0;0;0;Filtered;Filtered;Weak Entry Signal;1
DOTUSDT;Short;73.15989686562291;04.08.2025 14:30;04.08.2025 14:30;0;3,701;0;0;0;0;Filtered;Filtered;Secondary TF Filter: Recent bull cross at RSI_SMA=58.29;1
DOTUSDT;Long;32.611611537467255;04.08.2025 19:45;04.08.2025 19:45;0;3,677;0;0;0;0;Filtered;Filtered;Weak Entry Signal;1
DOTUSDT;Short;58.84629919996729;04.08.2025 21:55;04.08.2025 21:55;0;3,718;0;0;0;0;Filtered;Filtered;Weak Entry Signal;1
DOTUSDT;Short;62.34526268376641;04.08.2025 22:15;04.08.2025 22:15;0;3,727;0;0;0;0;Filtered;Filtered;Weak Entry Signal;1
DOTUSDT;Short;55.436688365194755;04.08.2025 23:00;04.08.2025 23:00;0;3,726;0;0;0;0;Filtered;Filtered;Weak Entry Signal;1
DOTUSDT;Long;40.08111213259521;05.08.2025 2:45;05.08.2025 2:45;0;3,694;0;0;0;0;Filtered;Filtered;Weak Entry Signal;1
DOTUSDT;Long;31.8074962614631;05.08.2025 4:05;05.08.2025 4:05;05.08.2025 10:00;3,666;3,652;-0,381887616;5,916666667;3,55602;Loss;Reverse Signal (Short);;0
DOTUSDT;Long;30.254989776387262;05.08.2025 7:45;05.08.2025 7:45;0;3,607;0;0;0;0;Filtered;Filtered;Secondary TF Filter: Downtrend: avg_sma_change=-1.77, no_rsi_extreme=True;1
DOTUSDT;Long;28.627908264870143;05.08.2025 8:00;05.08.2025 8:00;0;3,599;0;0;0;0;Filtered;Filtered;Secondary TF Filter: Downtrend: avg_sma_change=-1.77, no_rsi_extreme=True;1
DOTUSDT;Short;63.456200897583905;05.08.2025 10:15;05.08.2025 10:15;0;3,652;0;0;0;0;Filtered;Filtered;Weak Entry Signal;1
DOTUSDT;Short;69.05740191003844;05.08.2025 10:45;05.08.2025 10:45;05.08.2025 13:25;3,68;3,665;0,407608696;2,666666667;3,7904;Profit;Reverse Signal (Long);;0
DOTUSDT;Short;70.12204179296695;05.08.2025 11:15;05.08.2025 11:15;05.08.2025 13:25;3,691;3,665;0,704416147;2,166666667;3,80173;Profit;Reverse Signal (Long);;0
DOTUSDT;Short;72.68385266205148;05.08.2025 11:35;05.08.2025 11:35;05.08.2025 13:25;3,699;3,665;0,919167343;1,833333333;3,80997;Profit;Reverse Signal (Long);;0
DOTUSDT;Long;36.68276194940146;05.08.2025 14:55;05.08.2025 14:55;0;3,608;0;0;0;0;Filtered;Filtered;Weak Entry Signal;1
DOTUSDT;Short;62.40352741002244;05.08.2025 23:50;05.08.2025 23:50;0;3,614;0;0;0;0;Filtered;Filtered;Weak Entry Signal;1
DOTUSDT;Long;42.19451300445005;06.08.2025 4:30;06.08.2025 4:30;0;3,565;0;0;0;0;Filtered;Filtered;Weak Entry Signal;1
DOTUSDT;Short;59.49893512049184;06.08.2025 5:50;06.08.2025 5:50;0;3,616;0;0;0;0;Filtered;Filtered;Weak Entry Signal;1
DOTUSDT;Short;59.483941337880474;06.08.2025 7:35;06.08.2025 7:35;0;3,633;0;0;0;0;Filtered;Filtered;Weak Entry Signal;1
DOTUSDT;Short;61.542777885486224;06.08.2025 15:40;06.08.2025 15:40;0;3,649;0;0;0;0;Filtered;Filtered;Weak Entry Signal;1
DOTUSDT;Short;62.3173628923945;06.08.2025 16:10;06.08.2025 16:10;0;3,67;0;0;0;0;Filtered;Filtered;Weak Entry Signal;1
DOTUSDT;Long;35.155991769814605;07.08.2025 3:30;07.08.2025 3:30;0;3,651;0;0;0;0;Filtered;Filtered;Weak Entry Signal;1
DOTUSDT;Long;36.07660079989358;07.08.2025 4:00;07.08.2025 4:00;0;3,649;0;0;0;0;Filtered;Filtered;Weak Entry Signal;1
DOTUSDT;Short;61.296684418380806;07.08.2025 6:35;07.08.2025 6:35;0;3,678;0;0;0;0;Filtered;Filtered;Weak Entry Signal;1
DOTUSDT;Short;58.38614256116014;07.08.2025 6:50;07.08.2025 6:50;0;3,679;0;0;0;0;Filtered;Filtered;Weak Entry Signal;1
DOTUSDT;Short;61.514301621997014;07.08.2025 7:25;07.08.2025 7:25;0;3,688;0;0;0;0;Filtered;Filtered;Weak Entry Signal;1
DOTUSDT;Short;78.81259199650684;07.08.2025 11:30;07.08.2025 11:30;0;3,775;0;0;0;0;Filtered;Filtered;Secondary TF Filter: Recent bull cross at RSI_SMA=60.18;1
DOTUSDT;Short;77.59356803398703;07.08.2025 11:50;07.08.2025 11:50;0;3,781;0;0;0;0;Filtered;Filtered;Secondary TF Filter: Recent bull cross at RSI_SMA=60.18;1
DOTUSDT;Short;74.47329558777886;07.08.2025 12:05;07.08.2025 12:05;0;3,786;0;0;0;0;Filtered;Filtered;Secondary TF Filter: Recent bull cross at RSI_SMA=60.18;1
DOTUSDT;Long;41.83141812796099;07.08.2025 17:40;07.08.2025 17:40;0;3,737;0;0;0;0;Filtered;Filtered;Weak Entry Signal;1
DOTUSDT;Short;72.49415439889457;07.08.2025 20:50;07.08.2025 20:50;0;3,806;0;0;0;0;Filtered;Filtered;Secondary TF Filter: Uptrend: avg_sma_change=1.04, no_rsi_extreme=True;1
DOTUSDT;Short;66.55961321347512;07.08.2025 21:05;07.08.2025 21:05;0;3,804;0;0;0;0;Filtered;Filtered;Secondary TF Filter: Uptrend: avg_sma_change=1.04, no_rsi_extreme=True;1
DOTUSDT;Short;69.27137047819724;07.08.2025 21:35;07.08.2025 21:35;0;3,818;0;0;0;0;Filtered;Filtered;Secondary TF Filter: Uptrend: avg_sma_change=1.17, no_rsi_extreme=True;1
DOTUSDT;Short;64.74071689999383;07.08.2025 22:25;07.08.2025 22:25;0;3,833;0;0;0;0;Filtered;Filtered;Weak Entry Signal;1
DOTUSDT;Short;64.56958301436596;07.08.2025 23:50;07.08.2025 23:50;0;3,861;0;0;0;0;Filtered;Filtered;Weak Entry Signal;1
DOTUSDT;Short;61.49983229971817;08.08.2025 7:40;08.08.2025 7:40;0;3,912;0;0;0;0;Filtered;Filtered;Weak Entry Signal;1
DOTUSDT;Long;37.83184440283511;08.08.2025 13:00;08.08.2025 13:00;0;3,883;0;0;0;0;Filtered;Filtered;Weak Entry Signal;1
DOTUSDT;Short;72.39021369402087;08.08.2025 18:20;08.08.2025 18:20;09.08.2025 02:25;3,982;4,009;-0,678051231;8,083333333;4,10146;Loss;Timeout;;0
DOTUSDT;Short;58.300429902327714;09.08.2025 2:25;09.08.2025 2:25;0;4,009;0;0;0;0;Filtered;Filtered;Weak Entry Signal;1
DOTUSDT;Short;67.36068828425931;09.08.2025 5:40;09.08.2025 5:40;0;4,071;0;0;0;0;Filtered;Filtered;Weak Entry Signal;1
DOTUSDT;Short;57.34662131839331;09.08.2025 19:20;09.08.2025 19:20;0;4,127;0;0;0;0;Filtered;Filtered;Weak Entry Signal;1
DOTUSDT;Long;40.928379575158054;10.08.2025 3:15;10.08.2025 3:15;0;4,114;0;0;0;0;Filtered;Filtered;Weak Entry Signal;1
DOTUSDT;Long;35.68285988592956;10.08.2025 6:35;10.08.2025 6:35;0;4,076;0;0;0;0;Filtered;Filtered;Weak Entry Signal;1
DOTUSDT;Long;37.90211905748878;10.08.2025 6:50;10.08.2025 6:50;0;4,073;0;0;0;0;Filtered;Filtered;Weak Entry Signal;1
DOTUSDT;Long;37.08600241029677;10.08.2025 8:15;10.08.2025 8:15;0;4,006;0;0;0;0;Filtered;Filtered;Weak Entry Signal;1
DOTUSDT;Short;65.08900148181158;10.08.2025 15:30;10.08.2025 15:30;0;4,066;0;0;0;0;Filtered;Filtered;Weak Entry Signal;1
DOTUSDT;Short;61.72375216439425;10.08.2025 15:45;10.08.2025 15:45;0;4,063;0;0;0;0;Filtered;Filtered;Weak Entry Signal;1
DOTUSDT;Short;57.80390068968512;10.08.2025 16:10;10.08.2025 16:10;0;4,062;0;0;0;0;Filtered;Filtered;Weak Entry Signal;1
DOTUSDT;Short;59.59218904606229;10.08.2025 19:15;10.08.2025 19:15;0;4,085;0;0;0;0;Filtered;Filtered;Weak Entry Signal;1
DOTUSDT;Short;60.34229031515553;10.08.2025 19:35;10.08.2025 19:35;0;4,087;0;0;0;0;Filtered;Filtered;Weak Entry Signal;1
DOTUSDT;Long;40.17487070569645;10.08.2025 21:15;10.08.2025 21:15;0;4,039;0;0;0;0;Filtered;Filtered;Weak Entry Signal;1
DOTUSDT;Long;41.73330933334139;10.08.2025 21:45;10.08.2025 21:45;0;4,031;0;0;0;0;Filtered;Filtered;Weak Entry Signal;1
DOTUSDT;Short;61.917451417101304;11.08.2025 3:00;11.08.2025 3:00;0;4,135;0;0;0;0;Filtered;Filtered;Secondary TF Filter: Uptrend: avg_sma_change=1.96, no_rsi_extreme=True;1
DOTUSDT;Long;29.176986370796442;11.08.2025 8:10;11.08.2025 8:10;11.08.2025 11:45;4,046;3,92462;-3;3,583333333;3,92462;Loss;Stop Loss;;0
DOTUSDT;Long;25.202074867204175;11.08.2025 12:00;11.08.2025 12:00;11.08.2025 14:40;3,937;3,951;0,355600711;2,666666667;3,81889;Profit;Reverse Signal (Short);;0
DOTUSDT;Long;32.26689972634459;11.08.2025 13:15;11.08.2025 13:15;11.08.2025 14:40;3,906;3,951;1,152073733;1,416666667;3,78882;Profit;Reverse Signal (Short);;0
DOTUSDT;Long;32.35473926291003;11.08.2025 22:25;11.08.2025 22:25;0;3,834;0;0;0;0;Filtered;Filtered;Weak Entry Signal;1
DOTUSDT;Short;57.79338878776164;12.08.2025 1:50;12.08.2025 1:50;0;3,895;0;0;0;0;Filtered;Filtered;Weak Entry Signal;1
DOTUSDT;Short;63.00553710519403;12.08.2025 2:50;12.08.2025 2:50;0;3,922;0;0;0;0;Filtered;Filtered;Weak Entry Signal;1
DOTUSDT;Short;63.45973601596737;12.08.2025 13:00;12.08.2025 13:00;0;3,957;0;0;0;0;Filtered;Filtered;Weak Entry Signal;1
DOTUSDT;Short;65.53109634289531;12.08.2025 13:15;12.08.2025 13:15;0;3,973;0;0;0;0;Filtered;Filtered;Weak Entry Signal;1
DOTUSDT;Short;73.33453008320203;12.08.2025 16:00;12.08.2025 16:00;0;4,085;0;0;0;0;Filtered;Filtered;Secondary TF Filter: Uptrend: avg_sma_change=2.51, no_rsi_extreme=True;1
DOTUSDT;Short;77.60340301112419;12.08.2025 17:10;12.08.2025 17:10;0;4,196;0;0;0;0;Filtered;Filtered;Secondary TF Filter: Uptrend: avg_sma_change=2.59, no_rsi_extreme=True;1
DOTUSDT;Long;42.69836043865025;13.08.2025 2:15;13.08.2025 2:15;0;4,12;0;0;0;0;Filtered;Filtered;Weak Entry Signal;1
DOTUSDT;Short;61.12173000994723;13.08.2025 4:35;13.08.2025 4:35;0;4,206;0;0;0;0;Filtered;Filtered;Weak Entry Signal;1
DOTUSDT;Short;58.60704206330638;13.08.2025 8:45;13.08.2025 8:45;0;4,216;0;0;0;0;Filtered;Filtered;Weak Entry Signal;1
DOTUSDT;Short;58.112983914590856;13.08.2025 9:40;13.08.2025 9:40;0;4,23;0;0;0;0;Filtered;Filtered;Weak Entry Signal;1
DOTUSDT;Short;67.05976823054138;13.08.2025 10:45;13.08.2025 10:45;0;4,281;0;0;0;0;Filtered;Filtered;Weak Entry Signal;1
DOTUSDT;Short;59.24271471449309;13.08.2025 23:10;13.08.2025 23:10;0;4,291;0;0;0;0;Filtered;Filtered;Weak Entry Signal;1
DOTUSDT;Long;35.74940422936986;14.08.2025 6:25;14.08.2025 6:25;0;4,238;0;0;0;0;Filtered;Filtered;Weak Entry Signal;1
DOTUSDT;Long;35.68995377144273;14.08.2025 9:05;14.08.2025 9:05;0;4,196;0;0;0;0;Filtered;Filtered;Weak Entry Signal;1
DOTUSDT;Long;42.696706303553604;14.08.2025 13:10;14.08.2025 13:10;0;4,053;0;0;0;0;Filtered;Filtered;Weak Entry Signal;1
DOTUSDT;Long;40.76583026530588;14.08.2025 16:50;14.08.2025 16:50;0;3,984;0;0;0;0;Filtered;Filtered;Weak Entry Signal;1
DOTUSDT;Long;38.93148901970465;14.08.2025 17:10;14.08.2025 17:10;0;3,966;0;0;0;0;Filtered;Filtered;Weak Entry Signal;1
DOTUSDT;Long;42.89770917205751;14.08.2025 21:45;14.08.2025 21:45;0;3,952;0;0;0;0;Filtered;Filtered;Weak Entry Signal;1
DOTUSDT;Long;38.77832337425452;14.08.2025 22:05;14.08.2025 22:05;0;3,934;0;0;0;0;Filtered;Filtered;Weak Entry Signal;1
DOTUSDT;Short;59.95475163983728;15.08.2025 3:50;15.08.2025 3:50;0;4,032;0;0;0;0;Filtered;Filtered;Weak Entry Signal;1
DOTUSDT;Short;63.706937325471294;15.08.2025 6:45;15.08.2025 6:45;0;4,078;0;0;0;0;Filtered;Filtered;Weak Entry Signal;1
DOTUSDT;Long;44.777704286153316;15.08.2025 10:05;15.08.2025 10:05;0;4,008;0;0;0;0;Filtered;Filtered;Weak Entry Signal;1
DOTUSDT;Long;37.094771163643394;15.08.2025 15:50;15.08.2025 15:50;0;3,869;0;0;0;0;Filtered;Filtered;Weak Entry Signal;1
DOTUSDT;Long;34.447369982120634;15.08.2025 16:10;15.08.2025 16:10;0;3,841;0;0;0;0;Filtered;Filtered;Weak Entry Signal;1
DOTUSDT;Short;61.97302932404523;15.08.2025 23:00;15.08.2025 23:00;0;3,912;0;0;0;0;Filtered;Filtered;Weak Entry Signal;1
DOTUSDT;Short;62.800121192109216;16.08.2025 1:05;16.08.2025 1:05;0;3,937;0;0;0;0;Filtered;Filtered;Weak Entry Signal;1
DOTUSDT;Long;44.418006745724085;16.08.2025 6:15;16.08.2025 6:15;0;3,907;0;0;0;0;Filtered;Filtered;Weak Entry Signal;1
DOTUSDT;Long;41.82527310187358;16.08.2025 6:40;16.08.2025 6:40;0;3,901;0;0;0;0;Filtered;Filtered;Weak Entry Signal;1
DOTUSDT;Short;63.26438708057994;16.08.2025 8:25;16.08.2025 8:25;0;3,942;0;0;0;0;Filtered;Filtered;Weak Entry Signal;1
DOTUSDT;Short;68.29928665892749;16.08.2025 15:50;16.08.2025 15:50;0;3,983;0;0;0;0;Filtered;Filtered;Secondary TF Filter: Uptrend: avg_sma_change=1.33, no_rsi_extreme=True;1
DOTUSDT;Long;40.62857194534484;16.08.2025 17:45;16.08.2025 17:45;0;3,947;0;0;0;0;Filtered;Filtered;Weak Entry Signal;1
DOTUSDT;Long;43.81440376918263;17.08.2025 1:30;17.08.2025 1:30;0;3,941;0;0;0;0;Filtered;Filtered;Weak Entry Signal;1
DOTUSDT;Short;75.33833777763599;17.08.2025 5:15;17.08.2025 5:15;0;4,029;0;0;0;0;Filtered;Filtered;Secondary TF Filter: Recent bull cross at RSI_SMA=55.69;1
DOTUSDT;Short;60.5508187430172;17.08.2025 9:15;17.08.2025 9:15;0;4,046;0;0;0;0;Filtered;Filtered;Weak Entry Signal;1
DOTUSDT;Short;66.25025012821767;17.08.2025 16:10;17.08.2025 16:10;0;4,165;0;0;0;0;Filtered;Filtered;Secondary TF Filter: Uptrend: avg_sma_change=1.17, no_rsi_extreme=True;1
DOTUSDT;Long;38.52413729374312;17.08.2025 19:10;17.08.2025 19:10;0;4,084;0;0;0;0;Filtered;Filtered;Weak Entry Signal;1
DOTUSDT;Long;35.7525987173251;17.08.2025 19:45;17.08.2025 19:45;0;4,068;0;0;0;0;Filtered;Filtered;Weak Entry Signal;1
DOTUSDT;Long;39.108962743817436;17.08.2025 20:10;17.08.2025 20:10;0;4,067;0;0;0;0;Filtered;Filtered;Weak Entry Signal;1
DOTUSDT;Long;39.156713434653796;18.08.2025 0:40;18.08.2025 0:40;0;4,041;0;0;0;0;Filtered;Filtered;Weak Entry Signal;1
DOTUSDT;Long;30.688974915270393;18.08.2025 2:10;18.08.2025 2:10;0;3,964;0;0;0;0;Filtered;Filtered;Secondary TF Filter: Downtrend: avg_sma_change=-1.54, no_rsi_extreme=True;1
DOTUSDT;Long;35.3338816880527;18.08.2025 2:35;18.08.2025 2:35;0;3,95;0;0;0;0;Filtered;Filtered;Secondary TF Filter: Downtrend: avg_sma_change=-1.95, no_rsi_extreme=True;1
DOTUSDT;Long;31.26000612934979;18.08.2025 3:00;18.08.2025 3:00;0;3,907;0;0;0;0;Filtered;Filtered;Secondary TF Filter: Downtrend: avg_sma_change=-1.95, no_rsi_extreme=True;1
DOTUSDT;Long;28.981828131810175;18.08.2025 3:40;18.08.2025 3:40;0;3,876;0;0;0;0;Filtered;Filtered;Secondary TF Filter: Downtrend: avg_sma_change=-2.32, no_rsi_extreme=True;1
DOTUSDT;Short;56.885349601778266;18.08.2025 11:05;18.08.2025 11:05;0;3,897;0;0;0;0;Filtered;Filtered;Weak Entry Signal;1
DOTUSDT;Short;56.36738962309957;18.08.2025 11:30;18.08.2025 11:30;0;3,9;0;0;0;0;Filtered;Filtered;Weak Entry Signal;1
DOTUSDT;Short;57.491864762856196;18.08.2025 11:50;18.08.2025 11:50;0;3,909;0;0;0;0;Filtered;Filtered;Weak Entry Signal;1
DOTUSDT;Short;60.258063991492904;18.08.2025 12:20;18.08.2025 12:20;0;3,928;0;0;0;0;Filtered;Filtered;Weak Entry Signal;1
DOTUSDT;Short;63.95474387803211;18.08.2025 12:45;18.08.2025 12:45;0;3,943;0;0;0;0;Filtered;Filtered;Weak Entry Signal;1
DOTUSDT;Short;61.660141029995216;18.08.2025 13:05;18.08.2025 13:05;0;3,955;0;0;0;0;Filtered;Filtered;Weak Entry Signal;1
DOTUSDT;Long;38.96229521639538;19.08.2025 0:00;19.08.2025 0:00;0;3,917;0;0;0;0;Filtered;Filtered;Weak Entry Signal;1
DOTUSDT;Long;35.06811058320055;19.08.2025 0:35;19.08.2025 0:35;0;3,9;0;0;0;0;Filtered;Filtered;Weak Entry Signal;1
DOTUSDT;Short;59.67641808679373;19.08.2025 10:30;19.08.2025 10:30;0;3,87;0;0;0;0;Filtered;Filtered;Weak Entry Signal;1
DOTUSDT;Short;61.644718377405574;19.08.2025 10:55;19.08.2025 10:55;0;3,885;0;0;0;0;Filtered;Filtered;Weak Entry Signal;1
DOTUSDT;Long;39.05558782269301;19.08.2025 15:15;19.08.2025 15:15;0;3,804;0;0;0;0;Filtered;Filtered;Weak Entry Signal;1
DOTUSDT;Long;40.106189901384546;19.08.2025 16:15;19.08.2025 16:15;0;3,787;0;0;0;0;Filtered;Filtered;Weak Entry Signal;1
DOTUSDT;Long;41.649753554210086;19.08.2025 16:30;19.08.2025 16:30;0;3,785;0;0;0;0;Filtered;Filtered;Weak Entry Signal;1
DOTUSDT;Long;40.41696590413489;19.08.2025 20:00;19.08.2025 20:00;0;3,747;0;0;0;0;Filtered;Filtered;Weak Entry Signal;1
DOTUSDT;Short;58.13781884606184;20.08.2025 5:00;20.08.2025 5:00;0;3,777;0;0;0;0;Filtered;Filtered;Weak Entry Signal;1
DOTUSDT;Short;58.55652296484381;20.08.2025 9:15;20.08.2025 9:15;0;3,805;0;0;0;0;Filtered;Filtered;Weak Entry Signal;1
DOTUSDT;Long;37.62539728832177;20.08.2025 11:50;20.08.2025 11:50;0;3,761;0;0;0;0;Filtered;Filtered;Weak Entry Signal;1
DOTUSDT;Short;64.15049363219185;20.08.2025 15:35;20.08.2025 15:35;0;3,844;0;0;0;0;Filtered;Filtered;Weak Entry Signal;1
DOTUSDT;Short;62.02843616932982;20.08.2025 16:35;20.08.2025 16:35;0;3,862;0;0;0;0;Filtered;Filtered;Weak Entry Signal;1
DOTUSDT;Short;61.50070023869271;20.08.2025 20:10;20.08.2025 20:10;0;3,894;0;0;0;0;Filtered;Filtered;Weak Entry Signal;1
DOTUSDT;Long;35.066527414573144;21.08.2025 9:25;21.08.2025 9:25;0;3,833;0;0;0;0;Filtered;Filtered;Weak Entry Signal;1
DOTUSDT;Long;41.66990072536308;21.08.2025 10:05;21.08.2025 10:05;0;3,833;0;0;0;0;Filtered;Filtered;Weak Entry Signal;1
DOTUSDT;Short;59.71453992029769;21.08.2025 19:10;21.08.2025 19:10;0;3,835;0;0;0;0;Filtered;Filtered;Weak Entry Signal;1
DOTUSDT;Short;58.08527935037506;22.08.2025 2:40;22.08.2025 2:40;0;3,833;0;0;0;0;Filtered;Filtered;Weak Entry Signal;1
DOTUSDT;Short;58.14150419352914;22.08.2025 8:10;22.08.2025 8:10;0;3,845;0;0;0;0;Filtered;Filtered;Weak Entry Signal;1
DOTUSDT;Long;30.24801302489763;22.08.2025 11:45;22.08.2025 11:45;22.08.2025 15:10;3,766;3,95;4,885820499;3,416666667;3,65302;Profit;Reverse Signal (Short);;0
DOTUSDT;Long;24.980656787806524;22.08.2025 12:10;22.08.2025 12:10;22.08.2025 15:10;3,737;3,95;5,699759165;3;3,62489;Profit;Reverse Signal (Short);;0
DOTUSDT;Long;35.34002977263725;22.08.2025 12:40;22.08.2025 12:40;22.08.2025 15:10;3,724;3,95;6,068743287;2,5;3,61228;Profit;Reverse Signal (Short);;0
DOTUSDT;Short;69.05510547760699;22.08.2025 14:55;22.08.2025 14:55;0;3,929;0;0;0;0;Filtered;Filtered;Weak Entry Signal;1
DOTUSDT;Short;69.61561840423809;22.08.2025 15:50;22.08.2025 15:50;0;3,984;0;0;0;0;Filtered;Filtered;Secondary TF Filter: Recent bull cross at RSI_SMA=47.98;1
DOTUSDT;Short;70.69015953806797;22.08.2025 16:15;22.08.2025 16:15;0;4,044;0;0;0;0;Filtered;Filtered;Secondary TF Filter: Recent bull cross at RSI_SMA=47.98;1
DOTUSDT;Short;66.35167704028794;22.08.2025 21:50;22.08.2025 21:50;0;4,178;0;0;0;0;Filtered;Filtered;Secondary TF Filter: Uptrend: avg_sma_change=1.90, no_rsi_extreme=True;1
DOTUSDT;Long;32.890300335822246;23.08.2025 1:45;23.08.2025 1:45;0;4,095;0;0;0;0;Filtered;Filtered;Weak Entry Signal;1
DOTUSDT;Long;36.04352550244345;23.08.2025 2:50;23.08.2025 2:50;0;4,063;0;0;0;0;Filtered;Filtered;Weak Entry Signal;1
DOTUSDT;Long;40.35005767234962;23.08.2025 3:10;23.08.2025 3:10;0;4,062;0;0;0;0;Filtered;Filtered;Weak Entry Signal;1
DOTUSDT;Long;39.158151380417266;23.08.2025 3:45;23.08.2025 3:45;0;4,05;0;0;0;0;Filtered;Filtered;Weak Entry Signal;1
DOTUSDT;Short;68.78653450580273;23.08.2025 6:05;23.08.2025 6:05;0;4,172;0;0;0;0;Filtered;Filtered;Secondary TF Filter: Uptrend: avg_sma_change=1.72, no_rsi_extreme=True;1
DOTUSDT;Short;72.7207239931137;23.08.2025 20:05;23.08.2025 20:05;0;4,23;0;0;0;0;Filtered;Filtered;Secondary TF Filter: Recent bull cross at RSI_SMA=57.55;1
DOTUSDT;Long;38.09293334619574;24.08.2025 2:25;24.08.2025 2:25;0;4,182;0;0;0;0;Filtered;Filtered;Weak Entry Signal;1
DOTUSDT;Long;35.02819723441878;24.08.2025 3:00;24.08.2025 3:00;0;4,168;0;0;0;0;Filtered;Filtered;Weak Entry Signal;1
DOTUSDT;Long;36.38252364521997;24.08.2025 3:45;24.08.2025 3:45;0;4,153;0;0;0;0;Filtered;Filtered;Weak Entry Signal;1
DOTUSDT;Long;33.90402645693304;24.08.2025 7:05;24.08.2025 7:05;24.08.2025 13:20;4,094;4,057;-0,903761602;6,25;3,97118;Loss;Reverse Signal (Short);;0
DOTUSDT;Long;37.02396917972472;24.08.2025 10:50;24.08.2025 10:50;0;4,048;0;0;0;0;Filtered;Filtered;Secondary TF Filter: Downtrend: avg_sma_change=-2.14, no_rsi_extreme=True;1
DOTUSDT;Long;32.854856296951425;24.08.2025 11:20;24.08.2025 11:20;0;4,025;0;0;0;0;Filtered;Filtered;Secondary TF Filter: Downtrend: avg_sma_change=-2.14, no_rsi_extreme=True;1
DOTUSDT;Short;55.71068957495788;24.08.2025 15:35;24.08.2025 15:35;0;4,074;0;0;0;0;Filtered;Filtered;Weak Entry Signal;1
DOTUSDT;Short;80.6964017897343;24.08.2025 19:20;24.08.2025 19:20;0;4,273;0;0;0;0;Filtered;Filtered;Secondary TF Filter: Recent bull cross at RSI_SMA=32.01;1
DOTUSDT;Long;38.21243354358561;25.08.2025 5:00;25.08.2025 5:00;0;4,07;0;0;0;0;Filtered;Filtered;Weak Entry Signal;1
DOTUSDT;Long;38.95855811459756;25.08.2025 5:15;25.08.2025 5:15;0;4,061;0;0;0;0;Filtered;Filtered;Weak Entry Signal;1
DOTUSDT;Long;40.76363131165261;25.08.2025 6:20;25.08.2025 6:20;0;4,037;0;0;0;0;Filtered;Filtered;Weak Entry Signal;1
DOTUSDT;Long;34.717981770480364;25.08.2025 7:10;25.08.2025 7:10;25.08.2025 10:20;3,984;3,86448;-3;3,166666667;3,86448;Loss;Stop Loss;;0
DOTUSDT;Long;28.10275132949586;25.08.2025 8:10;25.08.2025 8:10;25.08.2025 12:30;3,904;3,891;-0,332991803;4,333333333;3,78688;Loss;Reverse Signal (Short);;0
DOTUSDT;Long;35.042669853244504;25.08.2025 20:15;25.08.2025 20:15;0;3,775;0;0;0;0;Filtered;Filtered;Weak Entry Signal;1
DOTUSDT;Long;32.72907659572826;25.08.2025 20:40;25.08.2025 20:40;0;3,734;0;0;0;0;Filtered;Filtered;Weak Entry Signal;1
DOTUSDT;Long;31.69908736821006;25.08.2025 21:00;25.08.2025 21:00;0;3,712;0;0;0;0;Filtered;Filtered;Weak Entry Signal;1
DOTUSDT;Short;58.070920432895335;26.08.2025 2:20;26.08.2025 2:20;0;3,785;0;0;0;0;Filtered;Filtered;Weak Entry Signal;1
DOTUSDT;Long;38.665776712563876;26.08.2025 7:05;26.08.2025 7:05;0;3,771;0;0;0;0;Filtered;Filtered;Weak Entry Signal;1
DOTUSDT;Long;41.35753092640552;26.08.2025 7:25;26.08.2025 7:25;0;3,768;0;0;0;0;Filtered;Filtered;Weak Entry Signal;1
DOTUSDT;Short;56.62633051331333;26.08.2025 19:05;26.08.2025 19:05;0;3,851;0;0;0;0;Filtered;Filtered;Weak Entry Signal;1
DOTUSDT;Short;70.01126180843417;26.08.2025 20:25;26.08.2025 20:25;0;3,915;0;0;0;0;Filtered;Filtered;Secondary TF Filter: Uptrend: avg_sma_change=1.95, no_rsi_extreme=True;1
DOTUSDT;Long;40.93231840012217;27.08.2025 1:30;27.08.2025 1:30;0;3,864;0;0;0;0;Filtered;Filtered;Weak Entry Signal;1
DOTUSDT;Short;58.52911766157812;27.08.2025 5:00;27.08.2025 5:00;0;3,91;0;0;0;0;Filtered;Filtered;Weak Entry Signal;1
DOTUSDT;Long;35.666941118514686;27.08.2025 7:45;27.08.2025 7:45;0;3,865;0;0;0;0;Filtered;Filtered;Weak Entry Signal;1
DOTUSDT;Long;37.95168785438879;27.08.2025 8:00;27.08.2025 8:00;0;3,86;0;0;0;0;Filtered;Filtered;Weak Entry Signal;1
DOTUSDT;Short;55.465700717678516;27.08.2025 14:55;27.08.2025 14:55;0;3,903;0;0;0;0;Filtered;Filtered;Weak Entry Signal;1
DOTUSDT;Short;59.675860901992905;27.08.2025 15:20;27.08.2025 15:20;0;3,917;0;0;0;0;Filtered;Filtered;Weak Entry Signal;1
DOTUSDT;Short;65.34233464348819;28.08.2025 5:20;28.08.2025 5:20;0;3,922;0;0;0;0;Filtered;Filtered;Weak Entry Signal;1
DOTUSDT;Short;60.80939220564825;28.08.2025 8:50;28.08.2025 8:50;0;3,962;0;0;0;0;Filtered;Filtered;Weak Entry Signal;1
AVAXUSDT;Short;54.26479953745852;29.07.2025 13:40;29.07.2025 13:40;0;25,016;0;0;0;0;Filtered;Filtered;Weak Entry Signal;1
AVAXUSDT;Long;40.177762181861354;29.07.2025 15:40;29.07.2025 15:40;0;24,388;0;0;0;0;Filtered;Filtered;Weak Entry Signal;1
AVAXUSDT;Long;43.72936297069846;29.07.2025 16:40;29.07.2025 16:40;0;24,27;0;0;0;0;Filtered;Filtered;Weak Entry Signal;1
AVAXUSDT;Long;41.46616260210668;30.07.2025 5:20;30.07.2025 5:20;0;24,09;0;0;0;0;Filtered;Filtered;Weak Entry Signal;1
AVAXUSDT;Long;44.13454100332281;30.07.2025 8:25;30.07.2025 8:25;0;24,01;0;0;0;0;Filtered;Filtered;Weak Entry Signal;1
AVAXUSDT;Long;37.08555878586257;30.07.2025 10:00;30.07.2025 10:00;0;23,752;0;0;0;0;Filtered;Filtered;Weak Entry Signal;1
AVAXUSDT;Long;38.88167488799164;30.07.2025 11:35;30.07.2025 11:35;0;23,578;0;0;0;0;Filtered;Filtered;Weak Entry Signal;1
AVAXUSDT;Long;41.29704334518793;30.07.2025 19:25;30.07.2025 19:25;0;22,921;0;0;0;0;Filtered;Filtered;Weak Entry Signal;1
AVAXUSDT;Short;58.96857106034002;31.07.2025 1:05;31.07.2025 1:05;0;23,41;0;0;0;0;Filtered;Filtered;Weak Entry Signal;1
AVAXUSDT;Short;70.19744072351081;31.07.2025 3:55;31.07.2025 3:55;0;23,686;0;0;0;0;Filtered;Filtered;Secondary TF Filter: Uptrend: avg_sma_change=1.46, no_rsi_extreme=True;1
AVAXUSDT;Short;80.87776032687773;31.07.2025 5:45;31.07.2025 5:45;0;24,038;0;0;0;0;Filtered;Filtered;Secondary TF Filter: Uptrend: avg_sma_change=2.29, no_rsi_extreme=True;1
AVAXUSDT;Long;35.03260951106826;31.07.2025 12:25;31.07.2025 12:25;31.07.2025 14:15;23,627;22,91819;-3;1,833333333;22,91819;Loss;Stop Loss;;0
AVAXUSDT;Long;34.5958053125256;31.07.2025 12:45;31.07.2025 12:45;31.07.2025 14:25;23,526;22,82022;-3;1,666666667;22,82022;Loss;Stop Loss;;0
AVAXUSDT;Long;30.510150661037542;31.07.2025 13:15;31.07.2025 13:15;31.07.2025 16:45;23,324;23,326;0,008574859;3,5;22,62428;Profit;Reverse Signal (Short);;0
AVAXUSDT;Long;34.405515653530486;31.07.2025 13:35;31.07.2025 13:35;31.07.2025 16:45;23,248;23,326;0,335512732;3,166666667;22,55056;Profit;Reverse Signal (Short);;0
AVAXUSDT;Long;33.30629831761331;31.07.2025 14:35;31.07.2025 14:35;0;22,941;0;0;0;0;Filtered;Filtered;Weak Entry Signal;1
AVAXUSDT;Long;40.47885119824828;31.07.2025 20:10;31.07.2025 20:10;0;22,781;0;0;0;0;Filtered;Filtered;Weak Entry Signal;1
AVAXUSDT;Long;43.17882902088023;31.07.2025 20:35;31.07.2025 20:35;0;22,773;0;0;0;0;Filtered;Filtered;Weak Entry Signal;1
AVAXUSDT;Long;38.840201326594894;31.07.2025 22:50;31.07.2025 22:50;0;22,518;0;0;0;0;Filtered;Filtered;Weak Entry Signal;1
AVAXUSDT;Long;39.92832676662343;01.08.2025 0:35;01.08.2025 0:35;0;22,283;0;0;0;0;Filtered;Filtered;Weak Entry Signal;1
AVAXUSDT;Long;37.52267745856079;01.08.2025 5:35;01.08.2025 5:35;0;22,079;0;0;0;0;Filtered;Filtered;Weak Entry Signal;1
AVAXUSDT;Long;36.319695416609086;01.08.2025 6:05;01.08.2025 6:05;0;21,921;0;0;0;0;Filtered;Filtered;Weak Entry Signal;1
AVAXUSDT;Short;56.16235254296382;01.08.2025 12:35;01.08.2025 12:35;0;22,161;0;0;0;0;Filtered;Filtered;Weak Entry Signal;1
AVAXUSDT;Long;40.54748126550317;01.08.2025 17:30;01.08.2025 17:30;0;21,8;0;0;0;0;Filtered;Filtered;Weak Entry Signal;1
AVAXUSDT;Long;35.66366300822888;01.08.2025 17:50;01.08.2025 17:50;0;21,693;0;0;0;0;Filtered;Filtered;Weak Entry Signal;1
AVAXUSDT;Long;38.50062330333857;01.08.2025 18:05;01.08.2025 18:05;0;21,663;0;0;0;0;Filtered;Filtered;Weak Entry Signal;1
AVAXUSDT;Long;29.98692963480829;02.08.2025 7:00;02.08.2025 7:00;02.08.2025 12:25;21,371;21,478;0,50067849;5,416666667;20,72987;Profit;Reverse Signal (Short);;0
AVAXUSDT;Long;47.36334566140109;02.08.2025 16:40;02.08.2025 16:40;0;21,223;0;0;0;0;Filtered;Filtered;Weak Entry Signal;1
AVAXUSDT;Long;35.25591782732501;02.08.2025 18:55;02.08.2025 18:55;0;20,774;0;0;0;0;Filtered;Filtered;Weak Entry Signal;1
AVAXUSDT;Short;60.409065048639555;03.08.2025 10:50;03.08.2025 10:50;0;21,337;0;0;0;0;Filtered;Filtered;Weak Entry Signal;1
AVAXUSDT;Short;60.25740896148026;03.08.2025 11:25;03.08.2025 11:25;0;21,418;0;0;0;0;Filtered;Filtered;Weak Entry Signal;1
AVAXUSDT;Short;65.50888123352007;04.08.2025 1:15;04.08.2025 1:15;0;21,73;0;0;0;0;Filtered;Filtered;Weak Entry Signal;1
AVAXUSDT;Short;63.150232163498;04.08.2025 2:35;04.08.2025 2:35;0;21,859;0;0;0;0;Filtered;Filtered;Weak Entry Signal;1
AVAXUSDT;Long;46.14634164656182;04.08.2025 11:40;04.08.2025 11:40;0;21,822;0;0;0;0;Filtered;Filtered;Weak Entry Signal;1
AVAXUSDT;Short;64.46086220018667;04.08.2025 14:40;04.08.2025 14:40;04.08.2025 19:00;22,324;22,417;-0,416592009;4,333333333;22,99372;Loss;Reverse Signal (Long);;0
AVAXUSDT;Short;70.07331389126554;04.08.2025 17:25;04.08.2025 17:25;04.08.2025 19:00;22,749;22,417;1,459404809;1,583333333;23,43147;Profit;Reverse Signal (Long);;0
AVAXUSDT;Long;34.08098170694407;04.08.2025 19:55;04.08.2025 19:55;0;22,306;0;0;0;0;Filtered;Filtered;Weak Entry Signal;1
AVAXUSDT;Short;66.99987786762958;04.08.2025 21:55;04.08.2025 21:55;0;22,837;0;0;0;0;Filtered;Filtered;Weak Entry Signal;1
AVAXUSDT;Short;66.69453231837306;04.08.2025 22:25;04.08.2025 22:25;05.08.2025 02:40;22,982;22,81;0,748411801;4,25;23,67146;Profit;Reverse Signal (Long);;0
AVAXUSDT;Short;57.91384342306836;04.08.2025 23:05;04.08.2025 23:05;0;22,981;0;0;0;0;Filtered;Filtered;Weak Entry Signal;1
AVAXUSDT;Long;37.26680502550873;05.08.2025 2:35;05.08.2025 2:35;0;22,824;0;0;0;0;Filtered;Filtered;Weak Entry Signal;1
AVAXUSDT;Long;34.54983097089884;05.08.2025 3:35;05.08.2025 3:35;0;22,736;0;0;0;0;Filtered;Filtered;Weak Entry Signal;1
AVAXUSDT;Long;37.84919778037225;05.08.2025 3:50;05.08.2025 3:50;0;22,742;0;0;0;0;Filtered;Filtered;Weak Entry Signal;1
AVAXUSDT;Long;25.179402344660417;05.08.2025 7:45;05.08.2025 7:45;0;22,237;0;0;0;0;Filtered;Filtered;Secondary TF Filter: Downtrend: avg_sma_change=-1.16, no_rsi_extreme=True;1
AVAXUSDT;Short;60.62330656027096;05.08.2025 10:00;05.08.2025 10:00;0;22,532;0;0;0;0;Filtered;Filtered;Weak Entry Signal;1
AVAXUSDT;Short;65.62693783530074;05.08.2025 11:00;05.08.2025 11:00;05.08.2025 13:15;22,751;22,372;1,665860841;2,25;23,43353;Profit;Reverse Signal (Long);;0
AVAXUSDT;Long;40.68612520438847;05.08.2025 13:15;05.08.2025 13:15;0;22,372;0;0;0;0;Filtered;Filtered;Weak Entry Signal;1
AVAXUSDT;Long;39.07881242322613;05.08.2025 15:05;05.08.2025 15:05;0;21,984;0;0;0;0;Filtered;Filtered;Weak Entry Signal;1
AVAXUSDT;Long;30.089352479909437;05.08.2025 15:50;05.08.2025 15:50;0;21,706;0;0;0;0;Filtered;Filtered;Weak Entry Signal;1
AVAXUSDT;Short;63.26460923033275;05.08.2025 23:45;05.08.2025 23:45;0;21,871;0;0;0;0;Filtered;Filtered;Weak Entry Signal;1
AVAXUSDT;Short;60.41512244784406;06.08.2025 0:00;06.08.2025 0:00;0;21,874;0;0;0;0;Filtered;Filtered;Weak Entry Signal;1
AVAXUSDT;Short;58.84152762456614;06.08.2025 0:30;06.08.2025 0:30;0;21,895;0;0;0;0;Filtered;Filtered;Weak Entry Signal;1
AVAXUSDT;Short;62.90850198527381;06.08.2025 5:50;06.08.2025 5:50;0;22,069;0;0;0;0;Filtered;Filtered;Weak Entry Signal;1
AVAXUSDT;Short;60.504376476502294;06.08.2025 7:00;06.08.2025 7:00;0;22,135;0;0;0;0;Filtered;Filtered;Weak Entry Signal;1
AVAXUSDT;Short;61.276671294387526;06.08.2025 7:30;06.08.2025 7:30;0;22,211;0;0;0;0;Filtered;Filtered;Weak Entry Signal;1
AVAXUSDT;Short;58.0002574576213;06.08.2025 16:10;06.08.2025 16:10;0;22,243;0;0;0;0;Filtered;Filtered;Weak Entry Signal;1
AVAXUSDT;Long;40.70248408676105;07.08.2025 3:00;07.08.2025 3:00;0;22,078;0;0;0;0;Filtered;Filtered;Weak Entry Signal;1
AVAXUSDT;Long;36.05037078314849;07.08.2025 3:30;07.08.2025 3:30;0;22,021;0;0;0;0;Filtered;Filtered;Weak Entry Signal;1
AVAXUSDT;Long;38.04373206495046;07.08.2025 4:00;07.08.2025 4:00;0;22,016;0;0;0;0;Filtered;Filtered;Weak Entry Signal;1
AVAXUSDT;Short;62.30895700381115;07.08.2025 6:25;07.08.2025 6:25;0;22,203;0;0;0;0;Filtered;Filtered;Weak Entry Signal;1
AVAXUSDT;Short;77.93250794066748;07.08.2025 11:25;07.08.2025 11:25;0;22,851;0;0;0;0;Filtered;Filtered;Secondary TF Filter: Recent bull cross at RSI_SMA=57.53;1
AVAXUSDT;Short;68.2677127094079;07.08.2025 21:05;07.08.2025 21:05;0;22,967;0;0;0;0;Filtered;Filtered;Secondary TF Filter: Uptrend: avg_sma_change=1.52, no_rsi_extreme=True;1
AVAXUSDT;Short;71.61617069742204;07.08.2025 21:35;07.08.2025 21:35;0;23,072;0;0;0;0;Filtered;Filtered;Secondary TF Filter: Uptrend: avg_sma_change=1.59, no_rsi_extreme=True;1
AVAXUSDT;Short;66.42140036217513;07.08.2025 22:35;07.08.2025 22:35;0;23,181;0;0;0;0;Filtered;Filtered;Weak Entry Signal;1
AVAXUSDT;Short;64.69723532576161;07.08.2025 23:50;07.08.2025 23:50;0;23,328;0;0;0;0;Filtered;Filtered;Weak Entry Signal;1
AVAXUSDT;Short;60.081389391971946;08.08.2025 7:40;08.08.2025 7:40;0;23,425;0;0;0;0;Filtered;Filtered;Weak Entry Signal;1
AVAXUSDT;Long;37.14771936337566;08.08.2025 13:15;08.08.2025 13:15;0;23,29;0;0;0;0;Filtered;Filtered;Weak Entry Signal;1
AVAXUSDT;Long;41.312992346315205;08.08.2025 15:55;08.08.2025 15:55;0;23,183;0;0;0;0;Filtered;Filtered;Weak Entry Signal;1
AVAXUSDT;Short;65.09631053740762;08.08.2025 18:25;08.08.2025 18:25;09.08.2025 02:30;23,724;24,143;-1,766143989;8,083333333;24,43572;Loss;Timeout;;0
AVAXUSDT;Short;71.54151586602765;09.08.2025 2:35;09.08.2025 2:35;0;24,132;0;0;0;0;Filtered;Filtered;Secondary TF Filter: Recent bull cross at RSI_SMA=63.03;1
AVAXUSDT;Short;63.45374663843794;09.08.2025 5:40;09.08.2025 5:40;0;24,458;0;0;0;0;Filtered;Filtered;Weak Entry Signal;1
AVAXUSDT;Short;58.05295958098508;09.08.2025 9:15;09.08.2025 9:15;0;24,487;0;0;0;0;Filtered;Filtered;Weak Entry Signal;1
AVAXUSDT;Short;64.02649796445999;09.08.2025 10:20;09.08.2025 10:20;0;24,658;0;0;0;0;Filtered;Filtered;Weak Entry Signal;1
AVAXUSDT;Long;36.506459156693424;09.08.2025 14:10;09.08.2025 14:10;0;24,323;0;0;0;0;Filtered;Filtered;Weak Entry Signal;1
AVAXUSDT;Long;37.46294589704261;09.08.2025 14:50;09.08.2025 14:50;0;24,232;0;0;0;0;Filtered;Filtered;Weak Entry Signal;1
AVAXUSDT;Short;60.25677076478428;09.08.2025 19:20;09.08.2025 19:20;0;24,484;0;0;0;0;Filtered;Filtered;Weak Entry Signal;1
AVAXUSDT;Short;58.295018691529194;09.08.2025 20:15;09.08.2025 20:15;0;24,536;0;0;0;0;Filtered;Filtered;Weak Entry Signal;1
AVAXUSDT;Short;59.64484448042197;09.08.2025 20:50;09.08.2025 20:50;0;24,665;0;0;0;0;Filtered;Filtered;Weak Entry Signal;1
AVAXUSDT;Long;36.826402093347156;09.08.2025 23:40;09.08.2025 23:40;0;24,262;0;0;0;0;Filtered;Filtered;Weak Entry Signal;1
AVAXUSDT;Short;60.17719752869687;10.08.2025 4:50;10.08.2025 4:50;0;24,498;0;0;0;0;Filtered;Filtered;Weak Entry Signal;1
AVAXUSDT;Long;33.746967176208884;10.08.2025 6:30;10.08.2025 6:30;0;23,953;0;0;0;0;Filtered;Filtered;Weak Entry Signal;1
AVAXUSDT;Long;34.50959045288968;10.08.2025 6:50;10.08.2025 6:50;0;23,93;0;0;0;0;Filtered;Filtered;Weak Entry Signal;1
AVAXUSDT;Long;32.69075003257208;10.08.2025 8:15;10.08.2025 8:15;0;23,462;0;0;0;0;Filtered;Filtered;Secondary TF Filter: Downtrend: avg_sma_change=-1.20, no_rsi_extreme=True;1
AVAXUSDT;Short;62.8840300225142;10.08.2025 15:30;10.08.2025 15:30;0;23,944;0;0;0;0;Filtered;Filtered;Weak Entry Signal;1
AVAXUSDT;Short;59.24618549777473;10.08.2025 15:50;10.08.2025 15:50;0;23,937;0;0;0;0;Filtered;Filtered;Weak Entry Signal;1
AVAXUSDT;Short;57.209919949398866;10.08.2025 16:10;10.08.2025 16:10;0;23,946;0;0;0;0;Filtered;Filtered;Weak Entry Signal;1
AVAXUSDT;Short;66.27564214623757;11.08.2025 3:00;11.08.2025 3:00;0;24,362;0;0;0;0;Filtered;Filtered;Secondary TF Filter: Uptrend: avg_sma_change=2.06, no_rsi_extreme=True;1
AVAXUSDT;Short;62.54961925893;11.08.2025 4:40;11.08.2025 4:40;0;24,514;0;0;0;0;Filtered;Filtered;Weak Entry Signal;1
AVAXUSDT;Long;35.38162968835496;11.08.2025 8:15;11.08.2025 8:15;0;24,096;0;0;0;0;Filtered;Filtered;Weak Entry Signal;1
AVAXUSDT;Long;43.416054809060086;11.08.2025 10:20;11.08.2025 10:20;0;24,05;0;0;0;0;Filtered;Filtered;Weak Entry Signal;1
AVAXUSDT;Long;38.39403859505047;11.08.2025 10:35;11.08.2025 10:35;0;23,97;0;0;0;0;Filtered;Filtered;Weak Entry Signal;1
AVAXUSDT;Long;25.80890122783343;11.08.2025 12:15;11.08.2025 12:15;11.08.2025 14:40;23,367;23,548;0,774596653;2,416666667;22,66599;Profit;Reverse Signal (Short);;0
AVAXUSDT;Long;25.63240445832436;11.08.2025 12:45;11.08.2025 12:45;11.08.2025 14:40;23,201;23,548;1,495625189;1,916666667;22,50497;Profit;Reverse Signal (Short);;0
AVAXUSDT;Long;32.87236501160166;11.08.2025 13:15;11.08.2025 13:15;11.08.2025 14:40;23,181;23,548;1,583193132;1,416666667;22,48557;Profit;Reverse Signal (Short);;0
AVAXUSDT;Short;60.65806516144;11.08.2025 16:20;11.08.2025 16:20;0;23,845;0;0;0;0;Filtered;Filtered;Weak Entry Signal;1
AVAXUSDT;Long;38.530329250662;11.08.2025 20:40;11.08.2025 20:40;0;23,187;0;0;0;0;Filtered;Filtered;Weak Entry Signal;1
AVAXUSDT;Long;40.26840377743574;11.08.2025 21:20;11.08.2025 21:20;0;23,16;0;0;0;0;Filtered;Filtered;Weak Entry Signal;1
AVAXUSDT;Long;33.544274348963185;11.08.2025 22:25;11.08.2025 22:25;0;22,765;0;0;0;0;Filtered;Filtered;Secondary TF Filter: Downtrend: avg_sma_change=-2.80, no_rsi_extreme=True;1
AVAXUSDT;Short;55.100329785544304;12.08.2025 1:50;12.08.2025 1:50;0;23,036;0;0;0;0;Filtered;Filtered;Weak Entry Signal;1
AVAXUSDT;Short;57.436815381198784;12.08.2025 2:45;12.08.2025 2:45;0;23,159;0;0;0;0;Filtered;Filtered;Weak Entry Signal;1
AVAXUSDT;Short;62.34701658396972;12.08.2025 13:00;12.08.2025 13:00;0;23,42;0;0;0;0;Filtered;Filtered;Weak Entry Signal;1
AVAXUSDT;Short;70.44441729160039;12.08.2025 13:30;12.08.2025 13:30;0;23,693;0;0;0;0;Filtered;Filtered;Secondary TF Filter: Uptrend: avg_sma_change=1.76, no_rsi_extreme=True;1
AVAXUSDT;Short;61.094312217712435;12.08.2025 14:15;12.08.2025 14:15;0;23,648;0;0;0;0;Filtered;Filtered;Weak Entry Signal;1
AVAXUSDT;Short;70.49679501077692;12.08.2025 15:35;12.08.2025 15:35;0;24,064;0;0;0;0;Filtered;Filtered;Secondary TF Filter: Uptrend: avg_sma_change=2.51, no_rsi_extreme=True;1
AVAXUSDT;Short;69.89344322965968;12.08.2025 16:10;12.08.2025 16:10;0;24,205;0;0;0;0;Filtered;Filtered;Secondary TF Filter: Uptrend: avg_sma_change=2.51, no_rsi_extreme=True;1
AVAXUSDT;Short;62.87765059411558;12.08.2025 17:25;12.08.2025 17:25;0;24,373;0;0;0;0;Filtered;Filtered;Weak Entry Signal;1
AVAXUSDT;Short;65.43705930396541;12.08.2025 20:45;12.08.2025 20:45;0;24,785;0;0;0;0;Filtered;Filtered;Weak Entry Signal;1
AVAXUSDT;Long;45.51815110849295;13.08.2025 2:15;13.08.2025 2:15;0;24,51;0;0;0;0;Filtered;Filtered;Weak Entry Signal;1
AVAXUSDT;Short;61.027450370337746;13.08.2025 4:20;13.08.2025 4:20;0;25,001;0;0;0;0;Filtered;Filtered;Weak Entry Signal;1
AVAXUSDT;Long;38.69496561108676;13.08.2025 6:10;13.08.2025 6:10;0;24,582;0;0;0;0;Filtered;Filtered;Weak Entry Signal;1
AVAXUSDT;Long;41.3293617344664;13.08.2025 6:30;13.08.2025 6:30;0;24,557;0;0;0;0;Filtered;Filtered;Weak Entry Signal;1
AVAXUSDT;Short;60.78794721118198;13.08.2025 8:40;13.08.2025 8:40;0;24,87;0;0;0;0;Filtered;Filtered;Weak Entry Signal;1
AVAXUSDT;Short;67.84906206230592;13.08.2025 9:25;13.08.2025 9:25;0;25,176;0;0;0;0;Filtered;Filtered;Weak Entry Signal;1
AVAXUSDT;Short;65.6285962613544;13.08.2025 9:40;13.08.2025 9:40;0;25,186;0;0;0;0;Filtered;Filtered;Weak Entry Signal;1
AVAXUSDT;Short;69.29747153326127;13.08.2025 10:00;13.08.2025 10:00;13.08.2025 12:00;25,285;25,153;0,522048645;2;26,04355;Profit;Reverse Signal (Long);;0
AVAXUSDT;Short;68.9366881231816;13.08.2025 10:30;13.08.2025 10:30;0;25,348;0;0;0;0;Filtered;Filtered;Weak Entry Signal;1
AVAXUSDT;Short;62.70740023257496;14.08.2025 3:05;14.08.2025 3:05;0;25,761;0;0;0;0;Filtered;Filtered;Weak Entry Signal;1
AVAXUSDT;Short;65.83862375264542;14.08.2025 3:25;14.08.2025 3:25;0;25,863;0;0;0;0;Filtered;Filtered;Weak Entry Signal;1
AVAXUSDT;Short;67.28961950579725;14.08.2025 3:50;14.08.2025 3:50;0;25,926;0;0;0;0;Filtered;Filtered;Weak Entry Signal;1
AVAXUSDT;Long;40.57101029832323;14.08.2025 6:30;14.08.2025 6:30;0;25,305;0;0;0;0;Filtered;Filtered;Weak Entry Signal;1
AVAXUSDT;Long;39.86280158300054;14.08.2025 8:25;14.08.2025 8:25;0;25,106;0;0;0;0;Filtered;Filtered;Weak Entry Signal;1
AVAXUSDT;Long;39.71981695389892;14.08.2025 13:10;14.08.2025 13:10;0;23,942;0;0;0;0;Filtered;Filtered;Weak Entry Signal;1
AVAXUSDT;Long;38.28283623454342;14.08.2025 16:35;14.08.2025 16:35;0;23,674;0;0;0;0;Filtered;Filtered;Weak Entry Signal;1
AVAXUSDT;Short;60.92757174165438;14.08.2025 23:55;14.08.2025 23:55;0;23,652;0;0;0;0;Filtered;Filtered;Weak Entry Signal;1
AVAXUSDT;Short;64.3908269927476;15.08.2025 0:15;15.08.2025 0:15;0;23,759;0;0;0;0;Filtered;Filtered;Weak Entry Signal;1
AVAXUSDT;Short;57.10363803833949;15.08.2025 1:00;15.08.2025 1:00;0;23,831;0;0;0;0;Filtered;Filtered;Weak Entry Signal;1
AVAXUSDT;Short;65.02450658987502;15.08.2025 1:25;15.08.2025 1:25;0;23,976;0;0;0;0;Filtered;Filtered;Weak Entry Signal;1
AVAXUSDT;Short;70.1109136766214;15.08.2025 4:25;15.08.2025 4:25;0;24,963;0;0;0;0;Filtered;Filtered;Secondary TF Filter: Recent bull cross at RSI_SMA=26.36;1
AVAXUSDT;Long;37.78957274455614;15.08.2025 11:35;15.08.2025 11:35;15.08.2025 14:45;24,679;23,93863;-3;3,166666667;23,93863;Loss;Stop Loss;;0
AVAXUSDT;Long;40.11801568646446;15.08.2025 12:30;15.08.2025 12:30;0;24,542;0;0;0;0;Filtered;Filtered;Weak Entry Signal;1
AVAXUSDT;Long;37.370334979137866;15.08.2025 14:00;15.08.2025 14:00;0;24,248;0;0;0;0;Filtered;Filtered;Weak Entry Signal;1
AVAXUSDT;Long;35.1523332760419;15.08.2025 14:15;15.08.2025 14:15;0;24,188;0;0;0;0;Filtered;Filtered;Weak Entry Signal;1
AVAXUSDT;Long;35.038734469417605;15.08.2025 14:35;15.08.2025 14:35;0;24,115;0;0;0;0;Filtered;Filtered;Weak Entry Signal;1
AVAXUSDT;Long;28.435215318025442;15.08.2025 15:30;15.08.2025 15:30;15.08.2025 17:55;23,714;24,108;1,661465801;2,416666667;23,00258;Profit;Reverse Signal (Short);;0
AVAXUSDT;Long;28.723411939972095;15.08.2025 15:45;15.08.2025 15:45;15.08.2025 17:55;23,674;24,108;1,833234772;2,166666667;22,96378;Profit;Reverse Signal (Short);;0
AVAXUSDT;Long;28.460575845323163;15.08.2025 16:10;15.08.2025 16:10;15.08.2025 17:55;23,537;24,108;2,425967625;1,75;22,83089;Profit;Reverse Signal (Short);;0
AVAXUSDT;Long;42.641985513571115;16.08.2025 6:15;16.08.2025 6:15;0;23,744;0;0;0;0;Filtered;Filtered;Weak Entry Signal;1
AVAXUSDT;Long;39.05183250156174;16.08.2025 6:40;16.08.2025 6:40;0;23,697;0;0;0;0;Filtered;Filtered;Weak Entry Signal;1
AVAXUSDT;Short;61.99352320945863;16.08.2025 8:25;16.08.2025 8:25;0;23,989;0;0;0;0;Filtered;Filtered;Weak Entry Signal;1
AVAXUSDT;Short;62.27264275134441;16.08.2025 9:20;16.08.2025 9:20;0;24,054;0;0;0;0;Filtered;Filtered;Weak Entry Signal;1
AVAXUSDT;Long;34.832209739439406;16.08.2025 10:45;16.08.2025 10:45;0;23,63;0;0;0;0;Filtered;Filtered;Weak Entry Signal;1
AVAXUSDT;Short;62.95757587070604;16.08.2025 16:05;16.08.2025 16:05;0;24,163;0;0;0;0;Filtered;Filtered;Weak Entry Signal;1
AVAXUSDT;Short;61.026692834561906;16.08.2025 19:55;16.08.2025 19:55;0;24,168;0;0;0;0;Filtered;Filtered;Weak Entry Signal;1
AVAXUSDT;Short;67.65369166846381;16.08.2025 20:20;16.08.2025 20:20;0;24,304;0;0;0;0;Filtered;Filtered;Weak Entry Signal;1
AVAXUSDT;Long;36.45047264153969;17.08.2025 1:20;17.08.2025 1:20;0;24,063;0;0;0;0;Filtered;Filtered;Weak Entry Signal;1
AVAXUSDT;Short;62.98098403793884;17.08.2025 4:20;17.08.2025 4:20;0;24,457;0;0;0;0;Filtered;Filtered;Weak Entry Signal;1
AVAXUSDT;Short;59.735293167685555;17.08.2025 4:35;17.08.2025 4:35;0;24,459;0;0;0;0;Filtered;Filtered;Weak Entry Signal;1
AVAXUSDT;Short;67.02441463190132;17.08.2025 5:20;17.08.2025 5:20;0;24,673;0;0;0;0;Filtered;Filtered;Weak Entry Signal;1
AVAXUSDT;Short;59.3892772778684;17.08.2025 10:05;17.08.2025 10:05;0;24,764;0;0;0;0;Filtered;Filtered;Weak Entry Signal;1
AVAXUSDT;Short;57.68993031329673;17.08.2025 10:25;17.08.2025 10:25;0;24,786;0;0;0;0;Filtered;Filtered;Weak Entry Signal;1
AVAXUSDT;Short;67.77971885042078;17.08.2025 15:15;17.08.2025 15:15;0;25,081;0;0;0;0;Filtered;Filtered;Secondary TF Filter: Recent bull cross at RSI_SMA=61.81;1
AVAXUSDT;Short;59.199013155302445;17.08.2025 16:10;17.08.2025 16:10;0;25,293;0;0;0;0;Filtered;Filtered;Secondary TF Filter: Recent bull cross at RSI_SMA=67.18;1
AVAXUSDT;Short;59.6456773177147;17.08.2025 18:20;17.08.2025 18:20;0;25,488;0;0;0;0;Filtered;Filtered;Weak Entry Signal;1
AVAXUSDT;Long;35.90890639494954;18.08.2025 2:35;18.08.2025 2:35;0;24,369;0;0;0;0;Filtered;Filtered;Secondary TF Filter: Downtrend: avg_sma_change=-1.19, no_rsi_extreme=True;1
AVAXUSDT;Long;32.355086523810556;18.08.2025 3:50;18.08.2025 3:50;0;23,894;0;0;0;0;Filtered;Filtered;Secondary TF Filter: Downtrend: avg_sma_change=-1.50, no_rsi_extreme=True;1
AVAXUSDT;Long;40.922590697408886;18.08.2025 8:05;18.08.2025 8:05;0;23,545;0;0;0;0;Filtered;Filtered;Weak Entry Signal;1
AVAXUSDT;Short;63.31090840256809;18.08.2025 13:25;18.08.2025 13:25;0;24,041;0;0;0;0;Filtered;Filtered;Weak Entry Signal;1
AVAXUSDT;Long;37.52271329011845;18.08.2025 14:50;18.08.2025 14:50;0;23,526;0;0;0;0;Filtered;Filtered;Weak Entry Signal;1
AVAXUSDT;Long;39.46059597480668;18.08.2025 15:20;18.08.2025 15:20;0;23,477;0;0;0;0;Filtered;Filtered;Weak Entry Signal;1
AVAXUSDT;Long;49.65697812169635;18.08.2025 15:35;18.08.2025 15:35;0;23,604;0;0;0;0;Filtered;Filtered;Weak Entry Signal;1
AVAXUSDT;Short;59.910375378356974;18.08.2025 22:35;18.08.2025 22:35;0;24,021;0;0;0;0;Filtered;Filtered;Weak Entry Signal;1
AVAXUSDT;Long;39.148994607853346;19.08.2025 0:15;19.08.2025 0:15;0;23,706;0;0;0;0;Filtered;Filtered;Weak Entry Signal;1
AVAXUSDT;Long;35.72829655757228;19.08.2025 0:35;19.08.2025 0:35;0;23,579;0;0;0;0;Filtered;Filtered;Weak Entry Signal;1
AVAXUSDT;Long;45.633036100063116;19.08.2025 2:35;19.08.2025 2:35;0;23,59;0;0;0;0;Filtered;Filtered;Weak Entry Signal;1
AVAXUSDT;Long;40.44893122913617;19.08.2025 3:10;19.08.2025 3:10;0;23,476;0;0;0;0;Filtered;Filtered;Weak Entry Signal;1
AVAXUSDT;Long;33.31775883955574;19.08.2025 4:15;19.08.2025 4:15;0;23,131;0;0;0;0;Filtered;Filtered;Weak Entry Signal;1
AVAXUSDT;Long;43.21053723542894;19.08.2025 8:10;19.08.2025 8:10;0;22,989;0;0;0;0;Filtered;Filtered;Weak Entry Signal;1
AVAXUSDT;Long;41.59415080386959;19.08.2025 8:40;19.08.2025 8:40;0;22,931;0;0;0;0;Filtered;Filtered;Weak Entry Signal;1
AVAXUSDT;Short;59.810411728715806;19.08.2025 11:30;19.08.2025 11:30;0;23,329;0;0;0;0;Filtered;Filtered;Weak Entry Signal;1
AVAXUSDT;Long;46.255903899124064;20.08.2025 0:00;20.08.2025 0:00;0;22,468;0;0;0;0;Filtered;Filtered;Weak Entry Signal;1
AVAXUSDT;Short;52.433305381621665;20.08.2025 3:10;20.08.2025 3:10;0;22,596;0;0;0;0;Filtered;Filtered;Weak Entry Signal;1
AVAXUSDT;Short;57.17631463969779;20.08.2025 3:40;20.08.2025 3:40;0;22,7;0;0;0;0;Filtered;Filtered;Weak Entry Signal;1
AVAXUSDT;Short;59.35222956151419;20.08.2025 4:35;20.08.2025 4:35;0;22,804;0;0;0;0;Filtered;Filtered;Weak Entry Signal;1
AVAXUSDT;Short;61.83267333727366;20.08.2025 4:55;20.08.2025 4:55;0;22,836;0;0;0;0;Filtered;Filtered;Weak Entry Signal;1
AVAXUSDT;Short;58.36419440469992;20.08.2025 15:45;20.08.2025 15:45;0;23,146;0;0;0;0;Filtered;Filtered;Weak Entry Signal;1
AVAXUSDT;Short;63.94127563865283;20.08.2025 16:20;20.08.2025 16:20;0;23,316;0;0;0;0;Filtered;Filtered;Weak Entry Signal;1
AVAXUSDT;Short;63.34427639720728;20.08.2025 20:10;20.08.2025 20:10;0;23,502;0;0;0;0;Filtered;Filtered;Weak Entry Signal;1
AVAXUSDT;Short;65.6116788801045;22.08.2025 2:40;22.08.2025 2:40;0;23,128;0;0;0;0;Filtered;Filtered;Weak Entry Signal;1
AVAXUSDT;Long;26.31363234229768;22.08.2025 11:40;22.08.2025 11:40;22.08.2025 15:10;22,618;24,255;7,237598373;3,5;21,93946;Profit;Reverse Signal (Short);;0
AVAXUSDT;Long;26.439880436610224;22.08.2025 12:10;22.08.2025 12:10;22.08.2025 15:10;22,486;24,255;7,867117317;3;21,81142;Profit;Reverse Signal (Short);;0
AVAXUSDT;Long;39.12309446736811;22.08.2025 12:40;22.08.2025 12:40;22.08.2025 15:10;22,446;24,255;8,059342422;2,5;21,77262;Profit;Reverse Signal (Short);;0
AVAXUSDT;Short;75.9616163714782;22.08.2025 15:05;22.08.2025 15:05;0;24,224;0;0;0;0;Filtered;Filtered;Secondary TF Filter: Uptrend: avg_sma_change=1.08, no_rsi_extreme=True;1
AVAXUSDT;Short;76.72090309112627;22.08.2025 15:35;22.08.2025 15:35;0;24,456;0;0;0;0;Filtered;Filtered;Secondary TF Filter: Uptrend: avg_sma_change=0.97, no_rsi_extreme=True;1
AVAXUSDT;Short;73.62554763785637;22.08.2025 16:15;22.08.2025 16:15;0;24,792;0;0;0;0;Filtered;Filtered;Secondary TF Filter: Uptrend: avg_sma_change=0.97, no_rsi_extreme=True;1
AVAXUSDT;Short;70.73968858832622;22.08.2025 16:35;22.08.2025 16:35;0;24,823;0;0;0;0;Filtered;Filtered;Secondary TF Filter: Uptrend: avg_sma_change=1.25, no_rsi_extreme=True;1
AVAXUSDT;Long;38.426302689107835;23.08.2025 1:50;23.08.2025 1:50;0;24,88;0;0;0;0;Filtered;Filtered;Weak Entry Signal;1
AVAXUSDT;Long;39.81744127193659;23.08.2025 2:50;23.08.2025 2:50;0;24,715;0;0;0;0;Filtered;Filtered;Weak Entry Signal;1
AVAXUSDT;Short;68.37777637616466;23.08.2025 5:45;23.08.2025 5:45;0;25,437;0;0;0;0;Filtered;Filtered;Secondary TF Filter: Uptrend: avg_sma_change=1.72, no_rsi_extreme=True;1
AVAXUSDT;Short;67.37029666275485;23.08.2025 6:05;23.08.2025 6:05;0;25,494;0;0;0;0;Filtered;Filtered;Secondary TF Filter: Uptrend: avg_sma_change=1.72, no_rsi_extreme=True;1
AVAXUSDT;Short;61.21738674147106;23.08.2025 10:10;23.08.2025 10:10;0;25,693;0;0;0;0;Filtered;Filtered;Weak Entry Signal;1
AVAXUSDT;Short;61.07390355306018;23.08.2025 12:50;23.08.2025 12:50;0;26,103;0;0;0;0;Filtered;Filtered;Weak Entry Signal;1
AVAXUSDT;Short;63.168273178374015;23.08.2025 13:50;23.08.2025 13:50;0;26,583;0;0;0;0;Filtered;Filtered;Weak Entry Signal;1
AVAXUSDT;Long;30.816328616425963;23.08.2025 16:35;23.08.2025 16:35;0;25,395;0;0;0;0;Filtered;Filtered;Secondary TF Filter: Downtrend: avg_sma_change=-1.22, no_rsi_extreme=True;1
AVAXUSDT;Short;62.07976424041617;23.08.2025 20:10;23.08.2025 20:10;0;25,945;0;0;0;0;Filtered;Filtered;Weak Entry Signal;1
AVAXUSDT;Short;69.07820375484287;23.08.2025 23:10;23.08.2025 23:10;0;26,149;0;0;0;0;Filtered;Filtered;Weak Entry Signal;1
AVAXUSDT;Short;71.72850870333247;23.08.2025 23:30;23.08.2025 23:30;24.08.2025 04:00;26,247;25,924;1,230616832;4,5;27,03441;Profit;Reverse Signal (Long);;0
AVAXUSDT;Long;45.09310904313397;24.08.2025 3:50;24.08.2025 3:50;0;25,96;0;0;0;0;Filtered;Filtered;Weak Entry Signal;1
AVAXUSDT;Long;43.87651104721833;24.08.2025 4:10;24.08.2025 4:10;0;25,93;0;0;0;0;Filtered;Filtered;Weak Entry Signal;1
AVAXUSDT;Long;29.20404862168793;24.08.2025 6:35;24.08.2025 6:35;0;25,526;0;0;0;0;Filtered;Filtered;Secondary TF Filter: Downtrend: avg_sma_change=-1.40, no_rsi_extreme=True;1
AVAXUSDT;Long;35.71139983936695;24.08.2025 11:00;24.08.2025 11:00;0;25,099;0;0;0;0;Filtered;Filtered;Weak Entry Signal;1
AVAXUSDT;Short;73.28252480592705;24.08.2025 15:35;24.08.2025 15:35;0;25,735;0;0;0;0;Filtered;Filtered;Secondary TF Filter: Recent bull cross at RSI_SMA=34.94;1
AVAXUSDT;Short;60.33069974412969;24.08.2025 18:00;24.08.2025 18:00;0;25,925;0;0;0;0;Filtered;Filtered;Weak Entry Signal;1
AVAXUSDT;Short;70.23926265050648;24.08.2025 19:10;24.08.2025 19:10;0;26,438;0;0;0;0;Filtered;Filtered;Secondary TF Filter: Recent bull cross at RSI_SMA=34.94;1
AVAXUSDT;Long;37.41045177808149;25.08.2025 5:15;25.08.2025 5:15;0;25,33;0;0;0;0;Filtered;Filtered;Weak Entry Signal;1
AVAXUSDT;Long;35.57263652158909;25.08.2025 5:40;25.08.2025 5:40;0;25,243;0;0;0;0;Filtered;Filtered;Weak Entry Signal;1
AVAXUSDT;Long;33.35981456086263;25.08.2025 6:20;25.08.2025 6:20;0;25,066;0;0;0;0;Filtered;Filtered;Weak Entry Signal;1
AVAXUSDT;Long;27.600972844752746;25.08.2025 7:00;25.08.2025 7:00;25.08.2025 10:45;24,723;23,98131;-3;3,75;23,98131;Loss;Stop Loss;;0
AVAXUSDT;Long;25.284249175732782;25.08.2025 7:35;25.08.2025 7:35;25.08.2025 12:30;24,466;24,217;-1,017738903;4,916666667;23,73202;Loss;Reverse Signal (Short);;0
AVAXUSDT;Long;26.32987482231225;25.08.2025 7:55;25.08.2025 7:55;25.08.2025 12:30;24,283;24,217;-0,271795083;4,583333333;23,55451;Loss;Reverse Signal (Short);;0
AVAXUSDT;Long;45.239874287499845;25.08.2025 18:05;25.08.2025 18:05;0;24,017;0;0;0;0;Filtered;Filtered;Weak Entry Signal;1
AVAXUSDT;Long;35.72761801555208;25.08.2025 20:00;25.08.2025 20:00;0;23,637;0;0;0;0;Filtered;Filtered;Weak Entry Signal;1
AVAXUSDT;Long;35.874507130416134;25.08.2025 20:15;25.08.2025 20:15;0;23,559;0;0;0;0;Filtered;Filtered;Weak Entry Signal;1
AVAXUSDT;Long;31.18893489648198;25.08.2025 20:40;25.08.2025 20:40;0;23,275;0;0;0;0;Filtered;Filtered;Weak Entry Signal;1
AVAXUSDT;Long;41.20453931567442;26.08.2025 7:25;26.08.2025 7:25;0;23,208;0;0;0;0;Filtered;Filtered;Weak Entry Signal;1
AVAXUSDT;Short;59.01893613006997;26.08.2025 11:00;26.08.2025 11:00;0;23,474;0;0;0;0;Filtered;Filtered;Weak Entry Signal;1
AVAXUSDT;Short;69.34442481090835;26.08.2025 20:15;26.08.2025 20:15;0;24,277;0;0;0;0;Filtered;Filtered;Secondary TF Filter: Uptrend: avg_sma_change=2.33, no_rsi_extreme=True;1
AVAXUSDT;Long;41.22322127931041;27.08.2025 1:30;27.08.2025 1:30;0;23,994;0;0;0;0;Filtered;Filtered;Weak Entry Signal;1
AVAXUSDT;Long;36.0941592652062;27.08.2025 1:45;27.08.2025 1:45;0;23,932;0;0;0;0;Filtered;Filtered;Weak Entry Signal;1
AVAXUSDT;Long;39.83007877653034;27.08.2025 2:10;27.08.2025 2:10;0;23,92;0;0;0;0;Filtered;Filtered;Weak Entry Signal;1
AVAXUSDT;Short;64.19405100609845;27.08.2025 4:20;27.08.2025 4:20;0;24,45;0;0;0;0;Filtered;Filtered;Weak Entry Signal;1
AVAXUSDT;Short;59.26487135608385;27.08.2025 5:55;27.08.2025 5:55;0;24,537;0;0;0;0;Filtered;Filtered;Weak Entry Signal;1
AVAXUSDT;Short;61.60984782161359;27.08.2025 9:45;27.08.2025 9:45;0;24,509;0;0;0;0;Filtered;Filtered;Weak Entry Signal;1
AVAXUSDT;Short;61.12318910426097;27.08.2025 13:05;27.08.2025 13:05;0;24,686;0;0;0;0;Filtered;Filtered;Weak Entry Signal;1
AVAXUSDT;Short;55.108735288691655;27.08.2025 13:20;27.08.2025 13:20;0;24,652;0;0;0;0;Filtered;Filtered;Weak Entry Signal;1
AVAXUSDT;Short;59.94023220967832;27.08.2025 15:00;27.08.2025 15:00;0;25,101;0;0;0;0;Filtered;Filtered;Weak Entry Signal;1
AVAXUSDT;Long;33.04821643683522;27.08.2025 19:55;27.08.2025 19:55;0;24,668;0;0;0;0;Filtered;Filtered;Weak Entry Signal;1
AVAXUSDT;Long;38.21924856684864;27.08.2025 20:10;27.08.2025 20:10;0;24,673;0;0;0;0;Filtered;Filtered;Weak Entry Signal;1
LINKUSDT;Long;32.738204147207625;29.07.2025 14:55;29.07.2025 14:55;0;17,759;0;0;0;0;Filtered;Filtered;Weak Entry Signal;1
LINKUSDT;Long;33.572343697470345;29.07.2025 15:10;29.07.2025 15:10;0;17,732;0;0;0;0;Filtered;Filtered;Weak Entry Signal;1
LINKUSDT;Long;38.29231369400909;29.07.2025 15:40;29.07.2025 15:40;0;17,716;0;0;0;0;Filtered;Filtered;Weak Entry Signal;1
LINKUSDT;Long;43.46431158434125;29.07.2025 16:40;29.07.2025 16:40;0;17,63;0;0;0;0;Filtered;Filtered;Weak Entry Signal;1
LINKUSDT;Long;44.73548688942106;30.07.2025 5:20;30.07.2025 5:20;0;17,736;0;0;0;0;Filtered;Filtered;Weak Entry Signal;1
LINKUSDT;Long;42.86480130892352;30.07.2025 10:00;30.07.2025 10:00;0;17,599;0;0;0;0;Filtered;Filtered;Weak Entry Signal;1
LINKUSDT;Long;33.03395067750705;30.07.2025 11:55;30.07.2025 11:55;0;17,295;0;0;0;0;Filtered;Filtered;Weak Entry Signal;1
LINKUSDT;Long;31.92465180563717;30.07.2025 12:10;30.07.2025 12:10;0;17,264;0;0;0;0;Filtered;Filtered;Weak Entry Signal;1
LINKUSDT;Short;53.54240513520428;30.07.2025 16:00;30.07.2025 16:00;0;17,546;0;0;0;0;Filtered;Filtered;Weak Entry Signal;1
LINKUSDT;Short;56.13387759926919;30.07.2025 17:45;30.07.2025 17:45;0;17,661;0;0;0;0;Filtered;Filtered;Weak Entry Signal;1
LINKUSDT;Long;37.8579371124979;30.07.2025 19:25;30.07.2025 19:25;0;17,193;0;0;0;0;Filtered;Filtered;Weak Entry Signal;1
LINKUSDT;Short;63.25579289553399;30.07.2025 23:50;30.07.2025 23:50;0;17,709;0;0;0;0;Filtered;Filtered;Weak Entry Signal;1
LINKUSDT;Short;61.15014230328578;31.07.2025 1:15;31.07.2025 1:15;0;17,806;0;0;0;0;Filtered;Filtered;Weak Entry Signal;1
LINKUSDT;Short;60.26247101780823;31.07.2025 1:30;31.07.2025 1:30;0;17,82;0;0;0;0;Filtered;Filtered;Weak Entry Signal;1
LINKUSDT;Short;60.511568072211155;31.07.2025 2:15;31.07.2025 2:15;0;17,852;0;0;0;0;Filtered;Filtered;Weak Entry Signal;1
LINKUSDT;Short;66.9079764502104;31.07.2025 3:20;31.07.2025 3:20;0;17,982;0;0;0;0;Filtered;Filtered;Weak Entry Signal;1
LINKUSDT;Short;60.082056466305254;31.07.2025 9:05;31.07.2025 9:05;0;18,136;0;0;0;0;Filtered;Filtered;Weak Entry Signal;1
LINKUSDT;Short;65.97331982291273;31.07.2025 9:30;31.07.2025 9:30;0;18,177;0;0;0;0;Filtered;Filtered;Weak Entry Signal;1
LINKUSDT;Short;62.975234586003204;31.07.2025 9:55;31.07.2025 9:55;0;18,189;0;0;0;0;Filtered;Filtered;Weak Entry Signal;1
LINKUSDT;Long;36.674289559353994;31.07.2025 12:00;31.07.2025 12:00;0;17,99;0;0;0;0;Filtered;Filtered;Weak Entry Signal;1
LINKUSDT;Long;39.71012956741609;31.07.2025 12:25;31.07.2025 12:25;0;17,965;0;0;0;0;Filtered;Filtered;Weak Entry Signal;1
LINKUSDT;Long;37.5932150537432;31.07.2025 12:45;31.07.2025 12:45;0;17,893;0;0;0;0;Filtered;Filtered;Weak Entry Signal;1
LINKUSDT;Long;33.93959132708065;31.07.2025 13:35;31.07.2025 13:35;0;17,668;0;0;0;0;Filtered;Filtered;Weak Entry Signal;1
LINKUSDT;Long;35.65518922093409;31.07.2025 14:45;31.07.2025 14:45;0;17,444;0;0;0;0;Filtered;Filtered;Weak Entry Signal;1
LINKUSDT;Long;37.37339404523823;31.07.2025 15:00;31.07.2025 15:00;0;17,426;0;0;0;0;Filtered;Filtered;Weak Entry Signal;1
LINKUSDT;Long;45.279753091988155;31.07.2025 20:15;31.07.2025 20:15;0;17,278;0;0;0;0;Filtered;Filtered;Weak Entry Signal;1
LINKUSDT;Long;39.1979696443281;31.07.2025 20:35;31.07.2025 20:35;0;17,178;0;0;0;0;Filtered;Filtered;Weak Entry Signal;1
LINKUSDT;Long;39.619241766027486;31.07.2025 22:50;31.07.2025 22:50;0;16,951;0;0;0;0;Filtered;Filtered;Weak Entry Signal;1
LINKUSDT;Long;41.94553565696158;01.08.2025 5:05;01.08.2025 5:05;0;16,766;0;0;0;0;Filtered;Filtered;Weak Entry Signal;1
LINKUSDT;Long;42.82862986519874;01.08.2025 5:35;01.08.2025 5:35;0;16,711;0;0;0;0;Filtered;Filtered;Weak Entry Signal;1
LINKUSDT;Long;37.677323766876206;01.08.2025 5:50;01.08.2025 5:50;0;16,627;0;0;0;0;Filtered;Filtered;Weak Entry Signal;1
LINKUSDT;Long;38.97331802839384;01.08.2025 6:30;01.08.2025 6:30;0;16,586;0;0;0;0;Filtered;Filtered;Weak Entry Signal;1
LINKUSDT;Short;56.277541074832996;01.08.2025 12:45;01.08.2025 12:45;0;16,656;0;0;0;0;Filtered;Filtered;Weak Entry Signal;1
LINKUSDT;Short;54.09543360374437;01.08.2025 13:20;01.08.2025 13:20;0;16,68;0;0;0;0;Filtered;Filtered;Weak Entry Signal;1
LINKUSDT;Long;36.50007054274487;01.08.2025 17:55;01.08.2025 17:55;0;16,302;0;0;0;0;Filtered;Filtered;Weak Entry Signal;1
LINKUSDT;Long;40.06383543978748;01.08.2025 18:20;01.08.2025 18:20;0;16,265;0;0;0;0;Filtered;Filtered;Weak Entry Signal;1
LINKUSDT;Long;34.06468244728259;01.08.2025 22:55;01.08.2025 22:55;0;15,871;0;0;0;0;Filtered;Filtered;Weak Entry Signal;1
LINKUSDT;Long;29.152221977788855;02.08.2025 6:55;02.08.2025 6:55;02.08.2025 08:25;15,897;16,071;1,094546141;1,5;15,42009;Profit;Reverse Signal (Short);;0
LINKUSDT;Long;32.11206097102719;02.08.2025 18:55;02.08.2025 18:55;0;15,496;0;0;0;0;Filtered;Filtered;Weak Entry Signal;1
LINKUSDT;Short;57.600558543656184;03.08.2025 3:10;03.08.2025 3:10;0;15,866;0;0;0;0;Filtered;Filtered;Weak Entry Signal;1
LINKUSDT;Short;60.23423262327179;03.08.2025 3:55;03.08.2025 3:55;0;15,902;0;0;0;0;Filtered;Filtered;Weak Entry Signal;1
LINKUSDT;Short;60.353393744373754;03.08.2025 10:50;03.08.2025 10:50;0;16,115;0;0;0;0;Filtered;Filtered;Weak Entry Signal;1
LINKUSDT;Short;66.27677791013642;04.08.2025 1:15;04.08.2025 1:15;0;16,56;0;0;0;0;Filtered;Filtered;Weak Entry Signal;1
LINKUSDT;Short;58.53091405174691;04.08.2025 14:35;04.08.2025 14:35;0;16,817;0;0;0;0;Filtered;Filtered;Weak Entry Signal;1
LINKUSDT;Long;37.252513092976415;04.08.2025 19:50;04.08.2025 19:50;0;16,845;0;0;0;0;Filtered;Filtered;Weak Entry Signal;1
LINKUSDT;Short;60.60997990836177;04.08.2025 21:50;04.08.2025 21:50;0;17,085;0;0;0;0;Filtered;Filtered;Weak Entry Signal;1
LINKUSDT;Short;59.595728583891336;04.08.2025 23:00;04.08.2025 23:00;0;17,137;0;0;0;0;Filtered;Filtered;Weak Entry Signal;1
LINKUSDT;Long;38.559524922777356;05.08.2025 2:35;05.08.2025 2:35;0;16,934;0;0;0;0;Filtered;Filtered;Weak Entry Signal;1
LINKUSDT;Long;32.32527638152554;05.08.2025 3:55;05.08.2025 3:55;0;16,786;0;0;0;0;Filtered;Filtered;Weak Entry Signal;1
LINKUSDT;Long;38.249166007607556;05.08.2025 4:55;05.08.2025 4:55;0;16,733;0;0;0;0;Filtered;Filtered;Weak Entry Signal;1
LINKUSDT;Long;32.32322135602122;05.08.2025 7:45;05.08.2025 7:45;0;16,536;0;0;0;0;Filtered;Filtered;Weak Entry Signal;1
LINKUSDT;Long;29.387683526181164;05.08.2025 8:10;05.08.2025 8:10;0;16,484;0;0;0;0;Filtered;Filtered;Secondary TF Filter: Downtrend: avg_sma_change=-1.53, no_rsi_extreme=True;1
LINKUSDT;Short;69.46731069813836;05.08.2025 10:45;05.08.2025 10:45;05.08.2025 13:25;16,911;16,648;1,555200757;2,666666667;17,41833;Profit;Reverse Signal (Long);;0
LINKUSDT;Long;41.93328101543294;05.08.2025 13:15;05.08.2025 13:15;0;16,67;0;0;0;0;Filtered;Filtered;Weak Entry Signal;1
LINKUSDT;Long;49.649509120746;05.08.2025 13:35;05.08.2025 13:35;0;16,715;0;0;0;0;Filtered;Filtered;Weak Entry Signal;1
LINKUSDT;Long;44.40797858173576;05.08.2025 15:05;05.08.2025 15:05;0;16,451;0;0;0;0;Filtered;Filtered;Weak Entry Signal;1
LINKUSDT;Short;59.13219180972414;05.08.2025 23:50;05.08.2025 23:50;0;16,388;0;0;0;0;Filtered;Filtered;Weak Entry Signal;1
LINKUSDT;Long;35.13140547214117;06.08.2025 1:35;06.08.2025 1:35;0;16,173;0;0;0;0;Filtered;Filtered;Weak Entry Signal;1
LINKUSDT;Short;63.28920214824424;06.08.2025 5:50;06.08.2025 5:50;0;16,402;0;0;0;0;Filtered;Filtered;Weak Entry Signal;1
LINKUSDT;Short;62.057847766547155;06.08.2025 7:35;06.08.2025 7:35;0;16,482;0;0;0;0;Filtered;Filtered;Weak Entry Signal;1
LINKUSDT;Short;58.35683970095672;06.08.2025 15:25;06.08.2025 15:25;0;16,592;0;0;0;0;Filtered;Filtered;Weak Entry Signal;1
LINKUSDT;Short;62.114673293959235;06.08.2025 15:40;06.08.2025 15:40;0;16,646;0;0;0;0;Filtered;Filtered;Weak Entry Signal;1
LINKUSDT;Short;61.16607731349042;06.08.2025 16:10;06.08.2025 16:10;0;16,726;0;0;0;0;Filtered;Filtered;Weak Entry Signal;1
LINKUSDT;Long;44.13510534264499;07.08.2025 0:25;07.08.2025 0:25;0;16,655;0;0;0;0;Filtered;Filtered;Weak Entry Signal;1
LINKUSDT;Short;61.636345391334245;07.08.2025 6:25;07.08.2025 6:25;0;16,751;0;0;0;0;Filtered;Filtered;Weak Entry Signal;1
LINKUSDT;Short;55.90701985450786;07.08.2025 6:50;07.08.2025 6:50;0;16,755;0;0;0;0;Filtered;Filtered;Weak Entry Signal;1
LINKUSDT;Short;59.388163459930034;07.08.2025 7:25;07.08.2025 7:25;0;16,793;0;0;0;0;Filtered;Filtered;Weak Entry Signal;1
LINKUSDT;Short;78.81543075720424;07.08.2025 11:05;07.08.2025 11:05;0;17,317;0;0;0;0;Filtered;Filtered;Secondary TF Filter: Recent bull cross at RSI_SMA=65.12;1
LINKUSDT;Short;82.84865547211794;07.08.2025 11:25;07.08.2025 11:25;0;17,405;0;0;0;0;Filtered;Filtered;Secondary TF Filter: Recent bull cross at RSI_SMA=65.12;1
LINKUSDT;Short;61.233448191730176;07.08.2025 20:05;07.08.2025 20:05;0;18,204;0;0;0;0;Filtered;Filtered;Weak Entry Signal;1
LINKUSDT;Short;67.48230514293886;07.08.2025 21:00;07.08.2025 21:00;0;18,436;0;0;0;0;Filtered;Filtered;Weak Entry Signal;1
LINKUSDT;Short;64.64098300345896;08.08.2025 4:00;08.08.2025 4:00;08.08.2025 06:00;19,075;18,854;1,158584535;2;19,64725;Profit;Reverse Signal (Long);;0
LINKUSDT;Short;62.89702895495486;08.08.2025 7:50;08.08.2025 7:50;0;19,351;0;0;0;0;Filtered;Filtered;Weak Entry Signal;1
LINKUSDT;Long;39.473024783775315;08.08.2025 15:45;08.08.2025 15:45;0;19,209;0;0;0;0;Filtered;Filtered;Weak Entry Signal;1
LINKUSDT;Long;39.53880304975049;08.08.2025 16:45;08.08.2025 16:45;0;19,14;0;0;0;0;Filtered;Filtered;Weak Entry Signal;1
LINKUSDT;Short;63.13857620829023;08.08.2025 18:25;08.08.2025 18:25;0;19,5;0;0;0;0;Filtered;Filtered;Weak Entry Signal;1
LINKUSDT;Short;56.55952077592136;08.08.2025 19:30;08.08.2025 19:30;0;19,551;0;0;0;0;Filtered;Filtered;Weak Entry Signal;1
LINKUSDT;Short;61.472275280135875;08.08.2025 23:10;08.08.2025 23:10;0;19,854;0;0;0;0;Filtered;Filtered;Weak Entry Signal;1
LINKUSDT;Short;63.13284725859402;09.08.2025 2:30;09.08.2025 2:30;0;20,418;0;0;0;0;Filtered;Filtered;Secondary TF Filter: Recent bull cross at RSI_SMA=62.02;1
LINKUSDT;Short;65.68584852422362;09.08.2025 3:50;09.08.2025 3:50;0;20,786;0;0;0;0;Filtered;Filtered;Secondary TF Filter: Recent bull cross at RSI_SMA=62.02;1
LINKUSDT;Short;58.97759578527279;09.08.2025 10:20;09.08.2025 10:20;0;21,048;0;0;0;0;Filtered;Filtered;Weak Entry Signal;1
LINKUSDT;Short;51.609278624427766;10.08.2025 0:05;10.08.2025 0:05;0;21,718;0;0;0;0;Filtered;Filtered;Weak Entry Signal;1
LINKUSDT;Long;41.50896563905765;10.08.2025 3:10;10.08.2025 3:10;0;21,348;0;0;0;0;Filtered;Filtered;Weak Entry Signal;1
LINKUSDT;Short;71.21201403184637;10.08.2025 5:20;10.08.2025 5:20;0;22,263;0;0;0;0;Filtered;Filtered;Secondary TF Filter: Recent bull cross at RSI_SMA=67.15;1
LINKUSDT;Long;39.4184205853914;10.08.2025 11:20;10.08.2025 11:20;0;21,709;0;0;0;0;Filtered;Filtered;Weak Entry Signal;1
LINKUSDT;Long;38.86238577809967;10.08.2025 12:40;10.08.2025 12:40;0;21,471;0;0;0;0;Filtered;Filtered;Weak Entry Signal;1
LINKUSDT;Short;66.02231955381367;10.08.2025 15:35;10.08.2025 15:35;0;22,312;0;0;0;0;Filtered;Filtered;Weak Entry Signal;1
LINKUSDT;Short;57.50774080714066;10.08.2025 16:10;10.08.2025 16:10;0;22,303;0;0;0;0;Filtered;Filtered;Weak Entry Signal;1
LINKUSDT;Short;58.23439799855007;10.08.2025 16:40;10.08.2025 16:40;0;22,4189;0;0;0;0;Filtered;Filtered;Weak Entry Signal;1
LINKUSDT;Long;45.571135054514706;11.08.2025 8:15;11.08.2025 8:15;0;22,038;0;0;0;0;Filtered;Filtered;Weak Entry Signal;1
LINKUSDT;Long;35.84860482731014;11.08.2025 10:20;11.08.2025 10:20;0;21,718;0;0;0;0;Filtered;Filtered;Secondary TF Filter: Downtrend: avg_sma_change=-0.71, no_rsi_extreme=True;1
LINKUSDT;Long;30.669853412927196;11.08.2025 11:55;11.08.2025 11:55;0;21,282;0;0;0;0;Filtered;Filtered;Secondary TF Filter: Downtrend: avg_sma_change=-0.96, no_rsi_extreme=True;1
LINKUSDT;Short;60.945812337893194;11.08.2025 14:35;11.08.2025 14:35;0;21,919;0;0;0;0;Filtered;Filtered;Weak Entry Signal;1
LINKUSDT;Long;39.398434030748156;11.08.2025 20:20;11.08.2025 20:20;0;21,38;0;0;0;0;Filtered;Filtered;Weak Entry Signal;1
LINKUSDT;Long;38.90458799069522;11.08.2025 20:40;11.08.2025 20:40;0;21,341;0;0;0;0;Filtered;Filtered;Weak Entry Signal;1
LINKUSDT;Long;33.43859161045704;11.08.2025 22:25;11.08.2025 22:25;0;20,952;0;0;0;0;Filtered;Filtered;Weak Entry Signal;1
LINKUSDT;Short;62.975318177865695;12.08.2025 2:45;12.08.2025 2:45;0;21,571;0;0;0;0;Filtered;Filtered;Weak Entry Signal;1
LINKUSDT;Long;45.1904001183672;12.08.2025 10:20;12.08.2025 10:20;0;21,247;0;0;0;0;Filtered;Filtered;Weak Entry Signal;1
LINKUSDT;Short;62.319692083246665;12.08.2025 13:00;12.08.2025 13:00;0;22,1144;0;0;0;0;Filtered;Filtered;Weak Entry Signal;1
LINKUSDT;Short;67.70945457665388;12.08.2025 13:35;12.08.2025 13:35;0;22,593;0;0;0;0;Filtered;Filtered;Secondary TF Filter: Uptrend: avg_sma_change=1.93, no_rsi_extreme=True;1
LINKUSDT;Short;66.99946861937144;12.08.2025 14:10;12.08.2025 14:10;0;22,8;0;0;0;0;Filtered;Filtered;Weak Entry Signal;1
LINKUSDT;Short;70.96276863386161;12.08.2025 15:25;12.08.2025 15:25;0;23,526;0;0;0;0;Filtered;Filtered;Secondary TF Filter: Uptrend: avg_sma_change=2.19, no_rsi_extreme=True;1
LINKUSDT;Short;58.17618526333995;13.08.2025 3:05;13.08.2025 3:05;0;23,931;0;0;0;0;Filtered;Filtered;Weak Entry Signal;1
LINKUSDT;Short;66.65656450836016;13.08.2025 3:45;13.08.2025 3:45;0;24,289;0;0;0;0;Filtered;Filtered;Weak Entry Signal;1
LINKUSDT;Short;65.56898654847357;13.08.2025 4:10;13.08.2025 4:10;0;24,491;0;0;0;0;Filtered;Filtered;Weak Entry Signal;1
LINKUSDT;Long;34.885276689504835;13.08.2025 6:30;13.08.2025 6:30;0;23,635;0;0;0;0;Filtered;Filtered;Weak Entry Signal;1
LINKUSDT;Long;32.87843831535527;13.08.2025 7:15;13.08.2025 7:15;0;23,357;0;0;0;0;Filtered;Filtered;Weak Entry Signal;1
LINKUSDT;Short;61.193525918360415;13.08.2025 10:30;13.08.2025 10:30;0;23,948;0;0;0;0;Filtered;Filtered;Weak Entry Signal;1
LINKUSDT;Short;61.39133915715016;13.08.2025 10:50;13.08.2025 10:50;0;24,103;0;0;0;0;Filtered;Filtered;Weak Entry Signal;1
LINKUSDT;Long;39.60949381215799;14.08.2025 6:25;14.08.2025 6:25;0;23,561;0;0;0;0;Filtered;Filtered;Weak Entry Signal;1
LINKUSDT;Long;39.8185714345813;14.08.2025 8:45;14.08.2025 8:45;0;23,343;0;0;0;0;Filtered;Filtered;Weak Entry Signal;1
LINKUSDT;Long;40.59014447675275;14.08.2025 11:50;14.08.2025 11:50;0;23,306;0;0;0;0;Filtered;Filtered;Weak Entry Signal;1
LINKUSDT;Short;59.32762289571874;14.08.2025 23:50;14.08.2025 23:50;0;22,479;0;0;0;0;Filtered;Filtered;Weak Entry Signal;1
LINKUSDT;Short;57.64509443799078;15.08.2025 0:10;15.08.2025 0:10;0;22,498;0;0;0;0;Filtered;Filtered;Weak Entry Signal;1
LINKUSDT;Short;63.52006944239811;15.08.2025 4:00;15.08.2025 4:00;0;22,763;0;0;0;0;Filtered;Filtered;Weak Entry Signal;1
LINKUSDT;Long;38.48110076223416;15.08.2025 10:05;15.08.2025 10:05;0;22,346;0;0;0;0;Filtered;Filtered;Weak Entry Signal;1
LINKUSDT;Long;37.26613084769415;15.08.2025 11:00;15.08.2025 11:00;0;22,265;0;0;0;0;Filtered;Filtered;Weak Entry Signal;1
LINKUSDT;Long;38.126490202564625;15.08.2025 11:35;15.08.2025 11:35;0;22,201;0;0;0;0;Filtered;Filtered;Weak Entry Signal;1
LINKUSDT;Long;37.85319473911816;15.08.2025 15:50;15.08.2025 15:50;0;21,652;0;0;0;0;Filtered;Filtered;Weak Entry Signal;1
LINKUSDT;Long;34.410346837226825;15.08.2025 16:15;15.08.2025 16:15;0;21,485;0;0;0;0;Filtered;Filtered;Weak Entry Signal;1
LINKUSDT;Short;50.72541115503985;15.08.2025 23:15;15.08.2025 23:15;0;21,727;0;0;0;0;Filtered;Filtered;Weak Entry Signal;1
LINKUSDT;Short;60.46148290030415;16.08.2025 1:00;16.08.2025 1:00;0;22,04;0;0;0;0;Filtered;Filtered;Weak Entry Signal;1
LINKUSDT;Long;44.805082793759205;16.08.2025 6:40;16.08.2025 6:40;0;21,648;0;0;0;0;Filtered;Filtered;Weak Entry Signal;1
LINKUSDT;Short;62.90856423227835;16.08.2025 8:00;16.08.2025 8:00;0;21,981;0;0;0;0;Filtered;Filtered;Weak Entry Signal;1
LINKUSDT;Long;35.02394119052403;16.08.2025 10:55;16.08.2025 10:55;0;21,515;0;0;0;0;Filtered;Filtered;Weak Entry Signal;1
LINKUSDT;Short;60.62640953818269;16.08.2025 15:30;16.08.2025 15:30;0;22,01;0;0;0;0;Filtered;Filtered;Weak Entry Signal;1
LINKUSDT;Short;69.89892863879679;16.08.2025 19:40;16.08.2025 19:40;0;22,753;0;0;0;0;Filtered;Filtered;Secondary TF Filter: Uptrend: avg_sma_change=0.92, no_rsi_extreme=True;1
LINKUSDT;Long;45.37412990849257;17.08.2025 2:20;17.08.2025 2:20;0;22,47;0;0;0;0;Filtered;Filtered;Weak Entry Signal;1
LINKUSDT;Short;75.19184778032533;17.08.2025 4:35;17.08.2025 4:35;0;23,784;0;0;0;0;Filtered;Filtered;Secondary TF Filter: Uptrend: avg_sma_change=2.33, no_rsi_extreme=True;1
LINKUSDT;Short;80.11004406632344;17.08.2025 5:05;17.08.2025 5:05;0;24,199;0;0;0;0;Filtered;Filtered;Secondary TF Filter: Uptrend: avg_sma_change=2.33, no_rsi_extreme=True;1
LINKUSDT;Short;59.721252596343945;17.08.2025 10:00;17.08.2025 10:00;0;24,611;0;0;0;0;Filtered;Filtered;Weak Entry Signal;1
LINKUSDT;Short;70.33825249544503;17.08.2025 15:10;17.08.2025 15:10;17.08.2025 15:55;25,506;26,27118;-3;0,75;26,27118;Loss;Stop Loss;;0
LINKUSDT;Short;74.17341789375924;17.08.2025 16:00;17.08.2025 16:00;17.08.2025 19:20;26,169;25,688;1,838052658;3,333333333;26,95407;Profit;Reverse Signal (Long);;0
LINKUSDT;Long;38.80194944304981;18.08.2025 3:00;18.08.2025 3:00;0;24,943;0;0;0;0;Filtered;Filtered;Weak Entry Signal;1
LINKUSDT;Long;37.61958181407813;18.08.2025 3:20;18.08.2025 3:20;0;24,781;0;0;0;0;Filtered;Filtered;Weak Entry Signal;1
LINKUSDT;Long;44.06305050311113;18.08.2025 6:30;18.08.2025 6:30;0;24,558;0;0;0;0;Filtered;Filtered;Weak Entry Signal;1
LINKUSDT;Short;69.30553593073824;18.08.2025 13:25;18.08.2025 13:25;0;25,64;0;0;0;0;Filtered;Filtered;Secondary TF Filter: Recent bull cross at RSI_SMA=45.85;1
LINKUSDT;Short;64.40401254425316;18.08.2025 22:45;18.08.2025 22:45;0;26,297;0;0;0;0;Filtered;Filtered;Weak Entry Signal;1
LINKUSDT;Long;32.2611798377185;19.08.2025 2:20;19.08.2025 2:20;0;24,957;0;0;0;0;Filtered;Filtered;Weak Entry Signal;1
LINKUSDT;Long;22.866294493423027;19.08.2025 4:15;19.08.2025 4:15;19.08.2025 06:40;24,165;24,395;0,951789779;2,416666667;23,44005;Profit;Reverse Signal (Short);;0
LINKUSDT;Long;21.820187424908497;19.08.2025 4:30;19.08.2025 4:30;19.08.2025 06:40;24,033;24,395;1,506262223;2,166666667;23,31201;Profit;Reverse Signal (Short);;0
LINKUSDT;Short;63.73249317743566;20.08.2025 5:05;20.08.2025 5:05;0;24,44;0;0;0;0;Filtered;Filtered;Weak Entry Signal;1
LINKUSDT;Short;60.8992179073669;20.08.2025 5:45;20.08.2025 5:45;0;24,489;0;0;0;0;Filtered;Filtered;Weak Entry Signal;1
LINKUSDT;Short;63.707355693706155;20.08.2025 9:15;20.08.2025 9:15;0;25,073;0;0;0;0;Filtered;Filtered;Weak Entry Signal;1
LINKUSDT;Short;60.978209400103424;20.08.2025 15:45;20.08.2025 15:45;0;25,962;0;0;0;0;Filtered;Filtered;Secondary TF Filter: Uptrend: avg_sma_change=1.91, no_rsi_extreme=True;1
LINKUSDT;Short;52.92698929859704;20.08.2025 20:15;20.08.2025 20:15;0;26,053;0;0;0;0;Filtered;Filtered;Weak Entry Signal;1
LINKUSDT;Short;55.20464565690638;20.08.2025 20:30;20.08.2025 20:30;0;26,161;0;0;0;0;Filtered;Filtered;Weak Entry Signal;1
LINKUSDT;Long;43.823154051147775;21.08.2025 4:30;21.08.2025 4:30;0;25,813;0;0;0;0;Filtered;Filtered;Weak Entry Signal;1
LINKUSDT;Long;41.09047577537457;21.08.2025 5:25;21.08.2025 5:25;0;25,677;0;0;0;0;Filtered;Filtered;Weak Entry Signal;1
LINKUSDT;Long;36.22001680570078;21.08.2025 16:05;21.08.2025 16:05;0;25,15;0;0;0;0;Filtered;Filtered;Weak Entry Signal;1
LINKUSDT;Long;37.470724460782236;21.08.2025 16:35;21.08.2025 16:35;0;25,111;0;0;0;0;Filtered;Filtered;Weak Entry Signal;1
LINKUSDT;Long;34.72135974392407;22.08.2025 11:45;22.08.2025 11:45;22.08.2025 14:45;24,409;26,307;7,775820394;3;23,67673;Profit;Reverse Signal (Short);;0
LINKUSDT;Long;26.231505201973604;22.08.2025 12:10;22.08.2025 12:10;22.08.2025 14:45;24,198;26,307;8,71559633;2,583333333;23,47206;Profit;Reverse Signal (Short);;0
LINKUSDT;Short;67.30694663553706;22.08.2025 14:40;22.08.2025 14:40;0;26,199;0;0;0;0;Filtered;Filtered;Secondary TF Filter: Uptrend: avg_sma_change=1.46, no_rsi_extreme=True;1
LINKUSDT;Short;60.78563013410282;22.08.2025 15:55;22.08.2025 15:55;0;26,466;0;0;0;0;Filtered;Filtered;Weak Entry Signal;1
LINKUSDT;Long;37.97426359292167;23.08.2025 1:45;23.08.2025 1:45;0;26,302;0;0;0;0;Filtered;Filtered;Weak Entry Signal;1
LINKUSDT;Long;40.40152008218673;23.08.2025 2:50;23.08.2025 2:50;0;26,118;0;0;0;0;Filtered;Filtered;Weak Entry Signal;1
LINKUSDT;Long;41.22605890708696;23.08.2025 8:30;23.08.2025 8:30;0;25,76;0;0;0;0;Filtered;Filtered;Weak Entry Signal;1
LINKUSDT;Long;41.19921268619296;23.08.2025 9:20;23.08.2025 9:20;0;25,697;0;0;0;0;Filtered;Filtered;Weak Entry Signal;1
LINKUSDT;Short;59.34034628903571;23.08.2025 14:30;23.08.2025 14:30;0;26,044;0;0;0;0;Filtered;Filtered;Weak Entry Signal;1
LINKUSDT;Short;60.483594676798965;23.08.2025 23:35;23.08.2025 23:35;0;26,317;0;0;0;0;Filtered;Filtered;Weak Entry Signal;1
LINKUSDT;Long;37.56175014840752;24.08.2025 2:25;24.08.2025 2:25;0;25,869;0;0;0;0;Filtered;Filtered;Weak Entry Signal;1
LINKUSDT;Long;35.78011595417382;24.08.2025 2:45;24.08.2025 2:45;0;25,814;0;0;0;0;Filtered;Filtered;Weak Entry Signal;1
LINKUSDT;Long;40.06195695773621;24.08.2025 6:35;24.08.2025 6:35;0;25,663;0;0;0;0;Filtered;Filtered;Weak Entry Signal;1
LINKUSDT;Short;63.25947674318766;24.08.2025 13:25;24.08.2025 13:25;0;25,731;0;0;0;0;Filtered;Filtered;Weak Entry Signal;1
LINKUSDT;Short;53.99043745458776;24.08.2025 17:15;24.08.2025 17:15;0;25,806;0;0;0;0;Filtered;Filtered;Weak Entry Signal;1
LINKUSDT;Short;62.361559303592976;24.08.2025 17:45;24.08.2025 17:45;0;26,037;0;0;0;0;Filtered;Filtered;Weak Entry Signal;1
LINKUSDT;Short;65.39845176769789;24.08.2025 18:55;24.08.2025 18:55;0;26,39;0;0;0;0;Filtered;Filtered;Weak Entry Signal;1
LINKUSDT;Short;66.94712660959796;24.08.2025 19:10;24.08.2025 19:10;0;26,529;0;0;0;0;Filtered;Filtered;Weak Entry Signal;1
LINKUSDT;Short;59.42493780139111;25.08.2025 2:20;25.08.2025 2:20;0;26,212;0;0;0;0;Filtered;Filtered;Weak Entry Signal;1
LINKUSDT;Long;41.06765720604653;25.08.2025 4:50;25.08.2025 4:50;0;25,799;0;0;0;0;Filtered;Filtered;Weak Entry Signal;1
LINKUSDT;Long;32.542997963314576;25.08.2025 8:10;25.08.2025 8:10;25.08.2025 15:05;24,921;24,544;-1,512780386;6,916666667;24,17337;Loss;Reverse Signal (Short);;0
LINKUSDT;Long;41.59112707279323;25.08.2025 9:10;25.08.2025 9:10;0;24,985;0;0;0;0;Filtered;Filtered;Weak Entry Signal;1
LINKUSDT;Long;35.03996118779864;25.08.2025 20:00;25.08.2025 20:00;0;23,799;0;0;0;0;Filtered;Filtered;Weak Entry Signal;1
LINKUSDT;Long;36.551951255672556;25.08.2025 20:15;25.08.2025 20:15;0;23,728;0;0;0;0;Filtered;Filtered;Weak Entry Signal;1
LINKUSDT;Long;31.088126380375016;25.08.2025 20:50;25.08.2025 20:50;0;23,234;0;0;0;0;Filtered;Filtered;Secondary TF Filter: Downtrend: avg_sma_change=-2.40, no_rsi_extreme=True;1
LINKUSDT;Long;40.63142419731959;26.08.2025 7:05;26.08.2025 7:05;0;23,089;0;0;0;0;Filtered;Filtered;Weak Entry Signal;1
LINKUSDT;Long;38.901786839123304;26.08.2025 7:25;26.08.2025 7:25;0;22,983;0;0;0;0;Filtered;Filtered;Weak Entry Signal;1
LINKUSDT;Short;59.14130689711217;26.08.2025 11:15;26.08.2025 11:15;0;23,475;0;0;0;0;Filtered;Filtered;Weak Entry Signal;1
LINKUSDT;Short;55.02739111022864;26.08.2025 12:50;26.08.2025 12:50;0;23,771;0;0;0;0;Filtered;Filtered;Weak Entry Signal;1
LINKUSDT;Long;42.80473145842129;27.08.2025 1:30;27.08.2025 1:30;0;24,175;0;0;0;0;Filtered;Filtered;Weak Entry Signal;1
LINKUSDT;Long;36.8825795714445;27.08.2025 1:45;27.08.2025 1:45;0;24,056;0;0;0;0;Filtered;Filtered;Weak Entry Signal;1
LINKUSDT;Long;38.75834771939434;27.08.2025 2:10;27.08.2025 2:10;0;24,045;0;0;0;0;Filtered;Filtered;Weak Entry Signal;1
LINKUSDT;Short;59.69504636266414;27.08.2025 4:50;27.08.2025 4:50;0;24,525;0;0;0;0;Filtered;Filtered;Weak Entry Signal;1
LINKUSDT;Long;39.48513711623202;27.08.2025 7:10;27.08.2025 7:10;0;24,084;0;0;0;0;Filtered;Filtered;Weak Entry Signal;1
LINKUSDT;Long;39.10195343269566;27.08.2025 7:30;27.08.2025 7:30;0;24,048;0;0;0;0;Filtered;Filtered;Weak Entry Signal;1
LINKUSDT;Short;62.67264002565515;27.08.2025 9:40;27.08.2025 9:40;0;24,453;0;0;0;0;Filtered;Filtered;Weak Entry Signal;1
LINKUSDT;Short;59.08091816725212;27.08.2025 10:15;27.08.2025 10:15;0;24,514;0;0;0;0;Filtered;Filtered;Weak Entry Signal;1
LINKUSDT;Short;60.73115019443527;28.08.2025 5:20;28.08.2025 5:20;0;24,203;0;0;0;0;Filtered;Filtered;Weak Entry Signal;1
UNIUSDT;Long;34.24501478369679;29.07.2025 14:55;29.07.2025 14:55;0;10,12;0;0;0;0;Filtered;Filtered;Weak Entry Signal;1
UNIUSDT;Long;36.306805612816476;29.07.2025 15:10;29.07.2025 15:10;0;10,118;0;0;0;0;Filtered;Filtered;Weak Entry Signal;1
UNIUSDT;Long;35.281835635967724;29.07.2025 15:35;29.07.2025 15:35;0;10,089;0;0;0;0;Filtered;Filtered;Weak Entry Signal;1
UNIUSDT;Short;59.12881627363955;30.07.2025 2:55;30.07.2025 2:55;0;10,444;0;0;0;0;Filtered;Filtered;Weak Entry Signal;1
UNIUSDT;Short;59.705603617718964;30.07.2025 3:20;30.07.2025 3:20;0;10,466;0;0;0;0;Filtered;Filtered;Weak Entry Signal;1
UNIUSDT;Long;43.23535246983369;30.07.2025 10:20;30.07.2025 10:20;0;10,204;0;0;0;0;Filtered;Filtered;Weak Entry Signal;1
UNIUSDT;Long;26.52981276742797;30.07.2025 12:00;30.07.2025 12:00;30.07.2025 15:05;9,846;10,012;1,685963843;3,083333333;9,55062;Profit;Reverse Signal (Short);;0
UNIUSDT;Short;58.329777718835;30.07.2025 17:05;30.07.2025 17:05;0;10,107;0;0;0;0;Filtered;Filtered;Weak Entry Signal;1
UNIUSDT;Short;56.77462348711969;30.07.2025 17:45;30.07.2025 17:45;0;10,142;0;0;0;0;Filtered;Filtered;Weak Entry Signal;1
UNIUSDT;Short;54.284419021712104;30.07.2025 18:00;30.07.2025 18:00;0;10,147;0;0;0;0;Filtered;Filtered;Weak Entry Signal;1
UNIUSDT;Long;38.14948055785968;30.07.2025 19:30;30.07.2025 19:30;0;9,808;0;0;0;0;Filtered;Filtered;Weak Entry Signal;1
UNIUSDT;Short;56.46189004555825;30.07.2025 23:50;30.07.2025 23:50;0;9,994;0;0;0;0;Filtered;Filtered;Weak Entry Signal;1
UNIUSDT;Short;61.061182358360846;31.07.2025 1:10;31.07.2025 1:10;0;10,137;0;0;0;0;Filtered;Filtered;Weak Entry Signal;1
UNIUSDT;Short;58.42506535182738;31.07.2025 1:30;31.07.2025 1:30;0;10,142;0;0;0;0;Filtered;Filtered;Weak Entry Signal;1
UNIUSDT;Long;33.46448794777979;31.07.2025 12:00;31.07.2025 12:00;31.07.2025 13:15;10,006;9,70582;-3;1,25;9,70582;Loss;Stop Loss;;0
UNIUSDT;Long;33.96173127266363;31.07.2025 12:25;31.07.2025 12:25;31.07.2025 13:15;9,975;9,67575;-3;0,833333333;9,67575;Loss;Stop Loss;;0
UNIUSDT;Long;26.11555079449593;31.07.2025 12:45;31.07.2025 12:45;31.07.2025 14:10;9,889;9,59233;-3;1,416666667;9,59233;Loss;Stop Loss;;0
UNIUSDT;Long;27.45337360951379;31.07.2025 13:35;31.07.2025 13:35;31.07.2025 16:40;9,696;9,773;0,794141914;3,083333333;9,40512;Profit;Reverse Signal (Short);;0
UNIUSDT;Long;34.100207430151286;31.07.2025 14:35;31.07.2025 14:35;31.07.2025 16:40;9,597;9,773;1,833906429;2,083333333;9,30909;Profit;Reverse Signal (Short);;0
UNIUSDT;Long;43.145407111733256;31.07.2025 21:00;31.07.2025 21:00;0;9,509;0;0;0;0;Filtered;Filtered;Weak Entry Signal;1
UNIUSDT;Long;38.69093392330399;31.07.2025 22:50;31.07.2025 22:50;0;9,382;0;0;0;0;Filtered;Filtered;Weak Entry Signal;1
UNIUSDT;Long;43.148322464352496;01.08.2025 0:35;01.08.2025 0:35;0;9,31;0;0;0;0;Filtered;Filtered;Weak Entry Signal;1
UNIUSDT;Long;41.90972245296816;01.08.2025 6:30;01.08.2025 6:30;0;9,273;0;0;0;0;Filtered;Filtered;Weak Entry Signal;1
UNIUSDT;Long;43.5159157453996;01.08.2025 7:40;01.08.2025 7:40;0;9,218;0;0;0;0;Filtered;Filtered;Weak Entry Signal;1
UNIUSDT;Long;49.33426223725131;01.08.2025 23:05;01.08.2025 23:05;0;9,046;0;0;0;0;Filtered;Filtered;Weak Entry Signal;1
UNIUSDT;Short;55.295900762451524;02.08.2025 3:50;02.08.2025 3:50;0;9,153;0;0;0;0;Filtered;Filtered;Weak Entry Signal;1
UNIUSDT;Long;30.69019423721609;02.08.2025 6:45;02.08.2025 6:45;02.08.2025 08:25;8,924;9,034;1,232631107;1,666666667;8,65628;Profit;Reverse Signal (Short);;0
UNIUSDT;Long;33.39919853694232;02.08.2025 18:55;02.08.2025 18:55;0;8,738;0;0;0;0;Filtered;Filtered;Weak Entry Signal;1
UNIUSDT;Short;60.42092490046391;03.08.2025 2:25;03.08.2025 2:25;0;8,92;0;0;0;0;Filtered;Filtered;Weak Entry Signal;1
UNIUSDT;Short;61.43086120536638;03.08.2025 2:40;03.08.2025 2:40;0;8,936;0;0;0;0;Filtered;Filtered;Weak Entry Signal;1
UNIUSDT;Short;63.24372933191088;03.08.2025 3:05;03.08.2025 3:05;0;8,951;0;0;0;0;Filtered;Filtered;Weak Entry Signal;1
UNIUSDT;Short;63.31150284870421;03.08.2025 3:30;03.08.2025 3:30;0;8,969;0;0;0;0;Filtered;Filtered;Weak Entry Signal;1
UNIUSDT;Short;58.230601244643886;03.08.2025 3:55;03.08.2025 3:55;0;8,965;0;0;0;0;Filtered;Filtered;Weak Entry Signal;1
UNIUSDT;Short;59.76122838102886;04.08.2025 1:05;04.08.2025 1:05;0;9,271;0;0;0;0;Filtered;Filtered;Weak Entry Signal;1
UNIUSDT;Short;74.33810052262729;04.08.2025 14:20;04.08.2025 14:20;0;9,85;0;0;0;0;Filtered;Filtered;Secondary TF Filter: Recent bull cross at RSI_SMA=66.34;1
UNIUSDT;Short;67.4146860514918;04.08.2025 16:30;04.08.2025 16:30;0;10,014;0;0;0;0;Filtered;Filtered;Weak Entry Signal;1
UNIUSDT;Long;38.23099324190036;04.08.2025 20:05;04.08.2025 20:05;0;9,808;0;0;0;0;Filtered;Filtered;Secondary TF Filter: Recent bear cross at RSI_SMA=70.52;1
UNIUSDT;Short;62.477323788484696;04.08.2025 22:25;04.08.2025 22:25;0;9,961;0;0;0;0;Filtered;Filtered;Weak Entry Signal;1
UNIUSDT;Short;52.109732884680255;04.08.2025 23:05;04.08.2025 23:05;0;9,95;0;0;0;0;Filtered;Filtered;Weak Entry Signal;1
UNIUSDT;Long;35.10445815905193;05.08.2025 4:05;05.08.2025 4:05;0;9,785;0;0;0;0;Filtered;Filtered;Weak Entry Signal;1
UNIUSDT;Long;32.14429716104654;05.08.2025 4:20;05.08.2025 4:20;0;9,749;0;0;0;0;Filtered;Filtered;Weak Entry Signal;1
UNIUSDT;Long;33.209348677506526;05.08.2025 4:45;05.08.2025 4:45;0;9,735;0;0;0;0;Filtered;Filtered;Weak Entry Signal;1
UNIUSDT;Long;38.03410142077077;05.08.2025 7:55;05.08.2025 7:55;0;9,71;0;0;0;0;Filtered;Filtered;Weak Entry Signal;1
UNIUSDT;Long;38.52211176831652;05.08.2025 8:15;05.08.2025 8:15;0;9,702;0;0;0;0;Filtered;Filtered;Weak Entry Signal;1
UNIUSDT;Short;63.834661060576956;05.08.2025 11:00;05.08.2025 11:00;0;9,894;0;0;0;0;Filtered;Filtered;Weak Entry Signal;1
UNIUSDT;Short;66.44954998870135;05.08.2025 11:25;05.08.2025 11:25;0;9,923;0;0;0;0;Filtered;Filtered;Weak Entry Signal;1
UNIUSDT;Long;43.374264225236395;05.08.2025 15:05;05.08.2025 15:05;0;9,639;0;0;0;0;Filtered;Filtered;Weak Entry Signal;1
UNIUSDT;Long;37.63567206741653;05.08.2025 16:00;05.08.2025 16:00;0;9,523;0;0;0;0;Filtered;Filtered;Weak Entry Signal;1
UNIUSDT;Short;62.376075123232376;05.08.2025 23:35;05.08.2025 23:35;0;9,578;0;0;0;0;Filtered;Filtered;Weak Entry Signal;1
UNIUSDT;Long;40.57810504680317;06.08.2025 1:40;06.08.2025 1:40;0;9,454;0;0;0;0;Filtered;Filtered;Weak Entry Signal;1
UNIUSDT;Short;63.16411884656644;06.08.2025 5:50;06.08.2025 5:50;0;9,6;0;0;0;0;Filtered;Filtered;Weak Entry Signal;1
UNIUSDT;Short;61.745051490871596;06.08.2025 6:25;06.08.2025 6:25;0;9,627;0;0;0;0;Filtered;Filtered;Weak Entry Signal;1
UNIUSDT;Short;62.35662839573492;06.08.2025 6:55;06.08.2025 6:55;0;9,654;0;0;0;0;Filtered;Filtered;Weak Entry Signal;1
UNIUSDT;Short;62.17478648879121;06.08.2025 7:15;06.08.2025 7:15;0;9,667;0;0;0;0;Filtered;Filtered;Weak Entry Signal;1
UNIUSDT;Short;58.493500207576794;06.08.2025 7:35;06.08.2025 7:35;0;9,666;0;0;0;0;Filtered;Filtered;Weak Entry Signal;1
UNIUSDT;Long;44.674953596732294;06.08.2025 13:20;06.08.2025 13:20;0;9,468;0;0;0;0;Filtered;Filtered;Weak Entry Signal;1
UNIUSDT;Short;61.29316076100906;06.08.2025 16:05;06.08.2025 16:05;0;9,68;0;0;0;0;Filtered;Filtered;Weak Entry Signal;1
UNIUSDT;Short;58.94643976999158;06.08.2025 19:25;06.08.2025 19:25;0;9,765;0;0;0;0;Filtered;Filtered;Weak Entry Signal;1
UNIUSDT;Short;73.19487918840068;07.08.2025 11:05;07.08.2025 11:05;0;10,114;0;0;0;0;Filtered;Filtered;Secondary TF Filter: Recent bull cross at RSI_SMA=59.92;1
UNIUSDT;Short;73.87663057275546;07.08.2025 21:05;07.08.2025 21:05;0;10,343;0;0;0;0;Filtered;Filtered;Secondary TF Filter: Uptrend: avg_sma_change=1.08, no_rsi_extreme=True;1
UNIUSDT;Short;72.99260466071101;07.08.2025 21:25;07.08.2025 21:25;0;10,366;0;0;0;0;Filtered;Filtered;Secondary TF Filter: Uptrend: avg_sma_change=1.08, no_rsi_extreme=True;1
UNIUSDT;Short;63.90756050750782;08.08.2025 8:25;08.08.2025 8:25;0;10,653;0;0;0;0;Filtered;Filtered;Weak Entry Signal;1
UNIUSDT;Long;35.643668357687105;08.08.2025 13:15;08.08.2025 13:15;0;10,508;0;0;0;0;Filtered;Filtered;Weak Entry Signal;1
UNIUSDT;Short;76.00618084928617;08.08.2025 18:10;08.08.2025 18:10;0;10,978;0;0;0;0;Filtered;Filtered;Secondary TF Filter: Recent bull cross at RSI_SMA=68.37;1
UNIUSDT;Short;60.648940949192585;08.08.2025 19:35;08.08.2025 19:35;0;10,965;0;0;0;0;Filtered;Filtered;Weak Entry Signal;1
UNIUSDT;Short;58.319001248254715;09.08.2025 4:15;09.08.2025 4:15;0;11,008;0;0;0;0;Filtered;Filtered;Weak Entry Signal;1
UNIUSDT;Short;57.575560183928594;09.08.2025 4:50;09.08.2025 4:50;0;11,059;0;0;0;0;Filtered;Filtered;Weak Entry Signal;1
UNIUSDT;Short;67.77122152481348;09.08.2025 5:40;09.08.2025 5:40;0;11,298;0;0;0;0;Filtered;Filtered;Secondary TF Filter: Recent bull cross at RSI_SMA=64.95;1
UNIUSDT;Long;27.976906117207676;09.08.2025 14:05;09.08.2025 14:05;09.08.2025 18:30;10,826;10,923;0,895991132;4,416666667;10,50122;Profit;Reverse Signal (Short);;0
UNIUSDT;Long;39.89243219137808;09.08.2025 15:25;09.08.2025 15:25;0;10,85;0;0;0;0;Filtered;Filtered;Weak Entry Signal;1
UNIUSDT;Short;55.205014864550776;09.08.2025 19:35;09.08.2025 19:35;0;10,962;0;0;0;0;Filtered;Filtered;Weak Entry Signal;1
UNIUSDT;Short;56.39350977322504;09.08.2025 20:50;09.08.2025 20:50;0;11,033;0;0;0;0;Filtered;Filtered;Weak Entry Signal;1
UNIUSDT;Long;48.586679281585624;09.08.2025 23:40;09.08.2025 23:40;0;10,964;0;0;0;0;Filtered;Filtered;Weak Entry Signal;1
UNIUSDT;Long;40.956079576580024;10.08.2025 6:30;10.08.2025 6:30;0;10,875;0;0;0;0;Filtered;Filtered;Weak Entry Signal;1
UNIUSDT;Long;39.18612427330499;10.08.2025 6:50;10.08.2025 6:50;0;10,859;0;0;0;0;Filtered;Filtered;Weak Entry Signal;1
UNIUSDT;Long;35.44713542207249;10.08.2025 8:15;10.08.2025 8:15;10.08.2025 15:25;10,632;11,05;3,931527464;7,166666667;10,31304;Profit;Reverse Signal (Short);;0
UNIUSDT;Short;65.8307885962407;10.08.2025 15:25;10.08.2025 15:25;0;11,05;0;0;0;0;Filtered;Filtered;Secondary TF Filter: Recent bull cross at RSI_SMA=40.98;1
UNIUSDT;Long;38.512298211691096;10.08.2025 21:20;10.08.2025 21:20;0;10,877;0;0;0;0;Filtered;Filtered;Weak Entry Signal;1
UNIUSDT;Long;36.543969857847515;10.08.2025 21:40;10.08.2025 21:40;0;10,85;0;0;0;0;Filtered;Filtered;Weak Entry Signal;1
UNIUSDT;Short;58.290375066469856;11.08.2025 0:35;11.08.2025 0:35;0;11,013;0;0;0;0;Filtered;Filtered;Weak Entry Signal;1
UNIUSDT;Short;61.367834670081486;11.08.2025 1:45;11.08.2025 1:45;0;11,144;0;0;0;0;Filtered;Filtered;Weak Entry Signal;1
UNIUSDT;Short;58.80807913692958;11.08.2025 2:05;11.08.2025 2:05;0;11,147;0;0;0;0;Filtered;Filtered;Weak Entry Signal;1
UNIUSDT;Short;65.05421844538115;11.08.2025 2:40;11.08.2025 2:40;0;11,258;0;0;0;0;Filtered;Filtered;Weak Entry Signal;1
UNIUSDT;Long;37.5661483556117;11.08.2025 7:40;11.08.2025 7:40;0;11,062;0;0;0;0;Filtered;Filtered;Weak Entry Signal;1
UNIUSDT;Long;36.757166724337516;11.08.2025 7:55;11.08.2025 7:55;0;11,038;0;0;0;0;Filtered;Filtered;Weak Entry Signal;1
UNIUSDT;Long;29.775101074844883;11.08.2025 11:35;11.08.2025 11:35;11.08.2025 14:40;10,824;10,8;-0,22172949;3,083333333;10,49928;Loss;Reverse Signal (Short);;0
UNIUSDT;Long;22.182795876294136;11.08.2025 12:05;11.08.2025 12:05;11.08.2025 14:40;10,654;10,8;1,370377323;2,583333333;10,33438;Profit;Reverse Signal (Short);;0
UNIUSDT;Short;63.36114920468362;11.08.2025 16:20;11.08.2025 16:20;0;11,405;0;0;0;0;Filtered;Filtered;Weak Entry Signal;1
UNIUSDT;Short;60.22213022307009;11.08.2025 17:30;11.08.2025 17:30;0;11,514;0;0;0;0;Filtered;Filtered;Weak Entry Signal;1
UNIUSDT;Long;35.252617204864464;11.08.2025 20:40;11.08.2025 20:40;0;11,15;0;0;0;0;Filtered;Filtered;Weak Entry Signal;1
UNIUSDT;Long;38.8653863700936;11.08.2025 21:55;11.08.2025 21:55;0;11,074;0;0;0;0;Filtered;Filtered;Weak Entry Signal;1
UNIUSDT;Long;34.94197483472291;11.08.2025 22:30;11.08.2025 22:30;0;10,944;0;0;0;0;Filtered;Filtered;Weak Entry Signal;1
UNIUSDT;Short;62.27145485415873;12.08.2025 2:45;12.08.2025 2:45;0;11,409;0;0;0;0;Filtered;Filtered;Weak Entry Signal;1
UNIUSDT;Long;31.84540894358865;12.08.2025 10:20;12.08.2025 10:20;0;10,913;0;0;0;0;Filtered;Filtered;Weak Entry Signal;1
UNIUSDT;Long;34.21636660878741;12.08.2025 10:45;12.08.2025 10:45;0;10,895;0;0;0;0;Filtered;Filtered;Secondary TF Filter: Downtrend: avg_sma_change=-0.70, no_rsi_extreme=True;1
UNIUSDT;Short;57.739819261063765;12.08.2025 13:00;12.08.2025 13:00;0;11,176;0;0;0;0;Filtered;Filtered;Weak Entry Signal;1
UNIUSDT;Short;55.78882357640893;12.08.2025 16:10;12.08.2025 16:10;0;11,304;0;0;0;0;Filtered;Filtered;Weak Entry Signal;1
UNIUSDT;Short;58.13919429548179;12.08.2025 20:45;12.08.2025 20:45;0;11,51;0;0;0;0;Filtered;Filtered;Weak Entry Signal;1
UNIUSDT;Short;61.44569697910615;12.08.2025 21:10;12.08.2025 21:10;0;11,582;0;0;0;0;Filtered;Filtered;Weak Entry Signal;1
UNIUSDT;Long;37.69140747799421;13.08.2025 2:15;13.08.2025 2:15;0;11,288;0;0;0;0;Filtered;Filtered;Weak Entry Signal;1
UNIUSDT;Short;55.757162882356035;13.08.2025 5:00;13.08.2025 5:00;0;11,523;0;0;0;0;Filtered;Filtered;Weak Entry Signal;1
UNIUSDT;Short;48.32945198458563;13.08.2025 5:20;13.08.2025 5:20;0;11,498;0;0;0;0;Filtered;Filtered;Weak Entry Signal;1
UNIUSDT;Short;68.16128098185732;13.08.2025 8:10;13.08.2025 8:10;0;11,94;0;0;0;0;Filtered;Filtered;Weak Entry Signal;1
UNIUSDT;Short;57.10443087354238;13.08.2025 10:00;13.08.2025 10:00;0;12,036;0;0;0;0;Filtered;Filtered;Weak Entry Signal;1
UNIUSDT;Short;58.61042503661022;13.08.2025 10:50;13.08.2025 10:50;0;12,102;0;0;0;0;Filtered;Filtered;Weak Entry Signal;1
UNIUSDT;Long;40.843186467033924;13.08.2025 15:10;13.08.2025 15:10;0;11,92;0;0;0;0;Filtered;Filtered;Weak Entry Signal;1
UNIUSDT;Long;27.16675256728729;14.08.2025 6:25;14.08.2025 6:25;0;11,612;0;0;0;0;Filtered;Filtered;Secondary TF Filter: Downtrend: avg_sma_change=-1.50, no_rsi_extreme=True;1
UNIUSDT;Long;38.07116259478457;14.08.2025 7:50;14.08.2025 7:50;0;11,616;0;0;0;0;Filtered;Filtered;Weak Entry Signal;1
UNIUSDT;Long;42.18598281919351;14.08.2025 11:15;14.08.2025 11:15;0;11,437;0;0;0;0;Filtered;Filtered;Weak Entry Signal;1
UNIUSDT;Long;37.74701087050664;14.08.2025 12:40;14.08.2025 12:40;0;11,098;0;0;0;0;Filtered;Filtered;Weak Entry Signal;1
UNIUSDT;Long;38.097627191382486;14.08.2025 13:05;14.08.2025 13:05;0;10,951;0;0;0;0;Filtered;Filtered;Weak Entry Signal;1
UNIUSDT;Short;59.306327349930086;15.08.2025 2:10;15.08.2025 2:10;0;11,019;0;0;0;0;Filtered;Filtered;Weak Entry Signal;1
UNIUSDT;Short;57.24279740584786;15.08.2025 2:40;15.08.2025 2:40;0;11,028;0;0;0;0;Filtered;Filtered;Weak Entry Signal;1
UNIUSDT;Short;56.8901629295156;15.08.2025 3:50;15.08.2025 3:50;0;11,08;0;0;0;0;Filtered;Filtered;Weak Entry Signal;1
UNIUSDT;Long;41.51488745212814;15.08.2025 5:45;15.08.2025 5:45;0;10,966;0;0;0;0;Filtered;Filtered;Weak Entry Signal;1
UNIUSDT;Long;41.51629835331514;15.08.2025 14:00;15.08.2025 14:00;0;10,89;0;0;0;0;Filtered;Filtered;Weak Entry Signal;1
UNIUSDT;Long;40.474476285445945;15.08.2025 14:35;15.08.2025 14:35;0;10,842;0;0;0;0;Filtered;Filtered;Weak Entry Signal;1
UNIUSDT;Long;33.118961451295945;15.08.2025 15:30;15.08.2025 15:30;0;10,606;0;0;0;0;Filtered;Filtered;Weak Entry Signal;1
UNIUSDT;Long;39.00803367852294;15.08.2025 15:50;15.08.2025 15:50;15.08.2025 17:55;10,597;10,635;0,358592054;2,083333333;10,27909;Profit;Reverse Signal (Short);;0
UNIUSDT;Long;33.29029018216204;15.08.2025 16:10;15.08.2025 16:10;0;10,483;0;0;0;0;Filtered;Filtered;Weak Entry Signal;1
UNIUSDT;Short;59.17755346571033;15.08.2025 23:05;15.08.2025 23:05;0;10,726;0;0;0;0;Filtered;Filtered;Weak Entry Signal;1
UNIUSDT;Short;60.92430987180355;16.08.2025 1:05;16.08.2025 1:05;0;10,822;0;0;0;0;Filtered;Filtered;Weak Entry Signal;1
UNIUSDT;Short;70.09762431872898;16.08.2025 5:25;16.08.2025 5:25;0;11,06;0;0;0;0;Filtered;Filtered;Secondary TF Filter: Recent bull cross at RSI_SMA=36.81;1
UNIUSDT;Short;56.82790877021486;16.08.2025 20:30;16.08.2025 20:30;0;10,986;0;0;0;0;Filtered;Filtered;Weak Entry Signal;1
UNIUSDT;Short;54.59045216257466;16.08.2025 20:50;16.08.2025 20:50;0;10,989;0;0;0;0;Filtered;Filtered;Weak Entry Signal;1
UNIUSDT;Short;65.13467011224755;17.08.2025 4:35;17.08.2025 4:35;0;11,123;0;0;0;0;Filtered;Filtered;Weak Entry Signal;1
UNIUSDT;Short;64.28410984142423;17.08.2025 5:20;17.08.2025 5:20;0;11,161;0;0;0;0;Filtered;Filtered;Weak Entry Signal;1
UNIUSDT;Long;30.61281668687967;17.08.2025 13:25;17.08.2025 13:25;17.08.2025 15:10;11,07;11,186;1,047877145;1,75;10,7379;Profit;Reverse Signal (Short);;0
UNIUSDT;Short;58.09837159499154;17.08.2025 16:15;17.08.2025 16:15;0;11,284;0;0;0;0;Filtered;Filtered;Weak Entry Signal;1
UNIUSDT;Long;38.08067676159591;17.08.2025 19:05;17.08.2025 19:05;0;11,097;0;0;0;0;Filtered;Filtered;Weak Entry Signal;1
UNIUSDT;Long;40.41523907291987;17.08.2025 19:20;17.08.2025 19:20;0;11,097;0;0;0;0;Filtered;Filtered;Weak Entry Signal;1
UNIUSDT;Long;36.01788089485685;17.08.2025 19:45;17.08.2025 19:45;0;11,051;0;0;0;0;Filtered;Filtered;Weak Entry Signal;1
UNIUSDT;Long;40.216488789679545;17.08.2025 20:10;17.08.2025 20:10;0;11,034;0;0;0;0;Filtered;Filtered;Weak Entry Signal;1
UNIUSDT;Short;61.3963778628845;17.08.2025 22:50;17.08.2025 22:50;0;11,152;0;0;0;0;Filtered;Filtered;Weak Entry Signal;1
UNIUSDT;Long;39.70695604600694;18.08.2025 0:40;18.08.2025 0:40;0;10,992;0;0;0;0;Filtered;Filtered;Weak Entry Signal;1
UNIUSDT;Long;38.20264446629165;18.08.2025 2:35;18.08.2025 2:35;0;10,776;0;0;0;0;Filtered;Filtered;Weak Entry Signal;1
UNIUSDT;Long;30.530674402807563;18.08.2025 2:55;18.08.2025 2:55;0;10,64;0;0;0;0;Filtered;Filtered;Secondary TF Filter: Downtrend: avg_sma_change=-1.65, no_rsi_extreme=True;1
UNIUSDT;Long;33.27741517199206;18.08.2025 3:40;18.08.2025 3:40;0;10,596;0;0;0;0;Filtered;Filtered;Weak Entry Signal;1
UNIUSDT;Long;28.454772709708806;18.08.2025 7:05;18.08.2025 7:05;0;10,338;0;0;0;0;Filtered;Filtered;Secondary TF Filter: Downtrend: avg_sma_change=-2.49, no_rsi_extreme=True;1
UNIUSDT;Long;25.47759256727572;18.08.2025 7:20;18.08.2025 7:20;0;10,293;0;0;0;0;Filtered;Filtered;Secondary TF Filter: Downtrend: avg_sma_change=-2.49, no_rsi_extreme=True;1
UNIUSDT;Short;62.346376865918785;18.08.2025 13:05;18.08.2025 13:05;0;10,489;0;0;0;0;Filtered;Filtered;Weak Entry Signal;1
UNIUSDT;Short;59.29633481294189;18.08.2025 13:25;18.08.2025 13:25;0;10,495;0;0;0;0;Filtered;Filtered;Weak Entry Signal;1
UNIUSDT;Long;35.588079252127685;19.08.2025 0:00;19.08.2025 0:00;0;10,497;0;0;0;0;Filtered;Filtered;Weak Entry Signal;1
UNIUSDT;Long;36.95277441911575;19.08.2025 0:35;19.08.2025 0:35;0;10,463;0;0;0;0;Filtered;Filtered;Weak Entry Signal;1
UNIUSDT;Long;39.381921936954996;19.08.2025 2:25;19.08.2025 2:25;0;10,432;0;0;0;0;Filtered;Filtered;Weak Entry Signal;1
UNIUSDT;Long;45.439363880238965;19.08.2025 3:15;19.08.2025 3:15;0;10,42;0;0;0;0;Filtered;Filtered;Weak Entry Signal;1
UNIUSDT;Short;65.41582799163054;19.08.2025 9:45;19.08.2025 9:45;0;10,428;0;0;0;0;Filtered;Filtered;Weak Entry Signal;1
UNIUSDT;Short;63.475808080912124;19.08.2025 10:30;19.08.2025 10:30;0;10,456;0;0;0;0;Filtered;Filtered;Weak Entry Signal;1
UNIUSDT;Short;62.320361308430094;19.08.2025 11:25;19.08.2025 11:25;0;10,481;0;0;0;0;Filtered;Filtered;Weak Entry Signal;1
UNIUSDT;Long;37.318075295144425;19.08.2025 15:10;19.08.2025 15:10;0;10,227;0;0;0;0;Filtered;Filtered;Weak Entry Signal;1
UNIUSDT;Long;38.65042222157555;19.08.2025 16:50;19.08.2025 16:50;0;10,136;0;0;0;0;Filtered;Filtered;Weak Entry Signal;1
UNIUSDT;Long;37.80072594230765;19.08.2025 17:10;19.08.2025 17:10;0;10,077;0;0;0;0;Filtered;Filtered;Weak Entry Signal;1
UNIUSDT;Short;59.233225881035516;20.08.2025 3:05;20.08.2025 3:05;0;10,109;0;0;0;0;Filtered;Filtered;Weak Entry Signal;1
UNIUSDT;Short;60.760517669338505;20.08.2025 3:35;20.08.2025 3:35;0;10,151;0;0;0;0;Filtered;Filtered;Weak Entry Signal;1
UNIUSDT;Short;68.86079565358625;20.08.2025 9:05;20.08.2025 9:05;0;10,334;0;0;0;0;Filtered;Filtered;Secondary TF Filter: Uptrend: avg_sma_change=1.29, no_rsi_extreme=True;1
UNIUSDT;Short;64.34746088675672;20.08.2025 15:40;20.08.2025 15:40;0;10,405;0;0;0;0;Filtered;Filtered;Weak Entry Signal;1
UNIUSDT;Short;64.40167147772262;20.08.2025 16:20;20.08.2025 16:20;0;10,462;0;0;0;0;Filtered;Filtered;Weak Entry Signal;1
UNIUSDT;Short;53.76600233700559;20.08.2025 16:55;20.08.2025 16:55;0;10,414;0;0;0;0;Filtered;Filtered;Weak Entry Signal;1
UNIUSDT;Short;57.20105331415172;20.08.2025 17:10;20.08.2025 17:10;0;10,463;0;0;0;0;Filtered;Filtered;Weak Entry Signal;1
UNIUSDT;Long;36.27817141640264;21.08.2025 9:25;21.08.2025 9:25;0;10,416;0;0;0;0;Filtered;Filtered;Weak Entry Signal;1
UNIUSDT;Short;59.84942717588844;22.08.2025 2:45;22.08.2025 2:45;0;10,382;0;0;0;0;Filtered;Filtered;Weak Entry Signal;1
UNIUSDT;Short;62.850738414853105;22.08.2025 8:15;22.08.2025 8:15;0;10,484;0;0;0;0;Filtered;Filtered;Weak Entry Signal;1
UNIUSDT;Short;59.86141721518152;22.08.2025 8:30;22.08.2025 8:30;0;10,482;0;0;0;0;Filtered;Filtered;Weak Entry Signal;1
UNIUSDT;Long;37.974633756507814;22.08.2025 11:45;22.08.2025 11:45;0;10,287;0;0;0;0;Filtered;Filtered;Weak Entry Signal;1
UNIUSDT;Long;35.9391307277013;22.08.2025 12:40;22.08.2025 12:40;22.08.2025 15:10;10,116;10,891;7,661130882;2,5;9,81252;Profit;Reverse Signal (Short);;0
UNIUSDT;Short;71.05185117546804;22.08.2025 15:05;22.08.2025 15:05;0;10,92;0;0;0;0;Filtered;Filtered;Secondary TF Filter: Uptrend: avg_sma_change=1.88, no_rsi_extreme=True;1
UNIUSDT;Short;66.90186316919572;22.08.2025 15:50;22.08.2025 15:50;0;11,012;0;0;0;0;Filtered;Filtered;Secondary TF Filter: Uptrend: avg_sma_change=1.61, no_rsi_extreme=True;1
UNIUSDT;Short;72.75598156620589;22.08.2025 16:20;22.08.2025 16:20;0;11,256;0;0;0;0;Filtered;Filtered;Secondary TF Filter: Uptrend: avg_sma_change=1.61, no_rsi_extreme=True;1
UNIUSDT;Short;70.59033143661813;22.08.2025 16:45;22.08.2025 16:45;0;11,298;0;0;0;0;Filtered;Filtered;Secondary TF Filter: Uptrend: avg_sma_change=1.74, no_rsi_extreme=True;1
UNIUSDT;Long;38.820205624900076;23.08.2025 1:50;23.08.2025 1:50;0;11,257;0;0;0;0;Filtered;Filtered;Weak Entry Signal;1
UNIUSDT;Long;35.70777032004152;23.08.2025 2:45;23.08.2025 2:45;0;11,13;0;0;0;0;Filtered;Filtered;Weak Entry Signal;1
UNIUSDT;Long;39.06143199605542;23.08.2025 3:10;23.08.2025 3:10;0;11,122;0;0;0;0;Filtered;Filtered;Weak Entry Signal;1
UNIUSDT;Short;54.757901603290684;23.08.2025 5:45;23.08.2025 5:45;0;11,251;0;0;0;0;Filtered;Filtered;Weak Entry Signal;1
UNIUSDT;Short;54.81190439308934;23.08.2025 6:10;23.08.2025 6:10;0;11,272;0;0;0;0;Filtered;Filtered;Weak Entry Signal;1
UNIUSDT;Long;46.23855445247468;23.08.2025 8:30;23.08.2025 8:30;0;11,19;0;0;0;0;Filtered;Filtered;Weak Entry Signal;1
UNIUSDT;Short;64.50437789602032;23.08.2025 20:10;23.08.2025 20:10;0;11,376;0;0;0;0;Filtered;Filtered;Weak Entry Signal;1
UNIUSDT;Long;34.14032013585927;24.08.2025 3:30;24.08.2025 3:30;0;11,195;0;0;0;0;Filtered;Filtered;Weak Entry Signal;1
UNIUSDT;Long;40.71718838609128;24.08.2025 7:05;24.08.2025 7:05;0;11,116;0;0;0;0;Filtered;Filtered;Weak Entry Signal;1
UNIUSDT;Long;32.30783177668812;24.08.2025 11:00;24.08.2025 11:00;0;10,915;0;0;0;0;Filtered;Filtered;Weak Entry Signal;1
UNIUSDT;Long;31.421484487910647;24.08.2025 11:20;24.08.2025 11:20;0;10,875;0;0;0;0;Filtered;Filtered;Secondary TF Filter: Downtrend: avg_sma_change=-1.71, no_rsi_extreme=True;1
UNIUSDT;Short;56.54774436855841;24.08.2025 15:35;24.08.2025 15:35;0;11,092;0;0;0;0;Filtered;Filtered;Weak Entry Signal;1
UNIUSDT;Short;70.69129249028967;24.08.2025 18:55;24.08.2025 18:55;0;11,375;0;0;0;0;Filtered;Filtered;Secondary TF Filter: Recent bull cross at RSI_SMA=35.41;1
UNIUSDT;Short;71.94942239323389;24.08.2025 19:10;24.08.2025 19:10;0;11,412;0;0;0;0;Filtered;Filtered;Secondary TF Filter: Recent bull cross at RSI_SMA=35.41;1
UNIUSDT;Long;36.162170866088395;24.08.2025 20:35;24.08.2025 20:35;0;10,967;0;0;0;0;Filtered;Filtered;Weak Entry Signal;1
UNIUSDT;Long;39.51982697369782;24.08.2025 21:05;24.08.2025 21:05;0;10,941;0;0;0;0;Filtered;Filtered;Weak Entry Signal;1
UNIUSDT;Long;40.518938962430155;25.08.2025 1:10;25.08.2025 1:10;0;10,791;0;0;0;0;Filtered;Filtered;Weak Entry Signal;1
UNIUSDT;Long;33.9006657555948;25.08.2025 5:15;25.08.2025 5:15;0;10,72;0;0;0;0;Filtered;Filtered;Weak Entry Signal;1
UNIUSDT;Long;37.951174634459676;25.08.2025 5:40;25.08.2025 5:40;0;10,707;0;0;0;0;Filtered;Filtered;Weak Entry Signal;1
UNIUSDT;Long;35.00852450362939;25.08.2025 6:20;25.08.2025 6:20;0;10,641;0;0;0;0;Filtered;Filtered;Weak Entry Signal;1
UNIUSDT;Long;25.333070684257805;25.08.2025 7:00;25.08.2025 7:00;25.08.2025 10:25;10,478;10,16366;-3;3,416666667;10,16366;Loss;Stop Loss;;0
UNIUSDT;Long;28.509399197018993;25.08.2025 7:35;25.08.2025 7:35;25.08.2025 12:30;10,411;10,249;-1,556046489;4,916666667;10,09867;Loss;Reverse Signal (Short);;0
UNIUSDT;Long;24.777618705813225;25.08.2025 7:55;25.08.2025 7:55;25.08.2025 12:30;10,34;10,249;-0,880077369;4,583333333;10,0298;Loss;Reverse Signal (Short);;0
UNIUSDT;Long;31.125628817825415;25.08.2025 8:10;25.08.2025 8:10;25.08.2025 12:30;10,312;10,249;-0,610938712;4,333333333;10,00264;Loss;Reverse Signal (Short);;0
UNIUSDT;Long;37.27613580321677;25.08.2025 9:10;25.08.2025 9:10;0;10,271;0;0;0;0;Filtered;Filtered;Weak Entry Signal;1
UNIUSDT;Long;42.5456081253542;25.08.2025 17:50;25.08.2025 17:50;0;10,034;0;0;0;0;Filtered;Filtered;Weak Entry Signal;1
UNIUSDT;Long;42.577877808255934;25.08.2025 18:05;25.08.2025 18:05;0;10,014;0;0;0;0;Filtered;Filtered;Weak Entry Signal;1
UNIUSDT;Long;39.050924323522125;25.08.2025 18:30;25.08.2025 18:30;0;9,98;0;0;0;0;Filtered;Filtered;Weak Entry Signal;1
UNIUSDT;Long;40.38289052996717;25.08.2025 19:05;25.08.2025 19:05;0;9,965;0;0;0;0;Filtered;Filtered;Weak Entry Signal;1
UNIUSDT;Long;37.12853482990969;25.08.2025 19:25;25.08.2025 19:25;0;9,913;0;0;0;0;Filtered;Filtered;Weak Entry Signal;1
UNIUSDT;Long;35.56949717293206;25.08.2025 20:15;25.08.2025 20:15;0;9,776;0;0;0;0;Filtered;Filtered;Weak Entry Signal;1
UNIUSDT;Long;33.31118021397431;25.08.2025 20:40;25.08.2025 20:40;0;9,68;0;0;0;0;Filtered;Filtered;Secondary TF Filter: Downtrend: avg_sma_change=-1.88, no_rsi_extreme=True;1
UNIUSDT;Long;34.809340553217766;25.08.2025 21:30;25.08.2025 21:30;0;9,609;0;0;0;0;Filtered;Filtered;Weak Entry Signal;1
UNIUSDT;Short;60.92010917487149;26.08.2025 20:00;26.08.2025 20:00;0;9,896;0;0;0;0;Filtered;Filtered;Weak Entry Signal;1
UNIUSDT;Short;57.7259734756254;27.08.2025 5:00;27.08.2025 5:00;0;10,03;0;0;0;0;Filtered;Filtered;Weak Entry Signal;1
UNIUSDT;Long;39.21960034663014;27.08.2025 7:45;27.08.2025 7:45;0;9,898;0;0;0;0;Filtered;Filtered;Weak Entry Signal;1
UNIUSDT;Long;39.01857992874052;27.08.2025 8:30;27.08.2025 8:30;0;9,88;0;0;0;0;Filtered;Filtered;Weak Entry Signal;1
UNIUSDT;Long;37.62795743251245;27.08.2025 20:10;27.08.2025 20:10;0;9,91;0;0;0;0;Filtered;Filtered;Weak Entry Signal;1
UNIUSDT;Short;55.88213875300213;28.08.2025 4:05;28.08.2025 4:05;0;10,016;0;0;0;0;Filtered;Filtered;Weak Entry Signal;1
ATOMUSDT;Long;38.319476708822734;29.07.2025 14:55;29.07.2025 14:55;0;4,603;0;0;0;0;Filtered;Filtered;Weak Entry Signal;1
ATOMUSDT;Long;40.00872692001316;29.07.2025 15:10;29.07.2025 15:10;0;4,599;0;0;0;0;Filtered;Filtered;Weak Entry Signal;1
ATOMUSDT;Long;39.3032196484523;29.07.2025 15:35;29.07.2025 15:35;0;4,587;0;0;0;0;Filtered;Filtered;Weak Entry Signal;1
ATOMUSDT;Long;38.17596880178538;30.07.2025 1:25;30.07.2025 1:25;0;4,54;0;0;0;0;Filtered;Filtered;Weak Entry Signal;1
ATOMUSDT;Long;28.410338659384777;30.07.2025 12:10;30.07.2025 12:10;30.07.2025 15:50;4,41;4,446;0,816326531;3,666666667;4,2777;Profit;Reverse Signal (Short);;0
ATOMUSDT;Long;38.284511205014525;30.07.2025 19:25;30.07.2025 19:25;0;4,343;0;0;0;0;Filtered;Filtered;Weak Entry Signal;1
ATOMUSDT;Short;57.75827348173688;31.07.2025 0:00;31.07.2025 0:00;0;4,412;0;0;0;0;Filtered;Filtered;Weak Entry Signal;1
ATOMUSDT;Short;62.028970986983865;31.07.2025 0:20;31.07.2025 0:20;0;4,423;0;0;0;0;Filtered;Filtered;Weak Entry Signal;1
ATOMUSDT;Short;65.33652153852532;31.07.2025 1:10;31.07.2025 1:10;0;4,447;0;0;0;0;Filtered;Filtered;Weak Entry Signal;1
ATOMUSDT;Short;55.46060589489383;31.07.2025 1:30;31.07.2025 1:30;0;4,441;0;0;0;0;Filtered;Filtered;Weak Entry Signal;1
ATOMUSDT;Short;64.5830034210334;31.07.2025 3:55;31.07.2025 3:55;0;4,472;0;0;0;0;Filtered;Filtered;Weak Entry Signal;1
ATOMUSDT;Short;61.58415731979092;31.07.2025 4:40;31.07.2025 4:40;0;4,48;0;0;0;0;Filtered;Filtered;Weak Entry Signal;1
ATOMUSDT;Short;59.728654880564385;31.07.2025 5:00;31.07.2025 5:00;0;4,481;0;0;0;0;Filtered;Filtered;Weak Entry Signal;1
ATOMUSDT;Short;58.04405801875289;31.07.2025 5:25;31.07.2025 5:25;0;4,486;0;0;0;0;Filtered;Filtered;Weak Entry Signal;1
ATOMUSDT;Long;36.69727693727635;31.07.2025 12:25;31.07.2025 12:25;0;4,452;0;0;0;0;Filtered;Filtered;Weak Entry Signal;1
ATOMUSDT;Long;35.71819636724422;31.07.2025 12:55;31.07.2025 12:55;0;4,43;0;0;0;0;Filtered;Filtered;Weak Entry Signal;1
ATOMUSDT;Long;31.571509594455577;31.07.2025 13:15;31.07.2025 13:15;31.07.2025 14:20;4,401;4,26897;-3;1,083333333;4,26897;Loss;Stop Loss;;0
ATOMUSDT;Long;34.41091434376678;31.07.2025 13:35;31.07.2025 13:35;31.07.2025 16:45;4,384;4,385;0,022810219;3,166666667;4,25248;Profit;Reverse Signal (Short);;0
ATOMUSDT;Long;33.762698643702265;31.07.2025 14:45;31.07.2025 14:45;31.07.2025 16:45;4,312;4,385;1,692949907;2;4,18264;Profit;Reverse Signal (Short);;0
ATOMUSDT;Long;46.51770955185277;31.07.2025 20:15;31.07.2025 20:15;0;4,311;0;0;0;0;Filtered;Filtered;Weak Entry Signal;1
ATOMUSDT;Long;40.4815023836001;31.07.2025 22:50;31.07.2025 22:50;0;4,231;0;0;0;0;Filtered;Filtered;Weak Entry Signal;1
ATOMUSDT;Long;41.42178691813916;31.07.2025 23:45;31.07.2025 23:45;0;4,214;0;0;0;0;Filtered;Filtered;Weak Entry Signal;1
ATOMUSDT;Long;41.25540845067432;01.08.2025 0:35;01.08.2025 0:35;0;4,184;0;0;0;0;Filtered;Filtered;Weak Entry Signal;1
ATOMUSDT;Short;60.81624116163787;01.08.2025 12:35;01.08.2025 12:35;0;4,22;0;0;0;0;Filtered;Filtered;Weak Entry Signal;1
ATOMUSDT;Short;60.26251907341476;01.08.2025 13:10;01.08.2025 13:10;0;4,23;0;0;0;0;Filtered;Filtered;Weak Entry Signal;1
ATOMUSDT;Long;38.79363291687191;01.08.2025 17:55;01.08.2025 17:55;0;4,165;0;0;0;0;Filtered;Filtered;Weak Entry Signal;1
ATOMUSDT;Long;38.68939815759023;01.08.2025 22:55;01.08.2025 22:55;0;4,109;0;0;0;0;Filtered;Filtered;Weak Entry Signal;1
ATOMUSDT;Long;33.38665343832342;02.08.2025 7:00;02.08.2025 7:00;02.08.2025 12:00;4,113;4,122;0,218818381;5;3,98961;Profit;Reverse Signal (Short);;0
ATOMUSDT;Long;41.66502593137934;02.08.2025 10:45;02.08.2025 10:45;0;4,099;0;0;0;0;Filtered;Filtered;Weak Entry Signal;1
ATOMUSDT;Long;38.5448191123427;02.08.2025 18:35;02.08.2025 18:35;0;4,035;0;0;0;0;Filtered;Filtered;Weak Entry Signal;1
ATOMUSDT;Long;35.49143569461849;02.08.2025 18:50;02.08.2025 18:50;0;4,022;0;0;0;0;Filtered;Filtered;Weak Entry Signal;1
ATOMUSDT;Short;60.0604601551986;03.08.2025 2:20;03.08.2025 2:20;0;4,137;0;0;0;0;Filtered;Filtered;Weak Entry Signal;1
ATOMUSDT;Short;59.706358765961895;03.08.2025 3:00;03.08.2025 3:00;0;4,142;0;0;0;0;Filtered;Filtered;Weak Entry Signal;1
ATOMUSDT;Short;58.901377087017345;03.08.2025 7:20;03.08.2025 7:20;0;4,173;0;0;0;0;Filtered;Filtered;Weak Entry Signal;1
ATOMUSDT;Short;60.368235937495896;03.08.2025 7:45;03.08.2025 7:45;0;4,183;0;0;0;0;Filtered;Filtered;Weak Entry Signal;1
ATOMUSDT;Short;57.91139339791967;03.08.2025 9:00;03.08.2025 9:00;0;4,191;0;0;0;0;Filtered;Filtered;Weak Entry Signal;1
ATOMUSDT;Short;60.95405578888256;03.08.2025 9:50;03.08.2025 9:50;0;4,202;0;0;0;0;Filtered;Filtered;Weak Entry Signal;1
ATOMUSDT;Short;68.5197262368163;03.08.2025 11:00;03.08.2025 11:00;0;4,225;0;0;0;0;Filtered;Filtered;Weak Entry Signal;1
ATOMUSDT;Short;72.4849634800033;03.08.2025 11:25;03.08.2025 11:25;0;4,246;0;0;0;0;Filtered;Filtered;Secondary TF Filter: Uptrend: avg_sma_change=3.20, no_rsi_extreme=True;1
ATOMUSDT;Short;70.65261203500316;03.08.2025 11:40;03.08.2025 11:40;0;4,246;0;0;0;0;Filtered;Filtered;Secondary TF Filter: Uptrend: avg_sma_change=3.21, no_rsi_extreme=True;1
ATOMUSDT;Short;64.08737527083787;03.08.2025 11:55;03.08.2025 11:55;0;4,248;0;0;0;0;Filtered;Filtered;Secondary TF Filter: Uptrend: avg_sma_change=3.21, no_rsi_extreme=True;1
ATOMUSDT;Short;59.4813075535279;03.08.2025 21:15;03.08.2025 21:15;0;4,259;0;0;0;0;Filtered;Filtered;Weak Entry Signal;1
ATOMUSDT;Short;58.27495415343147;03.08.2025 21:35;03.08.2025 21:35;0;4,262;0;0;0;0;Filtered;Filtered;Weak Entry Signal;1
ATOMUSDT;Short;63.446335155569315;04.08.2025 1:05;04.08.2025 1:05;0;4,312;0;0;0;0;Filtered;Filtered;Weak Entry Signal;1
ATOMUSDT;Short;60.259769875767695;04.08.2025 17:35;04.08.2025 17:35;0;4,293;0;0;0;0;Filtered;Filtered;Weak Entry Signal;1
ATOMUSDT;Long;45.38201666811908;04.08.2025 19:35;04.08.2025 19:35;0;4,254;0;0;0;0;Filtered;Filtered;Weak Entry Signal;1
ATOMUSDT;Short;63.49522151248836;04.08.2025 21:45;04.08.2025 21:45;0;4,316;0;0;0;0;Filtered;Filtered;Weak Entry Signal;1
ATOMUSDT;Short;62.58032592240426;04.08.2025 22:25;04.08.2025 22:25;0;4,329;0;0;0;0;Filtered;Filtered;Weak Entry Signal;1
ATOMUSDT;Long;41.196101064441145;05.08.2025 2:00;05.08.2025 2:00;0;4,288;0;0;0;0;Filtered;Filtered;Weak Entry Signal;1
ATOMUSDT;Long;38.545460905329314;05.08.2025 2:15;05.08.2025 2:15;0;4,281;0;0;0;0;Filtered;Filtered;Weak Entry Signal;1
ATOMUSDT;Long;38.568232013759534;05.08.2025 2:35;05.08.2025 2:35;0;4,276;0;0;0;0;Filtered;Filtered;Weak Entry Signal;1
ATOMUSDT;Long;34.96561144477259;05.08.2025 3:45;05.08.2025 3:45;0;4,254;0;0;0;0;Filtered;Filtered;Weak Entry Signal;1
ATOMUSDT;Long;38.268567289368114;05.08.2025 4:35;05.08.2025 4:35;0;4,247;0;0;0;0;Filtered;Filtered;Weak Entry Signal;1
ATOMUSDT;Long;37.13022200962209;05.08.2025 8:10;05.08.2025 8:10;0;4,197;0;0;0;0;Filtered;Filtered;Weak Entry Signal;1
ATOMUSDT;Short;69.51182672970936;05.08.2025 11:25;05.08.2025 11:25;05.08.2025 16:00;4,287;4,187;2,332633543;4,583333333;4,41561;Profit;Reverse Signal (Long);;0
ATOMUSDT;Long;42.175817885069584;05.08.2025 16:05;05.08.2025 16:05;0;4,197;0;0;0;0;Filtered;Filtered;Weak Entry Signal;1
ATOMUSDT;Long;42.148865109050234;05.08.2025 16:50;05.08.2025 16:50;0;4,191;0;0;0;0;Filtered;Filtered;Weak Entry Signal;1
ATOMUSDT;Short;61.43085068571094;06.08.2025 0:05;06.08.2025 0:05;0;4,22;0;0;0;0;Filtered;Filtered;Weak Entry Signal;1
ATOMUSDT;Long;39.9801591555733;06.08.2025 1:35;06.08.2025 1:35;0;4,18;0;0;0;0;Filtered;Filtered;Weak Entry Signal;1
ATOMUSDT;Long;34.59427011158854;06.08.2025 4:20;06.08.2025 4:20;0;4,142;0;0;0;0;Filtered;Filtered;Weak Entry Signal;1
ATOMUSDT;Short;60.685770369444704;06.08.2025 5:50;06.08.2025 5:50;0;4,209;0;0;0;0;Filtered;Filtered;Weak Entry Signal;1
ATOMUSDT;Short;63.71316808260882;06.08.2025 7:35;06.08.2025 7:35;0;4,236;0;0;0;0;Filtered;Filtered;Weak Entry Signal;1
ATOMUSDT;Short;63.235941224807426;06.08.2025 15:40;06.08.2025 15:40;0;4,259;0;0;0;0;Filtered;Filtered;Weak Entry Signal;1
ATOMUSDT;Short;64.38388429652483;06.08.2025 16:10;06.08.2025 16:10;0;4,284;0;0;0;0;Filtered;Filtered;Weak Entry Signal;1
ATOMUSDT;Short;58.71081120881618;06.08.2025 22:40;06.08.2025 22:40;0;4,326;0;0;0;0;Filtered;Filtered;Weak Entry Signal;1
ATOMUSDT;Short;71.24471051749748;07.08.2025 11:30;07.08.2025 11:30;0;4,408;0;0;0;0;Filtered;Filtered;Secondary TF Filter: Recent bull cross at RSI_SMA=64.65;1
ATOMUSDT;Long;36.054726749318796;07.08.2025 17:35;07.08.2025 17:35;0;4,354;0;0;0;0;Filtered;Filtered;Weak Entry Signal;1
ATOMUSDT;Long;38.639503301832455;07.08.2025 18:15;07.08.2025 18:15;0;4,351;0;0;0;0;Filtered;Filtered;Weak Entry Signal;1
ATOMUSDT;Short;74.82491696929068;07.08.2025 20:50;07.08.2025 20:50;0;4,414;0;0;0;0;Filtered;Filtered;Secondary TF Filter: Recent bull cross at RSI_SMA=65.87;1
ATOMUSDT;Short;60.670488323695814;07.08.2025 21:35;07.08.2025 21:35;0;4,419;0;0;0;0;Filtered;Filtered;Secondary TF Filter: Recent bull cross at RSI_SMA=65.87;1
ATOMUSDT;Short;60.086671803970866;08.08.2025 0:05;08.08.2025 0:05;0;4,457;0;0;0;0;Filtered;Filtered;Weak Entry Signal;1
ATOMUSDT;Short;62.62069683014904;08.08.2025 8:20;08.08.2025 8:20;0;4,535;0;0;0;0;Filtered;Filtered;Weak Entry Signal;1
ATOMUSDT;Short;66.49826282799859;08.08.2025 14:10;08.08.2025 14:10;08.08.2025 15:45;4,62;4,549;1,536796537;1,583333333;4,7586;Profit;Reverse Signal (Long);;0
ATOMUSDT;Long;43.064220724176465;08.08.2025 16:40;08.08.2025 16:40;0;4,543;0;0;0;0;Filtered;Filtered;Weak Entry Signal;1
ATOMUSDT;Short;68.5696580520395;08.08.2025 18:10;08.08.2025 18:10;0;4,619;0;0;0;0;Filtered;Filtered;Weak Entry Signal;1
ATOMUSDT;Short;65.5235820015245;09.08.2025 6:00;09.08.2025 6:00;0;4,7116;0;0;0;0;Filtered;Filtered;Secondary TF Filter: Recent bull cross at RSI_SMA=62.17;1
ATOMUSDT;Short;55.286883889201846;10.08.2025 1:10;10.08.2025 1:10;0;4,759;0;0;0;0;Filtered;Filtered;Weak Entry Signal;1
ATOMUSDT;Short;60.992055688817246;10.08.2025 4:50;10.08.2025 4:50;0;4,791;0;0;0;0;Filtered;Filtered;Weak Entry Signal;1
ATOMUSDT;Long;36.05895937936694;10.08.2025 6:35;10.08.2025 6:35;0;4,699;0;0;0;0;Filtered;Filtered;Weak Entry Signal;1
ATOMUSDT;Long;36.07746597172072;10.08.2025 8:15;10.08.2025 8:15;10.08.2025 15:30;4,617;4,673;1,212908815;7,25;4,47849;Profit;Reverse Signal (Short);;0
ATOMUSDT;Short;64.32086383396812;10.08.2025 15:30;10.08.2025 15:30;0;4,673;0;0;0;0;Filtered;Filtered;Weak Entry Signal;1
ATOMUSDT;Short;59.38595220627728;10.08.2025 16:40;10.08.2025 16:40;0;4,679;0;0;0;0;Filtered;Filtered;Weak Entry Signal;1
ATOMUSDT;Long;41.07444381369424;10.08.2025 21:15;10.08.2025 21:15;0;4,649;0;0;0;0;Filtered;Filtered;Weak Entry Signal;1
ATOMUSDT;Long;42.00239403548483;10.08.2025 21:45;10.08.2025 21:45;0;4,639;0;0;0;0;Filtered;Filtered;Weak Entry Signal;1
ATOMUSDT;Short;69.18447880125053;11.08.2025 3:00;11.08.2025 3:00;0;4,745;0;0;0;0;Filtered;Filtered;Secondary TF Filter: Uptrend: avg_sma_change=1.85, no_rsi_extreme=True;1
ATOMUSDT;Long;36.00175879387425;11.08.2025 8:15;11.08.2025 8:15;11.08.2025 11:45;4,647;4,50759;-3;3,5;4,50759;Loss;Stop Loss;;0
ATOMUSDT;Long;38.34271322738428;11.08.2025 10:25;11.08.2025 10:25;0;4,621;0;0;0;0;Filtered;Filtered;Weak Entry Signal;1
ATOMUSDT;Long;23.27970359816007;11.08.2025 12:05;11.08.2025 12:05;11.08.2025 14:40;4,504;4,582;1,731793961;2,583333333;4,36888;Profit;Reverse Signal (Short);;0
ATOMUSDT;Long;36.05798592282051;11.08.2025 13:15;11.08.2025 13:15;11.08.2025 14:40;4,485;4,582;2,162764771;1,416666667;4,35045;Profit;Reverse Signal (Short);;0
ATOMUSDT;Short;59.38032912763944;11.08.2025 14:40;11.08.2025 14:40;0;4,582;0;0;0;0;Filtered;Filtered;Weak Entry Signal;1
ATOMUSDT;Short;59.06268398043278;11.08.2025 16:20;11.08.2025 16:20;0;4,612;0;0;0;0;Filtered;Filtered;Weak Entry Signal;1
ATOMUSDT;Long;41.3393071891381;11.08.2025 20:40;11.08.2025 20:40;0;4,531;0;0;0;0;Filtered;Filtered;Weak Entry Signal;1
ATOMUSDT;Long;33.64131112874277;11.08.2025 22:25;11.08.2025 22:25;0;4,468;0;0;0;0;Filtered;Filtered;Weak Entry Signal;1
ATOMUSDT;Short;52.27602198274244;12.08.2025 2:55;12.08.2025 2:55;0;4,528;0;0;0;0;Filtered;Filtered;Weak Entry Signal;1
ATOMUSDT;Short;62.238296071233584;12.08.2025 12:50;12.08.2025 12:50;0;4,575;0;0;0;0;Filtered;Filtered;Weak Entry Signal;1
ATOMUSDT;Short;65.6045669569911;12.08.2025 16:15;12.08.2025 16:15;0;4,626;0;0;0;0;Filtered;Filtered;Weak Entry Signal;1
ATOMUSDT;Short;69.25046694534362;12.08.2025 16:35;12.08.2025 16:35;0;4,637;0;0;0;0;Filtered;Filtered;Weak Entry Signal;1
ATOMUSDT;Short;73.2149753276234;12.08.2025 17:25;12.08.2025 17:25;0;4,684;0;0;0;0;Filtered;Filtered;Secondary TF Filter: Uptrend: avg_sma_change=1.60, no_rsi_extreme=True;1
ATOMUSDT;Short;61.684042753353765;12.08.2025 17:40;12.08.2025 17:40;0;4,677;0;0;0;0;Filtered;Filtered;Secondary TF Filter: Uptrend: avg_sma_change=1.65, no_rsi_extreme=True;1
ATOMUSDT;Short;67.18096776229365;12.08.2025 18:40;12.08.2025 18:40;0;4,726;0;0;0;0;Filtered;Filtered;Weak Entry Signal;1
ATOMUSDT;Long;36.97269691896346;13.08.2025 2:15;13.08.2025 2:15;0;4,669;0;0;0;0;Filtered;Filtered;Weak Entry Signal;1
ATOMUSDT;Short;64.09220149817739;13.08.2025 4:10;13.08.2025 4:10;0;4,752;0;0;0;0;Filtered;Filtered;Weak Entry Signal;1
ATOMUSDT;Long;42.81932512576586;13.08.2025 6:30;13.08.2025 6:30;0;4,697;0;0;0;0;Filtered;Filtered;Weak Entry Signal;1
ATOMUSDT;Short;69.54690612954661;13.08.2025 9:30;13.08.2025 9:30;13.08.2025 11:55;4,804;4,819;-0,3122398;2,416666667;4,94812;Loss;Reverse Signal (Long);;0
ATOMUSDT;Short;70.78278460532948;13.08.2025 10:20;13.08.2025 10:20;13.08.2025 11:55;4,848;4,819;0,598184818;1,583333333;4,99344;Profit;Reverse Signal (Long);;0
ATOMUSDT;Long;45.40135399332778;13.08.2025 19:20;13.08.2025 19:20;0;4,803;0;0;0;0;Filtered;Filtered;Weak Entry Signal;1
ATOMUSDT;Short;58.791849307536836;13.08.2025 23:10;13.08.2025 23:10;0;4,864;0;0;0;0;Filtered;Filtered;Weak Entry Signal;1
ATOMUSDT;Short;59.34477810926753;14.08.2025 3:05;14.08.2025 3:05;0;4,897;0;0;0;0;Filtered;Filtered;Weak Entry Signal;1
ATOMUSDT;Short;60.85905923644728;14.08.2025 3:25;14.08.2025 3:25;0;4,905;0;0;0;0;Filtered;Filtered;Weak Entry Signal;1
ATOMUSDT;Long;32.97174431945945;14.08.2025 6:25;14.08.2025 6:25;0;4,798;0;0;0;0;Filtered;Filtered;Weak Entry Signal;1
ATOMUSDT;Long;36.432606798760105;14.08.2025 8:30;14.08.2025 8:30;0;4,766;0;0;0;0;Filtered;Filtered;Weak Entry Signal;1
ATOMUSDT;Long;35.6971047055322;14.08.2025 8:45;14.08.2025 8:45;0;4,752;0;0;0;0;Filtered;Filtered;Weak Entry Signal;1
ATOMUSDT;Long;37.993380062876355;14.08.2025 16:50;14.08.2025 16:50;0;4,537;0;0;0;0;Filtered;Filtered;Weak Entry Signal;1
ATOMUSDT;Long;41.57736633673895;14.08.2025 21:45;14.08.2025 21:45;0;4,482;0;0;0;0;Filtered;Filtered;Weak Entry Signal;1
ATOMUSDT;Long;39.50763892851581;14.08.2025 22:05;14.08.2025 22:05;0;4,469;0;0;0;0;Filtered;Filtered;Weak Entry Signal;1
ATOMUSDT;Short;61.71343852648982;15.08.2025 4:00;15.08.2025 4:00;0;4,569;0;0;0;0;Filtered;Filtered;Weak Entry Signal;1
ATOMUSDT;Short;58.60820265238073;15.08.2025 4:15;15.08.2025 4:15;0;4,572;0;0;0;0;Filtered;Filtered;Weak Entry Signal;1
ATOMUSDT;Long;32.094520839276214;15.08.2025 10:15;15.08.2025 10:15;0;4,519;0;0;0;0;Filtered;Filtered;Weak Entry Signal;1
ATOMUSDT;Long;33.17587000991483;15.08.2025 10:55;15.08.2025 10:55;0;4,502;0;0;0;0;Filtered;Filtered;Weak Entry Signal;1
ATOMUSDT;Long;34.844962232145235;15.08.2025 11:35;15.08.2025 11:35;0;4,494;0;0;0;0;Filtered;Filtered;Weak Entry Signal;1
ATOMUSDT;Long;35.216599873380886;15.08.2025 13:55;15.08.2025 13:55;0;4,427;0;0;0;0;Filtered;Filtered;Weak Entry Signal;1
ATOMUSDT;Long;39.85489938704482;15.08.2025 15:50;15.08.2025 15:50;0;4,37;0;0;0;0;Filtered;Filtered;Weak Entry Signal;1
ATOMUSDT;Long;36.59679286858347;15.08.2025 16:10;15.08.2025 16:10;0;4,348;0;0;0;0;Filtered;Filtered;Weak Entry Signal;1
ATOMUSDT;Short;60.632250949054736;15.08.2025 22:10;15.08.2025 22:10;0;4,433;0;0;0;0;Filtered;Filtered;Weak Entry Signal;1
ATOMUSDT;Short;65.18423937517947;15.08.2025 23:00;15.08.2025 23:00;0;4,466;0;0;0;0;Filtered;Filtered;Weak Entry Signal;1
ATOMUSDT;Short;60.872390465934146;16.08.2025 1:05;16.08.2025 1:05;0;4,479;0;0;0;0;Filtered;Filtered;Weak Entry Signal;1
ATOMUSDT;Long;43.102528235524545;16.08.2025 6:15;16.08.2025 6:15;0;4,461;0;0;0;0;Filtered;Filtered;Weak Entry Signal;1
ATOMUSDT;Long;43.49217530636938;16.08.2025 6:40;16.08.2025 6:40;0;4,458;0;0;0;0;Filtered;Filtered;Weak Entry Signal;1
ATOMUSDT;Short;68.17253614292139;16.08.2025 8:10;16.08.2025 8:10;0;4,501;0;0;0;0;Filtered;Filtered;Weak Entry Signal;1
ATOMUSDT;Short;60.44732989800331;16.08.2025 9:30;16.08.2025 9:30;0;4,511;0;0;0;0;Filtered;Filtered;Weak Entry Signal;1
ATOMUSDT;Short;59.70030440853942;16.08.2025 13:40;16.08.2025 13:40;0;4,52;0;0;0;0;Filtered;Filtered;Weak Entry Signal;1
ATOMUSDT;Short;70.20626994156679;16.08.2025 16:05;16.08.2025 16:05;0;4,59;0;0;0;0;Filtered;Filtered;Secondary TF Filter: Uptrend: avg_sma_change=1.61, no_rsi_extreme=True;1
ATOMUSDT;Short;58.180279670883245;17.08.2025 4:35;17.08.2025 4:35;0;4,584;0;0;0;0;Filtered;Filtered;Weak Entry Signal;1
ATOMUSDT;Short;69.30411253761636;17.08.2025 5:50;17.08.2025 5:50;0;4,629;0;0;0;0;Filtered;Filtered;Secondary TF Filter: Recent bull cross at RSI_SMA=63.58;1
ATOMUSDT;Short;74.10226931286824;17.08.2025 6:20;17.08.2025 6:20;0;4,66;0;0;0;0;Filtered;Filtered;Secondary TF Filter: Recent bull cross at RSI_SMA=63.58;1
ATOMUSDT;Short;61.683941203352155;17.08.2025 16:10;17.08.2025 16:10;0;4,73;0;0;0;0;Filtered;Filtered;Secondary TF Filter: Recent bull cross at RSI_SMA=64.10;1
ATOMUSDT;Long;44.73901120642136;17.08.2025 19:05;17.08.2025 19:05;0;4,666;0;0;0;0;Filtered;Filtered;Weak Entry Signal;1
ATOMUSDT;Long;39.36149905152117;17.08.2025 19:40;17.08.2025 19:40;0;4,651;0;0;0;0;Filtered;Filtered;Weak Entry Signal;1
ATOMUSDT;Long;42.31878231507644;17.08.2025 20:10;17.08.2025 20:10;0;4,643;0;0;0;0;Filtered;Filtered;Weak Entry Signal;1
ATOMUSDT;Long;37.938484980142256;18.08.2025 0:40;18.08.2025 0:40;0;4,613;0;0;0;0;Filtered;Filtered;Weak Entry Signal;1
ATOMUSDT;Long;26.45950515768881;18.08.2025 2:10;18.08.2025 2:10;0;4,529;0;0;0;0;Filtered;Filtered;Secondary TF Filter: Downtrend: avg_sma_change=-1.95, no_rsi_extreme=True;1
ATOMUSDT;Long;33.37322089325748;18.08.2025 2:35;18.08.2025 2:35;0;4,518;0;0;0;0;Filtered;Filtered;Secondary TF Filter: Downtrend: avg_sma_change=-2.31, no_rsi_extreme=True;1
ATOMUSDT;Long;25.193859552104698;18.08.2025 3:00;18.08.2025 3:00;0;4,47;0;0;0;0;Filtered;Filtered;Secondary TF Filter: Downtrend: avg_sma_change=-2.31, no_rsi_extreme=True;1
ATOMUSDT;Long;31.564248725692337;18.08.2025 3:20;18.08.2025 3:20;0;4,473;0;0;0;0;Filtered;Filtered;Secondary TF Filter: Downtrend: avg_sma_change=-2.31, no_rsi_extreme=True;1
ATOMUSDT;Long;30.861921719870665;18.08.2025 3:40;18.08.2025 3:40;0;4,454;0;0;0;0;Filtered;Filtered;Secondary TF Filter: Downtrend: avg_sma_change=-2.60, no_rsi_extreme=True;1
ATOMUSDT;Long;31.117673067218917;18.08.2025 7:05;18.08.2025 7:05;0;4,404;0;0;0;0;Filtered;Filtered;Secondary TF Filter: Downtrend: avg_sma_change=-3.40, no_rsi_extreme=True;1
ATOMUSDT;Short;64.43806883389968;18.08.2025 13:35;18.08.2025 13:35;0;4,485;0;0;0;0;Filtered;Filtered;Secondary TF Filter: Recent bull cross at RSI_SMA=26.74;1
ATOMUSDT;Short;57.28889796496697;18.08.2025 18:35;18.08.2025 18:35;0;4,488;0;0;0;0;Filtered;Filtered;Weak Entry Signal;1
ATOMUSDT;Long;30.112746462632188;19.08.2025 0:40;19.08.2025 0:40;19.08.2025 05:50;4,448;4,407;-0,92176259;5,166666667;4,31456;Loss;Reverse Signal (Short);;0
ATOMUSDT;Long;39.297037812387146;19.08.2025 2:25;19.08.2025 2:25;0;4,438;0;0;0;0;Filtered;Filtered;Weak Entry Signal;1
ATOMUSDT;Long;37.57846174761119;19.08.2025 3:10;19.08.2025 3:10;0;4,425;0;0;0;0;Filtered;Filtered;Weak Entry Signal;1
ATOMUSDT;Long;32.68098825214757;19.08.2025 4:15;19.08.2025 4:15;19.08.2025 05:50;4,368;4,407;0,892857143;1,583333333;4,23696;Profit;Reverse Signal (Short);;0
ATOMUSDT;Short;57.62239184571819;19.08.2025 10:00;19.08.2025 10:00;0;4,409;0;0;0;0;Filtered;Filtered;Weak Entry Signal;1
ATOMUSDT;Short;61.971585197002646;19.08.2025 10:30;19.08.2025 10:30;0;4,421;0;0;0;0;Filtered;Filtered;Weak Entry Signal;1
ATOMUSDT;Short;62.76163144241538;19.08.2025 10:55;19.08.2025 10:55;0;4,429;0;0;0;0;Filtered;Filtered;Weak Entry Signal;1
ATOMUSDT;Short;56.50393726664308;19.08.2025 11:15;19.08.2025 11:15;0;4,425;0;0;0;0;Filtered;Filtered;Weak Entry Signal;1
ATOMUSDT;Long;37.727286559615244;19.08.2025 15:10;19.08.2025 15:10;0;4,345;0;0;0;0;Filtered;Filtered;Weak Entry Signal;1
ATOMUSDT;Long;41.03814759196522;19.08.2025 16:50;19.08.2025 16:50;0;4,323;0;0;0;0;Filtered;Filtered;Weak Entry Signal;1
ATOMUSDT;Short;59.876787599758465;20.08.2025 4:35;20.08.2025 4:35;0;4,351;0;0;0;0;Filtered;Filtered;Weak Entry Signal;1
ATOMUSDT;Short;58.44916544862081;20.08.2025 4:55;20.08.2025 4:55;0;4,352;0;0;0;0;Filtered;Filtered;Weak Entry Signal;1
ATOMUSDT;Short;62.23762892281099;20.08.2025 15:45;20.08.2025 15:45;0;4,426;0;0;0;0;Filtered;Filtered;Weak Entry Signal;1
ATOMUSDT;Short;64.09543347324842;20.08.2025 16:35;20.08.2025 16:35;0;4,456;0;0;0;0;Filtered;Filtered;Weak Entry Signal;1
ATOMUSDT;Short;63.31309633743218;20.08.2025 20:15;20.08.2025 20:15;0;4,492;0;0;0;0;Filtered;Filtered;Weak Entry Signal;1
ATOMUSDT;Short;46.17003139385911;21.08.2025 11:35;21.08.2025 11:35;0;4,477;0;0;0;0;Filtered;Filtered;Weak Entry Signal;1
ATOMUSDT;Long;35.770110713385336;21.08.2025 17:25;21.08.2025 17:25;0;4,418;0;0;0;0;Filtered;Filtered;Weak Entry Signal;1
ATOMUSDT;Short;54.92811290178775;21.08.2025 22:30;21.08.2025 22:30;0;4,477;0;0;0;0;Filtered;Filtered;Weak Entry Signal;1
ATOMUSDT;Long;38.600598522368585;21.08.2025 23:55;21.08.2025 23:55;0;4,428;0;0;0;0;Filtered;Filtered;Weak Entry Signal;1
ATOMUSDT;Short;58.930380088809635;22.08.2025 8:30;22.08.2025 8:30;0;4,454;0;0;0;0;Filtered;Filtered;Weak Entry Signal;1
ATOMUSDT;Long;32.31289303275685;22.08.2025 12:40;22.08.2025 12:40;22.08.2025 15:10;4,332;4,6;6,186518929;2,5;4,20204;Profit;Reverse Signal (Short);;0
ATOMUSDT;Short;72.87225629639381;22.08.2025 15:10;22.08.2025 15:10;0;4,6;0;0;0;0;Filtered;Filtered;Secondary TF Filter: Recent bull cross at RSI_SMA=43.52;1
ATOMUSDT;Short;71.75099786059916;22.08.2025 15:50;22.08.2025 15:50;0;4,64;0;0;0;0;Filtered;Filtered;Secondary TF Filter: Recent bull cross at RSI_SMA=44.76;1
ATOMUSDT;Short;73.62700111347095;22.08.2025 16:20;22.08.2025 16:20;0;4,693;0;0;0;0;Filtered;Filtered;Secondary TF Filter: Recent bull cross at RSI_SMA=44.76;1
ATOMUSDT;Short;71.22949367395589;22.08.2025 16:35;22.08.2025 16:35;0;4,703;0;0;0;0;Filtered;Filtered;Secondary TF Filter: Recent bull cross at RSI_SMA=44.76;1
ATOMUSDT;Short;66.3051926236792;22.08.2025 21:30;22.08.2025 21:30;0;4,822;0;0;0;0;Filtered;Filtered;Secondary TF Filter: Uptrend: avg_sma_change=2.33, no_rsi_extreme=True;1
ATOMUSDT;Short;68.06338350542603;22.08.2025 21:50;22.08.2025 21:50;0;4,839;0;0;0;0;Filtered;Filtered;Secondary TF Filter: Uptrend: avg_sma_change=2.40, no_rsi_extreme=True;1
ATOMUSDT;Long;38.80008854627114;23.08.2025 1:50;23.08.2025 1:50;0;4,755;0;0;0;0;Filtered;Filtered;Weak Entry Signal;1
ATOMUSDT;Long;37.3785569041477;23.08.2025 2:50;23.08.2025 2:50;0;4,713;0;0;0;0;Filtered;Filtered;Weak Entry Signal;1
ATOMUSDT;Short;63.02611177119725;23.08.2025 6:10;23.08.2025 6:10;0;4,828;0;0;0;0;Filtered;Filtered;Secondary TF Filter: Uptrend: avg_sma_change=1.84, no_rsi_extreme=True;1
ATOMUSDT;Short;66.36729169396433;23.08.2025 20:05;23.08.2025 20:05;0;4,919;0;0;0;0;Filtered;Filtered;Weak Entry Signal;1
ATOMUSDT;Long;37.66268302784525;24.08.2025 1:40;24.08.2025 1:40;0;4,85;0;0;0;0;Filtered;Filtered;Weak Entry Signal;1
ATOMUSDT;Long;33.50579794499119;24.08.2025 2:00;24.08.2025 2:00;0;4,838;0;0;0;0;Filtered;Filtered;Weak Entry Signal;1
ATOMUSDT;Long;38.74263186772328;24.08.2025 2:55;24.08.2025 2:55;0;4,833;0;0;0;0;Filtered;Filtered;Weak Entry Signal;1
ATOMUSDT;Long;33.44821642257368;24.08.2025 11:00;24.08.2025 11:00;0;4,678;0;0;0;0;Filtered;Filtered;Weak Entry Signal;1
ATOMUSDT;Long;29.52534882648665;24.08.2025 11:20;24.08.2025 11:20;0;4,661;0;0;0;0;Filtered;Filtered;Secondary TF Filter: Downtrend: avg_sma_change=-3.35, no_rsi_extreme=True;1
ATOMUSDT;Short;55.63629463675341;24.08.2025 15:35;24.08.2025 15:35;0;4,71;0;0;0;0;Filtered;Filtered;Weak Entry Signal;1
ATOMUSDT;Short;77.66431210241304;24.08.2025 19:25;24.08.2025 19:25;0;4,935;0;0;0;0;Filtered;Filtered;Secondary TF Filter: Recent bull cross at RSI_SMA=24.20;1
ATOMUSDT;Short;57.50346004990492;25.08.2025 3:10;25.08.2025 3:10;0;4,8292;0;0;0;0;Filtered;Filtered;Weak Entry Signal;1
ATOMUSDT;Long;26.701347511696042;25.08.2025 6:20;25.08.2025 6:20;25.08.2025 07:50;4,693;4,55221;-3;1,5;4,55221;Loss;Stop Loss;;0
ATOMUSDT;Long;21.700494341059027;25.08.2025 6:55;25.08.2025 6:55;25.08.2025 12:15;4,634;4,56;-1,596892533;5,333333333;4,49498;Loss;Reverse Signal (Short);;0
ATOMUSDT;Long;24.749685006635644;25.08.2025 8:05;25.08.2025 8:05;25.08.2025 12:15;4,543;4,56;0,374202069;4,166666667;4,40671;Profit;Reverse Signal (Short);;0
ATOMUSDT;Short;64.51391483927262;25.08.2025 14:20;25.08.2025 14:20;0;4,649;0;0;0;0;Filtered;Filtered;Weak Entry Signal;1
ATOMUSDT;Long;38.69554038976514;25.08.2025 17:25;25.08.2025 17:25;0;4,563;0;0;0;0;Filtered;Filtered;Weak Entry Signal;1
ATOMUSDT;Long;40.37287561225781;25.08.2025 17:45;25.08.2025 17:45;0;4,558;0;0;0;0;Filtered;Filtered;Weak Entry Signal;1
ATOMUSDT;Long;33.02334516298515;25.08.2025 20:20;25.08.2025 20:20;0;4,491;0;0;0;0;Filtered;Filtered;Weak Entry Signal;1
ATOMUSDT;Long;32.0182144373663;25.08.2025 20:40;25.08.2025 20:40;0;4,439;0;0;0;0;Filtered;Filtered;Secondary TF Filter: Downtrend: avg_sma_change=-1.54, no_rsi_extreme=True;1
ATOMUSDT;Long;29.1004953582152;25.08.2025 21:00;25.08.2025 21:00;0;4,404;0;0;0;0;Filtered;Filtered;Secondary TF Filter: Downtrend: avg_sma_change=-1.54, no_rsi_extreme=True;1
ATOMUSDT;Short;60.35696816567841;26.08.2025 2:20;26.08.2025 2:20;0;4,487;0;0;0;0;Filtered;Filtered;Weak Entry Signal;1
ATOMUSDT;Long;39.281961172328025;26.08.2025 7:05;26.08.2025 7:05;0;4,438;0;0;0;0;Filtered;Filtered;Weak Entry Signal;1
ATOMUSDT;Long;42.98371255032679;26.08.2025 7:25;26.08.2025 7:25;0;4,438;0;0;0;0;Filtered;Filtered;Weak Entry Signal;1
ATOMUSDT;Short;49.32747876734286;26.08.2025 12:50;26.08.2025 12:50;0;4,485;0;0;0;0;Filtered;Filtered;Weak Entry Signal;1
ATOMUSDT;Short;60.34892257734187;26.08.2025 19:05;26.08.2025 19:05;0;4,489;0;0;0;0;Filtered;Filtered;Weak Entry Signal;1
ATOMUSDT;Short;73.42420549400114;26.08.2025 20:15;26.08.2025 20:15;0;4,569;0;0;0;0;Filtered;Filtered;Secondary TF Filter: Uptrend: avg_sma_change=1.38, no_rsi_extreme=True;1
ATOMUSDT;Long;41.24658995856037;27.08.2025 1:30;27.08.2025 1:30;0;4,503;0;0;0;0;Filtered;Filtered;Weak Entry Signal;1
ATOMUSDT;Long;37.410328416425216;27.08.2025 1:45;27.08.2025 1:45;0;4,491;0;0;0;0;Filtered;Filtered;Weak Entry Signal;1
ATOMUSDT;Long;42.66568858034201;27.08.2025 2:10;27.08.2025 2:10;0;4,492;0;0;0;0;Filtered;Filtered;Weak Entry Signal;1
ATOMUSDT;Short;61.8909055621567;27.08.2025 4:35;27.08.2025 4:35;0;4,555;0;0;0;0;Filtered;Filtered;Weak Entry Signal;1
ATOMUSDT;Short;66.23296310491885;27.08.2025 4:55;27.08.2025 4:55;0;4,566;0;0;0;0;Filtered;Filtered;Weak Entry Signal;1
ATOMUSDT;Long;32.69603443781537;27.08.2025 7:45;27.08.2025 7:45;0;4,502;0;0;0;0;Filtered;Filtered;Weak Entry Signal;1
ATOMUSDT;Long;30.37495063527119;27.08.2025 8:20;27.08.2025 8:20;27.08.2025 14:50;4,49;4,547;1,269487751;6,5;4,3553;Profit;Reverse Signal (Short);;0
ATOMUSDT;Short;60.42558630592264;27.08.2025 14:50;27.08.2025 14:50;0;4,547;0;0;0;0;Filtered;Filtered;Weak Entry Signal;1
ATOMUSDT;Short;59.89693818326291;27.08.2025 15:20;27.08.2025 15:20;0;4,554;0;0;0;0;Filtered;Filtered;Weak Entry Signal;1
ATOMUSDT;Long;43.32982249625018;27.08.2025 22:30;27.08.2025 22:30;0;4,524;0;0;0;0;Filtered;Filtered;Weak Entry Signal;1
ATOMUSDT;Long;39.670524907471304;28.08.2025 0:25;28.08.2025 0:25;0;4,485;0;0;0;0;Filtered;Filtered;Weak Entry Signal;1
ATOMUSDT;Short;57.688778536922186;28.08.2025 2:30;28.08.2025 2:30;0;4,542;0;0;0;0;Filtered;Filtered;Weak Entry Signal;1
ATOMUSDT;Short;57.620093522289835;28.08.2025 5:10;28.08.2025 5:10;0;4,569;0;0;0;0;Filtered;Filtered;Weak Entry Signal;1
LTCUSDT;Short;62.260554670263225;29.07.2025 13:05;29.07.2025 13:05;0;110,01;0;0;0;0;Filtered;Filtered;Weak Entry Signal;1
LTCUSDT;Short;56.12486156359275;29.07.2025 13:40;29.07.2025 13:40;0;110,04;0;0;0;0;Filtered;Filtered;Weak Entry Signal;1
LTCUSDT;Long;38.822377354665505;29.07.2025 14:55;29.07.2025 14:55;0;108,08;0;0;0;0;Filtered;Filtered;Weak Entry Signal;1
LTCUSDT;Long;39.76928336627729;29.07.2025 15:10;29.07.2025 15:10;0;107,99;0;0;0;0;Filtered;Filtered;Weak Entry Signal;1
LTCUSDT;Long;40.85188274878673;29.07.2025 15:40;29.07.2025 15:40;0;107,81;0;0;0;0;Filtered;Filtered;Weak Entry Signal;1
LTCUSDT;Long;51.539039255954705;29.07.2025 20:15;29.07.2025 20:15;0;108,56;0;0;0;0;Filtered;Filtered;Weak Entry Signal;1
LTCUSDT;Long;41.81521297132067;29.07.2025 20:40;29.07.2025 20:40;0;107,74;0;0;0;0;Filtered;Filtered;Weak Entry Signal;1
LTCUSDT;Long;37.78485454673367;30.07.2025 5:15;30.07.2025 5:15;0;107,88;0;0;0;0;Filtered;Filtered;Weak Entry Signal;1
LTCUSDT;Short;57.87391725314691;30.07.2025 7:05;30.07.2025 7:05;0;109,16;0;0;0;0;Filtered;Filtered;Weak Entry Signal;1
LTCUSDT;Long;37.83662564677366;30.07.2025 11:55;30.07.2025 11:55;0;107,43;0;0;0;0;Filtered;Filtered;Weak Entry Signal;1
LTCUSDT;Long;36.71917663434345;30.07.2025 12:10;30.07.2025 12:10;0;107,2;0;0;0;0;Filtered;Filtered;Weak Entry Signal;1
LTCUSDT;Short;62.7548178414604;30.07.2025 15:25;30.07.2025 15:25;0;109,43;0;0;0;0;Filtered;Filtered;Weak Entry Signal;1
LTCUSDT;Short;55.794535648725265;30.07.2025 16:25;30.07.2025 16:25;0;109,39;0;0;0;0;Filtered;Filtered;Weak Entry Signal;1
LTCUSDT;Long;40.63826918868183;30.07.2025 19:25;30.07.2025 19:25;0;107,73;0;0;0;0;Filtered;Filtered;Weak Entry Signal;1
LTCUSDT;Short;57.20783511728396;30.07.2025 23:40;30.07.2025 23:40;0;110,51;0;0;0;0;Filtered;Filtered;Weak Entry Signal;1
LTCUSDT;Short;57.55108644360769;31.07.2025 0:50;31.07.2025 0:50;0;111,22;0;0;0;0;Filtered;Filtered;Weak Entry Signal;1
LTCUSDT;Long;36.04162176549417;31.07.2025 11:55;31.07.2025 11:55;0;109,98;0;0;0;0;Filtered;Filtered;Weak Entry Signal;1
LTCUSDT;Long;33.63336311937688;31.07.2025 12:10;31.07.2025 12:10;0;109,77;0;0;0;0;Filtered;Filtered;Weak Entry Signal;1
LTCUSDT;Long;43.61233808958557;31.07.2025 13:15;31.07.2025 13:15;0;109,73;0;0;0;0;Filtered;Filtered;Weak Entry Signal;1
LTCUSDT;Long;39.661540924852865;31.07.2025 20:10;31.07.2025 20:10;0;108,16;0;0;0;0;Filtered;Filtered;Weak Entry Signal;1
LTCUSDT;Long;39.2333181209855;01.08.2025 6:30;01.08.2025 6:30;0;104,87;0;0;0;0;Filtered;Filtered;Weak Entry Signal;1
LTCUSDT;Short;57.36790903534812;01.08.2025 12:15;01.08.2025 12:15;0;105,39;0;0;0;0;Filtered;Filtered;Weak Entry Signal;1
LTCUSDT;Short;59.53293827738949;01.08.2025 12:35;01.08.2025 12:35;0;105,64;0;0;0;0;Filtered;Filtered;Weak Entry Signal;1
LTCUSDT;Long;39.88181304769013;01.08.2025 18:05;01.08.2025 18:05;0;104,86;0;0;0;0;Filtered;Filtered;Weak Entry Signal;1
LTCUSDT;Long;39.842675819442746;01.08.2025 18:20;01.08.2025 18:20;0;104,65;0;0;0;0;Filtered;Filtered;Weak Entry Signal;1
LTCUSDT;Short;61.14444327779167;01.08.2025 21:45;01.08.2025 21:45;0;107,49;0;0;0;0;Filtered;Filtered;Weak Entry Signal;1
LTCUSDT;Short;59.56456454600883;02.08.2025 2:40;02.08.2025 2:40;0;107,9;0;0;0;0;Filtered;Filtered;Weak Entry Signal;1
LTCUSDT;Short;67.75616944443915;02.08.2025 14:10;02.08.2025 14:10;0;108,81;0;0;0;0;Filtered;Filtered;Weak Entry Signal;1
LTCUSDT;Short;55.53508379522368;02.08.2025 15:10;02.08.2025 15:10;0;108,61;0;0;0;0;Filtered;Filtered;Weak Entry Signal;1
LTCUSDT;Long;41.68521279890506;02.08.2025 17:00;02.08.2025 17:00;0;107,05;0;0;0;0;Filtered;Filtered;Weak Entry Signal;1
LTCUSDT;Long;40.159537422058825;02.08.2025 17:30;02.08.2025 17:30;0;106,7;0;0;0;0;Filtered;Filtered;Weak Entry Signal;1
LTCUSDT;Long;36.59339361671303;02.08.2025 18:00;02.08.2025 18:00;0;105,3;0;0;0;0;Filtered;Filtered;Weak Entry Signal;1
LTCUSDT;Long;35.48301045674587;02.08.2025 18:15;02.08.2025 18:15;0;104,9;0;0;0;0;Filtered;Filtered;Weak Entry Signal;1
LTCUSDT;Short;67.12846434536634;03.08.2025 2:55;03.08.2025 2:55;0;108,75;0;0;0;0;Filtered;Filtered;Weak Entry Signal;1
LTCUSDT;Short;55.564623938648154;03.08.2025 7:55;03.08.2025 7:55;0;108,15;0;0;0;0;Filtered;Filtered;Weak Entry Signal;1
LTCUSDT;Short;62.302929469230826;03.08.2025 10:20;03.08.2025 10:20;0;109,54;0;0;0;0;Filtered;Filtered;Secondary TF Filter: Uptrend: avg_sma_change=1.00, no_rsi_extreme=True;1
LTCUSDT;Long;44.23121237422962;03.08.2025 18:40;03.08.2025 18:40;0;108,96;0;0;0;0;Filtered;Filtered;Weak Entry Signal;1
LTCUSDT;Short;59.328417435571495;03.08.2025 23:25;03.08.2025 23:25;0;110,39;0;0;0;0;Filtered;Filtered;Weak Entry Signal;1
LTCUSDT;Short;73.20103975999632;04.08.2025 12:40;04.08.2025 12:40;0;116,67;0;0;0;0;Filtered;Filtered;Secondary TF Filter: Uptrend: avg_sma_change=0.76, no_rsi_extreme=True;1
LTCUSDT;Short;71.93871918842416;04.08.2025 14:35;04.08.2025 14:35;0;119,19;0;0;0;0;Filtered;Filtered;Secondary TF Filter: Uptrend: avg_sma_change=0.89, no_rsi_extreme=True;1
LTCUSDT;Short;65.14544584636977;05.08.2025 6:15;05.08.2025 6:15;0;124,18;0;0;0;0;Filtered;Filtered;Weak Entry Signal;1
LTCUSDT;Short;72.93102968184763;05.08.2025 10:00;05.08.2025 10:00;05.08.2025 13:10;126,99;123,58;2,685250807;3,166666667;130,7997;Profit;Reverse Signal (Long);;0
LTCUSDT;Short;67.9545527105949;05.08.2025 10:40;05.08.2025 10:40;05.08.2025 13:10;127,97;123,58;3,430491521;2,5;131,8091;Profit;Reverse Signal (Long);;0
LTCUSDT;Short;55.19412203000241;05.08.2025 11:25;05.08.2025 11:25;0;127,62;0;0;0;0;Filtered;Filtered;Weak Entry Signal;1
LTCUSDT;Long;34.323031536479476;05.08.2025 13:05;05.08.2025 13:05;0;123,6;0;0;0;0;Filtered;Filtered;Weak Entry Signal;1
LTCUSDT;Long;35.39792616976878;05.08.2025 13:40;05.08.2025 13:40;0;123,33;0;0;0;0;Filtered;Filtered;Weak Entry Signal;1
LTCUSDT;Long;36.398162988411855;05.08.2025 14:10;05.08.2025 14:10;0;122,93;0;0;0;0;Filtered;Filtered;Weak Entry Signal;1
LTCUSDT;Long;37.05217475688185;05.08.2025 14:25;05.08.2025 14:25;0;122,19;0;0;0;0;Filtered;Filtered;Weak Entry Signal;1
LTCUSDT;Long;41.68390749247162;05.08.2025 18:05;05.08.2025 18:05;0;121,15;0;0;0;0;Filtered;Filtered;Weak Entry Signal;1
LTCUSDT;Long;38.13033251041188;05.08.2025 18:30;05.08.2025 18:30;0;120,54;0;0;0;0;Filtered;Filtered;Weak Entry Signal;1
LTCUSDT;Long;36.86572329970194;05.08.2025 18:50;05.08.2025 18:50;0;120,04;0;0;0;0;Filtered;Filtered;Weak Entry Signal;1
LTCUSDT;Long;38.855157908985305;06.08.2025 0:35;06.08.2025 0:35;0;119,12;0;0;0;0;Filtered;Filtered;Weak Entry Signal;1
LTCUSDT;Long;41.05595273012214;06.08.2025 0:50;06.08.2025 0:50;0;119,06;0;0;0;0;Filtered;Filtered;Weak Entry Signal;1
LTCUSDT;Long;37.62862378538691;06.08.2025 1:50;06.08.2025 1:50;0;118,29;0;0;0;0;Filtered;Filtered;Weak Entry Signal;1
LTCUSDT;Long;40.590551483607314;06.08.2025 10:30;06.08.2025 10:30;0;116,77;0;0;0;0;Filtered;Filtered;Weak Entry Signal;1
LTCUSDT;Long;42.279666052387114;06.08.2025 12:30;06.08.2025 12:30;0;116,26;0;0;0;0;Filtered;Filtered;Weak Entry Signal;1
LTCUSDT;Short;67.102870327435;06.08.2025 16:05;06.08.2025 16:05;0;118,17;0;0;0;0;Filtered;Filtered;Weak Entry Signal;1
LTCUSDT;Short;56.83039401119035;06.08.2025 18:40;06.08.2025 18:40;0;118,67;0;0;0;0;Filtered;Filtered;Weak Entry Signal;1
LTCUSDT;Short;64.67732332332994;06.08.2025 19:25;06.08.2025 19:25;0;120,15;0;0;0;0;Filtered;Filtered;Weak Entry Signal;1
LTCUSDT;Short;59.57969494028903;06.08.2025 19:45;06.08.2025 19:45;0;120,18;0;0;0;0;Filtered;Filtered;Weak Entry Signal;1
LTCUSDT;Long;40.88202314577649;07.08.2025 1:00;07.08.2025 1:00;0;118,36;0;0;0;0;Filtered;Filtered;Weak Entry Signal;1
LTCUSDT;Short;58.30415417917613;07.08.2025 2:50;07.08.2025 2:50;0;120,41;0;0;0;0;Filtered;Filtered;Weak Entry Signal;1
LTCUSDT;Long;33.89666076630819;07.08.2025 9:00;07.08.2025 9:00;07.08.2025 11:25;118,15;120,57;2,048243758;2,416666667;114,6055;Profit;Reverse Signal (Short);;0
LTCUSDT;Short;62.641182261376706;07.08.2025 11:35;07.08.2025 11:35;0;120,5;0;0;0;0;Filtered;Filtered;Weak Entry Signal;1
LTCUSDT;Long;36.87426300238134;08.08.2025 5:40;08.08.2025 5:40;0;120,34;0;0;0;0;Filtered;Filtered;Weak Entry Signal;1
LTCUSDT;Long;33.47061923229067;08.08.2025 6:00;08.08.2025 6:00;0;119,87;0;0;0;0;Filtered;Filtered;Weak Entry Signal;1
LTCUSDT;Short;71.56582280843145;08.08.2025 8:30;08.08.2025 8:30;08.08.2025 09:50;123,4;122,52;0,713128039;1,333333333;127,102;Profit;Reverse Signal (Long);;0
LTCUSDT;Long;41.045856449533034;08.08.2025 11:00;08.08.2025 11:00;0;121,02;0;0;0;0;Filtered;Filtered;Weak Entry Signal;1
LTCUSDT;Short;60.340799493459365;08.08.2025 14:05;08.08.2025 14:05;0;123,14;0;0;0;0;Filtered;Filtered;Weak Entry Signal;1
LTCUSDT;Short;61.10482931263957;08.08.2025 17:45;08.08.2025 17:45;0;123,09;0;0;0;0;Filtered;Filtered;Weak Entry Signal;1
LTCUSDT;Short;64.39907933668418;08.08.2025 19:05;08.08.2025 19:05;0;124,35;0;0;0;0;Filtered;Filtered;Secondary TF Filter: Recent bull cross at RSI_SMA=50.34;1
LTCUSDT;Short;70.7825344730531;08.08.2025 19:30;08.08.2025 19:30;0;125,53;0;0;0;0;Filtered;Filtered;Secondary TF Filter: Recent bull cross at RSI_SMA=50.34;1
LTCUSDT;Long;42.42844471404189;09.08.2025 0:35;09.08.2025 0:35;0;123,85;0;0;0;0;Filtered;Filtered;Weak Entry Signal;1
LTCUSDT;Long;40.08701099148984;09.08.2025 2:10;09.08.2025 2:10;0;123,46;0;0;0;0;Filtered;Filtered;Weak Entry Signal;1
LTCUSDT;Long;40.851085364357886;09.08.2025 2:40;09.08.2025 2:40;0;123,25;0;0;0;0;Filtered;Filtered;Weak Entry Signal;1
LTCUSDT;Long;39.04297975995056;09.08.2025 2:55;09.08.2025 2:55;0;123,16;0;0;0;0;Filtered;Filtered;Weak Entry Signal;1
LTCUSDT;Long;37.048873423691035;09.08.2025 3:25;09.08.2025 3:25;0;122,99;0;0;0;0;Filtered;Filtered;Weak Entry Signal;1
LTCUSDT;Short;70.30189602426077;09.08.2025 5:35;09.08.2025 5:35;0;125,18;0;0;0;0;Filtered;Filtered;Secondary TF Filter: Uptrend: avg_sma_change=0.77, no_rsi_extreme=True;1
LTCUSDT;Long;33.30908958754337;09.08.2025 14:10;09.08.2025 14:10;0;122,43;0;0;0;0;Filtered;Filtered;Secondary TF Filter: Downtrend: avg_sma_change=-0.99, no_rsi_extreme=True;1
LTCUSDT;Long;40.69784691238329;09.08.2025 15:15;09.08.2025 15:15;0;122,16;0;0;0;0;Filtered;Filtered;Weak Entry Signal;1
LTCUSDT;Long;34.62300713889175;09.08.2025 15:30;09.08.2025 15:30;0;121,42;0;0;0;0;Filtered;Filtered;Weak Entry Signal;1
LTCUSDT;Long;39.15918453114567;09.08.2025 23:10;09.08.2025 23:10;0;120,8;0;0;0;0;Filtered;Filtered;Weak Entry Signal;1
LTCUSDT;Long;42.655301610614174;09.08.2025 23:30;09.08.2025 23:30;0;120,73;0;0;0;0;Filtered;Filtered;Weak Entry Signal;1
LTCUSDT;Short;63.738654066308776;10.08.2025 3:50;10.08.2025 3:50;0;122,74;0;0;0;0;Filtered;Filtered;Weak Entry Signal;1
LTCUSDT;Short;64.77183263999616;10.08.2025 4:35;10.08.2025 4:35;0;123,2;0;0;0;0;Filtered;Filtered;Weak Entry Signal;1
LTCUSDT;Long;37.18042540572971;10.08.2025 6:35;10.08.2025 6:35;0;121,23;0;0;0;0;Filtered;Filtered;Weak Entry Signal;1
LTCUSDT;Long;35.863167099650624;10.08.2025 6:50;10.08.2025 6:50;0;121,11;0;0;0;0;Filtered;Filtered;Weak Entry Signal;1
LTCUSDT;Long;35.20454830303002;10.08.2025 7:20;10.08.2025 7:20;0;120,93;0;0;0;0;Filtered;Filtered;Weak Entry Signal;1
LTCUSDT;Long;31.525225702828592;10.08.2025 7:55;10.08.2025 7:55;0;119,24;0;0;0;0;Filtered;Filtered;Weak Entry Signal;1
LTCUSDT;Long;38.61384097910825;10.08.2025 8:10;10.08.2025 8:10;10.08.2025 09:40;119,28;120,68;1,17370892;1,5;115,7016;Profit;Reverse Signal (Short);;0
LTCUSDT;Short;62.426417727369994;10.08.2025 11:45;10.08.2025 11:45;0;122,03;0;0;0;0;Filtered;Filtered;Weak Entry Signal;1
LTCUSDT;Short;73.28017620401167;10.08.2025 15:30;10.08.2025 15:30;0;125,51;0;0;0;0;Filtered;Filtered;Secondary TF Filter: Uptrend: avg_sma_change=1.70, no_rsi_extreme=True;1
LTCUSDT;Short;59.417678882415004;10.08.2025 19:50;10.08.2025 19:50;0;124,58;0;0;0;0;Filtered;Filtered;Weak Entry Signal;1
LTCUSDT;Short;63.61117172141432;10.08.2025 20:10;10.08.2025 20:10;0;124,85;0;0;0;0;Filtered;Filtered;Weak Entry Signal;1
LTCUSDT;Long;32.89053492615324;11.08.2025 1:05;11.08.2025 1:05;0;122,47;0;0;0;0;Filtered;Filtered;Weak Entry Signal;1
LTCUSDT;Short;58.99568478040989;11.08.2025 2:55;11.08.2025 2:55;0;124,8;0;0;0;0;Filtered;Filtered;Weak Entry Signal;1
LTCUSDT;Short;63.65023012471548;11.08.2025 3:25;11.08.2025 3:25;0;126,04;0;0;0;0;Filtered;Filtered;Secondary TF Filter: Uptrend: avg_sma_change=1.32, no_rsi_extreme=True;1
LTCUSDT;Long;44.129765000718685;11.08.2025 6:20;11.08.2025 6:20;0;124,22;0;0;0;0;Filtered;Filtered;Weak Entry Signal;1
LTCUSDT;Short;61.05795175152151;11.08.2025 9:30;11.08.2025 9:30;0;125,38;0;0;0;0;Filtered;Filtered;Weak Entry Signal;1
LTCUSDT;Short;61.13797731736819;11.08.2025 9:45;11.08.2025 9:45;0;125,47;0;0;0;0;Filtered;Filtered;Weak Entry Signal;1
LTCUSDT;Long;42.27432871720728;11.08.2025 15:15;11.08.2025 15:15;0;124,3;0;0;0;0;Filtered;Filtered;Weak Entry Signal;1
LTCUSDT;Long;40.58439524267717;11.08.2025 15:30;11.08.2025 15:30;0;124,01;0;0;0;0;Filtered;Filtered;Weak Entry Signal;1
LTCUSDT;Long;27.20130373959047;11.08.2025 20:15;11.08.2025 20:15;12.08.2025 02:00;121,2;120,76;-0,363036304;5,75;117,564;Loss;Reverse Signal (Short);;0
LTCUSDT;Long;38.23038207403114;11.08.2025 21:50;11.08.2025 21:50;0;120,52;0;0;0;0;Filtered;Filtered;Weak Entry Signal;1
LTCUSDT;Long;34.52896461612994;11.08.2025 22:25;11.08.2025 22:25;0;119,9;0;0;0;0;Filtered;Filtered;Weak Entry Signal;1
LTCUSDT;Long;40.485642801383456;12.08.2025 4:00;12.08.2025 4:00;0;119,67;0;0;0;0;Filtered;Filtered;Weak Entry Signal;1
LTCUSDT;Short;63.81930803021838;12.08.2025 13:35;12.08.2025 13:35;0;121,91;0;0;0;0;Filtered;Filtered;Weak Entry Signal;1
LTCUSDT;Short;68.86382646575117;12.08.2025 16:00;12.08.2025 16:00;0;124,13;0;0;0;0;Filtered;Filtered;Secondary TF Filter: Uptrend: avg_sma_change=1.63, no_rsi_extreme=True;1
LTCUSDT;Short;72.22418109760994;12.08.2025 16:20;12.08.2025 16:20;0;124,75;0;0;0;0;Filtered;Filtered;Secondary TF Filter: Uptrend: avg_sma_change=1.63, no_rsi_extreme=True;1
LTCUSDT;Short;64.52373308814434;12.08.2025 17:10;12.08.2025 17:10;0;124,85;0;0;0;0;Filtered;Filtered;Weak Entry Signal;1
LTCUSDT;Short;64.82604128288511;12.08.2025 17:25;12.08.2025 17:25;0;125,1;0;0;0;0;Filtered;Filtered;Weak Entry Signal;1
LTCUSDT;Short;57.32370766731875;12.08.2025 17:50;12.08.2025 17:50;0;124,96;0;0;0;0;Filtered;Filtered;Weak Entry Signal;1
LTCUSDT;Short;72.91304014988629;12.08.2025 19:35;12.08.2025 19:35;0;127,89;0;0;0;0;Filtered;Filtered;Secondary TF Filter: Uptrend: avg_sma_change=3.59, no_rsi_extreme=True;1
LTCUSDT;Short;73.60773726160522;12.08.2025 20:20;12.08.2025 20:20;0;129,97;0;0;0;0;Filtered;Filtered;Secondary TF Filter: Uptrend: avg_sma_change=3.59, no_rsi_extreme=True;1
LTCUSDT;Long;37.94619532274959;13.08.2025 2:10;13.08.2025 2:10;0;129,1;0;0;0;0;Filtered;Filtered;Weak Entry Signal;1
LTCUSDT;Short;64.26756907828343;13.08.2025 5:00;13.08.2025 5:00;0;133,13;0;0;0;0;Filtered;Filtered;Secondary TF Filter: Uptrend: avg_sma_change=2.45, no_rsi_extreme=True;1
LTCUSDT;Long;39.601372279764526;13.08.2025 6:45;13.08.2025 6:45;0;130,8;0;0;0;0;Filtered;Filtered;Weak Entry Signal;1
LTCUSDT;Long;46.917334468479176;13.08.2025 12:40;13.08.2025 12:40;0;131,78;0;0;0;0;Filtered;Filtered;Weak Entry Signal;1
LTCUSDT;Long;42.366578941623345;13.08.2025 13:00;13.08.2025 13:00;0;131,36;0;0;0;0;Filtered;Filtered;Weak Entry Signal;1
LTCUSDT;Long;41.317586172175076;13.08.2025 15:55;13.08.2025 15:55;0;130,05;0;0;0;0;Filtered;Filtered;Weak Entry Signal;1
LTCUSDT;Short;58.289976259405286;13.08.2025 23:15;13.08.2025 23:15;0;130,76;0;0;0;0;Filtered;Filtered;Weak Entry Signal;1
LTCUSDT;Short;60.94516506993747;14.08.2025 0:40;14.08.2025 0:40;0;131,65;0;0;0;0;Filtered;Filtered;Weak Entry Signal;1
LTCUSDT;Short;59.35834214212214;14.08.2025 0:55;14.08.2025 0:55;0;131,67;0;0;0;0;Filtered;Filtered;Weak Entry Signal;1
LTCUSDT;Long;42.56545467131883;14.08.2025 6:35;14.08.2025 6:35;0;130,95;0;0;0;0;Filtered;Filtered;Weak Entry Signal;1
LTCUSDT;Long;38.252905057574274;14.08.2025 7:10;14.08.2025 7:10;0;130,1;0;0;0;0;Filtered;Filtered;Weak Entry Signal;1
LTCUSDT;Long;35.683374530494135;14.08.2025 8:30;14.08.2025 8:30;0;128,78;0;0;0;0;Filtered;Filtered;Weak Entry Signal;1
LTCUSDT;Long;33.045479926626896;14.08.2025 8:45;14.08.2025 8:45;0;128,12;0;0;0;0;Filtered;Filtered;Weak Entry Signal;1
LTCUSDT;Long;38.5099688971967;14.08.2025 9:40;14.08.2025 9:40;0;127,95;0;0;0;0;Filtered;Filtered;Weak Entry Signal;1
LTCUSDT;Long;36.674651750503315;14.08.2025 13:05;14.08.2025 13:05;0;122,89;0;0;0;0;Filtered;Filtered;Weak Entry Signal;1
LTCUSDT;Long;37.430391287091034;14.08.2025 16:50;14.08.2025 16:50;0;121,16;0;0;0;0;Filtered;Filtered;Weak Entry Signal;1
LTCUSDT;Long;36.24302005872789;14.08.2025 17:10;14.08.2025 17:10;0;120,77;0;0;0;0;Filtered;Filtered;Weak Entry Signal;1
LTCUSDT;Long;38.0568795778662;15.08.2025 8:15;15.08.2025 8:15;0;121,23;0;0;0;0;Filtered;Filtered;Weak Entry Signal;1
LTCUSDT;Long;40.65696982472099;15.08.2025 14:35;15.08.2025 14:35;0;119,4;0;0;0;0;Filtered;Filtered;Weak Entry Signal;1
LTCUSDT;Long;38.084416603757084;15.08.2025 15:15;15.08.2025 15:15;0;118,65;0;0;0;0;Filtered;Filtered;Weak Entry Signal;1
LTCUSDT;Long;39.71672466872147;15.08.2025 15:50;15.08.2025 15:50;0;117,7;0;0;0;0;Filtered;Filtered;Weak Entry Signal;1
LTCUSDT;Short;61.11382893689156;15.08.2025 23:00;15.08.2025 23:00;0;119,32;0;0;0;0;Filtered;Filtered;Weak Entry Signal;1
LTCUSDT;Short;60.70256164074618;16.08.2025 1:00;16.08.2025 1:00;0;120,36;0;0;0;0;Filtered;Filtered;Weak Entry Signal;1
LTCUSDT;Long;37.36755097108547;16.08.2025 6:15;16.08.2025 6:15;0;119,07;0;0;0;0;Filtered;Filtered;Weak Entry Signal;1
LTCUSDT;Long;35.782406760701335;16.08.2025 6:45;16.08.2025 6:45;16.08.2025 08:35;118,77;118,74;-0,025258904;1,833333333;115,2069;Loss;Reverse Signal (Short);;0
LTCUSDT;Long;35.06606447994868;16.08.2025 7:15;16.08.2025 7:15;0;118,33;0;0;0;0;Filtered;Filtered;Weak Entry Signal;1
LTCUSDT;Short;57.99239701907943;16.08.2025 15:45;16.08.2025 15:45;0;119;0;0;0;0;Filtered;Filtered;Weak Entry Signal;1
LTCUSDT;Short;63.76870299745084;16.08.2025 19:10;16.08.2025 19:10;0;120,14;0;0;0;0;Filtered;Filtered;Weak Entry Signal;1
LTCUSDT;Long;39.60830356090039;17.08.2025 14:35;17.08.2025 14:35;0;121,34;0;0;0;0;Filtered;Filtered;Weak Entry Signal;1
LTCUSDT;Long;37.94169233008367;18.08.2025 0:40;18.08.2025 0:40;0;120,35;0;0;0;0;Filtered;Filtered;Weak Entry Signal;1
LTCUSDT;Long;29.794262931434673;18.08.2025 2:35;18.08.2025 2:35;0;117,41;0;0;0;0;Filtered;Filtered;Secondary TF Filter: Downtrend: avg_sma_change=-2.13, no_rsi_extreme=True;1
LTCUSDT;Long;21.714629499662536;18.08.2025 2:55;18.08.2025 2:55;0;115,97;0;0;0;0;Filtered;Filtered;Secondary TF Filter: Downtrend: avg_sma_change=-2.13, no_rsi_extreme=True;1
LTCUSDT;Short;59.452938485780365;18.08.2025 13:40;18.08.2025 13:40;0;117,8;0;0;0;0;Filtered;Filtered;Weak Entry Signal;1
LTCUSDT;Short;58.92459291643501;18.08.2025 22:40;18.08.2025 22:40;0;118,74;0;0;0;0;Filtered;Filtered;Weak Entry Signal;1
LTCUSDT;Long;39.75853899328212;19.08.2025 0:35;19.08.2025 0:35;0;117,59;0;0;0;0;Filtered;Filtered;Weak Entry Signal;1
LTCUSDT;Long;36.64120484308694;19.08.2025 2:25;19.08.2025 2:25;0;116,84;0;0;0;0;Filtered;Filtered;Weak Entry Signal;1
LTCUSDT;Long;40.58588569719707;19.08.2025 3:10;19.08.2025 3:10;0;116,44;0;0;0;0;Filtered;Filtered;Weak Entry Signal;1
LTCUSDT;Long;41.28332568030146;19.08.2025 4:15;19.08.2025 4:15;0;115,65;0;0;0;0;Filtered;Filtered;Weak Entry Signal;1
LTCUSDT;Long;35.34769868993001;19.08.2025 7:45;19.08.2025 7:45;19.08.2025 10:00;114,66;115,67;0,880865167;2,25;111,2202;Profit;Reverse Signal (Short);;0
LTCUSDT;Short;56.221924375055366;19.08.2025 10:40;19.08.2025 10:40;0;115,9;0;0;0;0;Filtered;Filtered;Weak Entry Signal;1
LTCUSDT;Long;36.64107114814518;19.08.2025 15:10;19.08.2025 15:10;0;113,83;0;0;0;0;Filtered;Filtered;Weak Entry Signal;1
LTCUSDT;Short;62.48109873056967;19.08.2025 21:45;19.08.2025 21:45;0;114,96;0;0;0;0;Filtered;Filtered;Weak Entry Signal;1
LTCUSDT;Long;45.37127817654864;20.08.2025 0:00;20.08.2025 0:00;0;113,26;0;0;0;0;Filtered;Filtered;Weak Entry Signal;1
LTCUSDT;Short;58.22662272463925;20.08.2025 9:15;20.08.2025 9:15;0;115,1;0;0;0;0;Filtered;Filtered;Weak Entry Signal;1
LTCUSDT;Long;42.14376759472127;20.08.2025 14:25;20.08.2025 14:25;0;113,27;0;0;0;0;Filtered;Filtered;Weak Entry Signal;1
LTCUSDT;Short;54.85396714918141;20.08.2025 15:45;20.08.2025 15:45;0;115,14;0;0;0;0;Filtered;Filtered;Weak Entry Signal;1
LTCUSDT;Short;60.92639604833427;20.08.2025 16:35;20.08.2025 16:35;0;116,1;0;0;0;0;Filtered;Filtered;Weak Entry Signal;1
LTCUSDT;Short;64.36783096687346;20.08.2025 20:10;20.08.2025 20:10;0;116,91;0;0;0;0;Filtered;Filtered;Weak Entry Signal;1
LTCUSDT;Long;39.928539222912356;21.08.2025 9:25;21.08.2025 9:25;0;115,19;0;0;0;0;Filtered;Filtered;Weak Entry Signal;1
LTCUSDT;Long;44.19260406360821;21.08.2025 12:20;21.08.2025 12:20;0;114,74;0;0;0;0;Filtered;Filtered;Weak Entry Signal;1
LTCUSDT;Short;62.21256010237635;22.08.2025 3:10;22.08.2025 3:10;0;116,21;0;0;0;0;Filtered;Filtered;Weak Entry Signal;1
LTCUSDT;Long;36.466419726604464;22.08.2025 11:45;22.08.2025 11:45;22.08.2025 15:15;114,76;119,93;4,505054026;3,5;111,3172;Profit;Reverse Signal (Short);;0
LTCUSDT;Long;35.9519229902897;22.08.2025 12:40;22.08.2025 12:40;22.08.2025 15:15;113,44;119,93;5,721086037;2,583333333;110,0368;Profit;Reverse Signal (Short);;0
LTCUSDT;Short;76.22356841376858;22.08.2025 15:10;22.08.2025 15:10;0;119,69;0;0;0;0;Filtered;Filtered;Secondary TF Filter: Recent bull cross at RSI_SMA=57.31;1
LTCUSDT;Short;67.1060305987846;22.08.2025 16:35;22.08.2025 16:35;0;121,16;0;0;0;0;Filtered;Filtered;Secondary TF Filter: Recent bull cross at RSI_SMA=57.31;1
LTCUSDT;Short;61.216019567637375;22.08.2025 21:15;22.08.2025 21:15;0;123,24;0;0;0;0;Filtered;Filtered;Weak Entry Signal;1
LTCUSDT;Long;42.349004885539365;23.08.2025 1:50;23.08.2025 1:50;0;121,9;0;0;0;0;Filtered;Filtered;Weak Entry Signal;1
LTCUSDT;Long;39.12723201145146;23.08.2025 2:15;23.08.2025 2:15;0;121,6;0;0;0;0;Filtered;Filtered;Weak Entry Signal;1
LTCUSDT;Long;34.08335983969249;23.08.2025 2:45;23.08.2025 2:45;0;120,49;0;0;0;0;Filtered;Filtered;Weak Entry Signal;1
LTCUSDT;Short;64.42805167696827;23.08.2025 5:45;23.08.2025 5:45;0;122,16;0;0;0;0;Filtered;Filtered;Weak Entry Signal;1
LTCUSDT;Short;62.432481072615055;23.08.2025 6:05;23.08.2025 6:05;0;122,29;0;0;0;0;Filtered;Filtered;Weak Entry Signal;1
LTCUSDT;Short;55.009593017630635;23.08.2025 7:00;23.08.2025 7:00;0;122,21;0;0;0;0;Filtered;Filtered;Weak Entry Signal;1
LTCUSDT;Short;58.678065305800374;23.08.2025 23:35;23.08.2025 23:35;0;121,44;0;0;0;0;Filtered;Filtered;Weak Entry Signal;1
LTCUSDT;Short;62.43809169508541;24.08.2025 0:05;24.08.2025 0:05;0;121,59;0;0;0;0;Filtered;Filtered;Weak Entry Signal;1
LTCUSDT;Short;59.85873050679121;24.08.2025 0:55;24.08.2025 0:55;0;121,84;0;0;0;0;Filtered;Filtered;Weak Entry Signal;1
LTCUSDT;Long;42.093430394099045;24.08.2025 3:45;24.08.2025 3:45;0;120,89;0;0;0;0;Filtered;Filtered;Weak Entry Signal;1
LTCUSDT;Long;36.938456555940554;24.08.2025 7:10;24.08.2025 7:10;0;120,45;0;0;0;0;Filtered;Filtered;Weak Entry Signal;1
LTCUSDT;Long;40.096039713056776;24.08.2025 8:05;24.08.2025 8:05;0;119,89;0;0;0;0;Filtered;Filtered;Weak Entry Signal;1
LTCUSDT;Long;42.47596834177114;24.08.2025 11:00;24.08.2025 11:00;0;119,16;0;0;0;0;Filtered;Filtered;Weak Entry Signal;1
LTCUSDT;Long;39.08401188675609;24.08.2025 11:30;24.08.2025 11:30;0;118,8;0;0;0;0;Filtered;Filtered;Weak Entry Signal;1
LTCUSDT;Long;37.74480112629196;24.08.2025 11:50;24.08.2025 11:50;0;118,54;0;0;0;0;Filtered;Filtered;Weak Entry Signal;1
LTCUSDT;Short;59.93974834363804;24.08.2025 15:35;24.08.2025 15:35;0;119,86;0;0;0;0;Filtered;Filtered;Weak Entry Signal;1
LTCUSDT;Short;74.59898720954743;24.08.2025 19:20;24.08.2025 19:20;0;124,22;0;0;0;0;Filtered;Filtered;Secondary TF Filter: Recent bull cross at RSI_SMA=40.95;1
LTCUSDT;Long;43.824509195228416;24.08.2025 20:40;24.08.2025 20:40;0;120,15;0;0;0;0;Filtered;Filtered;Weak Entry Signal;1
LTCUSDT;Long;40.50580179885723;24.08.2025 21:10;24.08.2025 21:10;0;119,01;0;0;0;0;Filtered;Filtered;Weak Entry Signal;1
LTCUSDT;Long;46.06605263003323;24.08.2025 21:30;24.08.2025 21:30;0;119,43;0;0;0;0;Filtered;Filtered;Weak Entry Signal;1
LTCUSDT;Long;33.74819049071162;25.08.2025 5:15;25.08.2025 5:15;0;116,09;0;0;0;0;Filtered;Filtered;Weak Entry Signal;1
LTCUSDT;Long;32.33965213122855;25.08.2025 6:20;25.08.2025 6:20;25.08.2025 10:05;115,08;111,6276;-3;3,75;111,6276;Loss;Stop Loss;;0
LTCUSDT;Long;27.054345246949268;25.08.2025 6:50;25.08.2025 6:50;25.08.2025 10:35;114;110,58;-3;3,75;110,58;Loss;Stop Loss;;0
LTCUSDT;Long;29.264910505523318;25.08.2025 8:05;25.08.2025 8:05;25.08.2025 13:00;112,23;112,05;-0,160384924;4,916666667;108,8631;Loss;Reverse Signal (Short);;0
LTCUSDT;Long;32.065273163901395;25.08.2025 20:25;25.08.2025 20:25;0;109,01;0;0;0;0;Filtered;Filtered;Weak Entry Signal;1
LTCUSDT;Long;32.482890309523924;25.08.2025 20:40;25.08.2025 20:40;0;108,12;0;0;0;0;Filtered;Filtered;Secondary TF Filter: Downtrend: avg_sma_change=-1.05, no_rsi_extreme=True;1
LTCUSDT;Short;69.3933800936145;26.08.2025 17:25;26.08.2025 17:25;0;113,48;0;0;0;0;Filtered;Filtered;Secondary TF Filter: Uptrend: avg_sma_change=2.66, no_rsi_extreme=True;1
LTCUSDT;Short;65.54252795436919;26.08.2025 20:00;26.08.2025 20:00;0;114,34;0;0;0;0;Filtered;Filtered;Weak Entry Signal;1
LTCUSDT;Short;64.0951013103051;27.08.2025 4:25;27.08.2025 4:25;0;114,59;0;0;0;0;Filtered;Filtered;Weak Entry Signal;1
LTCUSDT;Short;54.27741201909874;27.08.2025 5:25;27.08.2025 5:25;27.08.2025 06:40;115,1;113,52;1,372719374;1,25;118,553;Profit;Reverse Signal (Long);;0
LTCUSDT;Long;38.01730090596502;27.08.2025 6:40;27.08.2025 6:40;0;113,52;0;0;0;0;Filtered;Filtered;Weak Entry Signal;1
LTCUSDT;Long;36.74140679536685;27.08.2025 7:10;27.08.2025 7:10;0;113,28;0;0;0;0;Filtered;Filtered;Weak Entry Signal;1
LTCUSDT;Long;37.57357020648031;27.08.2025 7:45;27.08.2025 7:45;0;113,02;0;0;0;0;Filtered;Filtered;Weak Entry Signal;1
LTCUSDT;Long;40.76150482234023;28.08.2025 0:00;28.08.2025 0:00;0;112,32;0;0;0;0;Filtered;Filtered;Weak Entry Signal;1
LTCUSDT;Long;38.56862647377384;28.08.2025 0:25;28.08.2025 0:25;0;111,96;0;0;0;0;Filtered;Filtered;Weak Entry Signal;1
LTCUSDT;Short;61.95119205335019;28.08.2025 5:10;28.08.2025 5:10;0;113,78;0;0;0;0;Filtered;Filtered;Weak Entry Signal;1
BCHUSDT;Long;36.36621561730525;29.07.2025 15:40;29.07.2025 15:40;0;561,5;0;0;0;0;Filtered;Filtered;Weak Entry Signal;1
BCHUSDT;Short;60.58291520886037;30.07.2025 2:25;30.07.2025 2:25;0;569,2;0;0;0;0;Filtered;Filtered;Weak Entry Signal;1
BCHUSDT;Short;59.329682438098004;30.07.2025 3:00;30.07.2025 3:00;0;569,8;0;0;0;0;Filtered;Filtered;Weak Entry Signal;1
BCHUSDT;Short;52.70289587741792;30.07.2025 15:00;30.07.2025 15:00;0;568,4;0;0;0;0;Filtered;Filtered;Weak Entry Signal;1
BCHUSDT;Short;73.04700031595029;30.07.2025 23:55;30.07.2025 23:55;0;589,9;0;0;0;0;Filtered;Filtered;Secondary TF Filter: Recent bull cross at RSI_SMA=51.44;1
BCHUSDT;Short;68.3024485132421;31.07.2025 0:35;31.07.2025 0:35;0;593,2;0;0;0;0;Filtered;Filtered;Secondary TF Filter: Recent bull cross at RSI_SMA=51.44;1
BCHUSDT;Long;38.626963559753655;31.07.2025 13:15;31.07.2025 13:15;0;579,4;0;0;0;0;Filtered;Filtered;Weak Entry Signal;1
BCHUSDT;Long;39.59040745791659;31.07.2025 13:50;31.07.2025 13:50;0;578;0;0;0;0;Filtered;Filtered;Weak Entry Signal;1
BCHUSDT;Long;37.88470002604329;31.07.2025 14:35;31.07.2025 14:35;0;576,3;0;0;0;0;Filtered;Filtered;Weak Entry Signal;1
BCHUSDT;Long;36.05151236473884;31.07.2025 15:00;31.07.2025 15:00;0;573,5;0;0;0;0;Filtered;Filtered;Weak Entry Signal;1
BCHUSDT;Long;40.56074218987467;31.07.2025 20:15;31.07.2025 20:15;0;564,9;0;0;0;0;Filtered;Filtered;Weak Entry Signal;1
BCHUSDT;Short;57.93230043788409;01.08.2025 4:05;01.08.2025 4:05;0;568,1;0;0;0;0;Filtered;Filtered;Weak Entry Signal;1
BCHUSDT;Long;40.712365982579215;01.08.2025 8:15;01.08.2025 8:15;0;558,7;0;0;0;0;Filtered;Filtered;Weak Entry Signal;1
BCHUSDT;Long;39.948604841033166;01.08.2025 8:35;01.08.2025 8:35;0;556,7;0;0;0;0;Filtered;Filtered;Weak Entry Signal;1
BCHUSDT;Long;43.19183528047227;01.08.2025 9:00;01.08.2025 9:00;0;556,4;0;0;0;0;Filtered;Filtered;Weak Entry Signal;1
BCHUSDT;Long;40.23125290113271;01.08.2025 18:25;01.08.2025 18:25;0;543,6;0;0;0;0;Filtered;Filtered;Weak Entry Signal;1
BCHUSDT;Long;37.04736650352547;01.08.2025 19:15;01.08.2025 19:15;0;540,4;0;0;0;0;Filtered;Filtered;Weak Entry Signal;1
BCHUSDT;Long;46.05494874451764;01.08.2025 19:30;01.08.2025 19:30;0;541,6;0;0;0;0;Filtered;Filtered;Weak Entry Signal;1
BCHUSDT;Short;60.2562713615147;02.08.2025 1:15;02.08.2025 1:15;0;541,6;0;0;0;0;Filtered;Filtered;Weak Entry Signal;1
BCHUSDT;Long;37.56031037887502;02.08.2025 9:55;02.08.2025 9:55;0;534,9;0;0;0;0;Filtered;Filtered;Weak Entry Signal;1
BCHUSDT;Long;38.31087673782141;02.08.2025 10:20;02.08.2025 10:20;0;534,3;0;0;0;0;Filtered;Filtered;Weak Entry Signal;1
BCHUSDT;Short;55.91574254855645;02.08.2025 14:05;02.08.2025 14:05;0;538,3;0;0;0;0;Filtered;Filtered;Weak Entry Signal;1
BCHUSDT;Long;40.60878159201369;02.08.2025 15:35;02.08.2025 15:35;0;531,7;0;0;0;0;Filtered;Filtered;Weak Entry Signal;1
BCHUSDT;Long;42.846116081137;02.08.2025 16:20;02.08.2025 16:20;0;530,3;0;0;0;0;Filtered;Filtered;Weak Entry Signal;1
BCHUSDT;Long;34.720831891590635;02.08.2025 18:55;02.08.2025 18:55;0;524;0;0;0;0;Filtered;Filtered;Weak Entry Signal;1
BCHUSDT;Short;62.66924019914659;03.08.2025 3:05;03.08.2025 3:05;0;528,8;0;0;0;0;Filtered;Filtered;Weak Entry Signal;1
BCHUSDT;Short;61.87967419402914;03.08.2025 3:45;03.08.2025 3:45;0;529;0;0;0;0;Filtered;Filtered;Weak Entry Signal;1
BCHUSDT;Short;59.77941474768195;03.08.2025 7:55;03.08.2025 7:55;0;535,5;0;0;0;0;Filtered;Filtered;Weak Entry Signal;1
BCHUSDT;Short;62.992779491102446;03.08.2025 8:25;03.08.2025 8:25;0;540,2;0;0;0;0;Filtered;Filtered;Weak Entry Signal;1
BCHUSDT;Short;61.73648897004649;04.08.2025 1:05;04.08.2025 1:05;0;549,3;0;0;0;0;Filtered;Filtered;Weak Entry Signal;1
BCHUSDT;Short;57.19628587172731;04.08.2025 2:05;04.08.2025 2:05;0;550,9;0;0;0;0;Filtered;Filtered;Weak Entry Signal;1
BCHUSDT;Short;56.67757312093307;04.08.2025 12:50;04.08.2025 12:50;0;555,7;0;0;0;0;Filtered;Filtered;Weak Entry Signal;1
BCHUSDT;Short;65.00906800580749;04.08.2025 15:35;04.08.2025 15:35;0;575;0;0;0;0;Filtered;Filtered;Secondary TF Filter: Uptrend: avg_sma_change=0.74, no_rsi_extreme=True;1
BCHUSDT;Long;27.797430798072796;04.08.2025 20:05;04.08.2025 20:05;0;561,2;0;0;0;0;Filtered;Filtered;Secondary TF Filter: Recent bear cross at RSI_SMA=71.97;1
BCHUSDT;Long;27.888064098672288;04.08.2025 20:30;04.08.2025 20:30;0;560,4;0;0;0;0;Filtered;Filtered;Secondary TF Filter: Recent bear cross at RSI_SMA=71.97;1
BCHUSDT;Short;63.854041894237994;04.08.2025 23:05;04.08.2025 23:05;0;573,2;0;0;0;0;Filtered;Filtered;Weak Entry Signal;1
BCHUSDT;Short;62.106134102678155;04.08.2025 23:45;04.08.2025 23:45;0;575;0;0;0;0;Filtered;Filtered;Weak Entry Signal;1
BCHUSDT;Long;30.37695269533036;05.08.2025 4:10;05.08.2025 4:10;0;565,8;0;0;0;0;Filtered;Filtered;Secondary TF Filter: Downtrend: avg_sma_change=-0.71, no_rsi_extreme=True;1
BCHUSDT;Short;69.70349123169366;05.08.2025 11:00;05.08.2025 11:00;0;579,8;0;0;0;0;Filtered;Filtered;Secondary TF Filter: Recent bull cross at RSI_SMA=54.84;1
BCHUSDT;Long;44.8595341087642;05.08.2025 14:55;05.08.2025 14:55;0;567,6;0;0;0;0;Filtered;Filtered;Weak Entry Signal;1
BCHUSDT;Long;39.71629474309741;05.08.2025 15:40;05.08.2025 15:40;0;564,9;0;0;0;0;Filtered;Filtered;Weak Entry Signal;1
BCHUSDT;Long;35.37725645425664;05.08.2025 17:30;05.08.2025 17:30;0;561;0;0;0;0;Filtered;Filtered;Weak Entry Signal;1
BCHUSDT;Long;36.79754108202307;05.08.2025 18:15;05.08.2025 18:15;0;559,5;0;0;0;0;Filtered;Filtered;Weak Entry Signal;1
BCHUSDT;Long;18.370660607986053;05.08.2025 20:00;05.08.2025 20:00;0;544,3;0;0;0;0;Filtered;Filtered;Secondary TF Filter: Downtrend: avg_sma_change=-0.88, no_rsi_extreme=True;1
BCHUSDT;Short;60.125261255850916;06.08.2025 2:45;06.08.2025 2:45;0;554,5;0;0;0;0;Filtered;Filtered;Weak Entry Signal;1
BCHUSDT;Short;59.73805376002402;06.08.2025 3:00;06.08.2025 3:00;0;554,6;0;0;0;0;Filtered;Filtered;Weak Entry Signal;1
BCHUSDT;Short;54.8389034484385;06.08.2025 3:20;06.08.2025 3:20;0;554,5;0;0;0;0;Filtered;Filtered;Weak Entry Signal;1
BCHUSDT;Short;57.462231487990366;06.08.2025 3:40;06.08.2025 3:40;0;556,1;0;0;0;0;Filtered;Filtered;Weak Entry Signal;1
BCHUSDT;Short;68.59576334632027;06.08.2025 16:05;06.08.2025 16:05;0;570,1;0;0;0;0;Filtered;Filtered;Weak Entry Signal;1
BCHUSDT;Short;63.472173207147044;06.08.2025 16:30;06.08.2025 16:30;0;570,2;0;0;0;0;Filtered;Filtered;Secondary TF Filter: Uptrend: avg_sma_change=2.86, no_rsi_extreme=True;1
BCHUSDT;Short;57.61419689681029;07.08.2025 6:35;07.08.2025 6:35;0;573,9;0;0;0;0;Filtered;Filtered;Weak Entry Signal;1
BCHUSDT;Short;63.42636831504141;07.08.2025 7:00;07.08.2025 7:00;0;576,2;0;0;0;0;Filtered;Filtered;Weak Entry Signal;1
BCHUSDT;Short;61.74622699173581;07.08.2025 7:20;07.08.2025 7:20;0;577;0;0;0;0;Filtered;Filtered;Weak Entry Signal;1
BCHUSDT;Short;55.995833404306985;07.08.2025 7:55;07.08.2025 7:55;0;577,1;0;0;0;0;Filtered;Filtered;Weak Entry Signal;1
BCHUSDT;Long;37.746393967892544;07.08.2025 9:40;07.08.2025 9:40;0;570;0;0;0;0;Filtered;Filtered;Weak Entry Signal;1
BCHUSDT;Short;66.9206386564251;07.08.2025 11:05;07.08.2025 11:05;0;582,6;0;0;0;0;Filtered;Filtered;Weak Entry Signal;1
BCHUSDT;Short;60.34963007298107;07.08.2025 20:45;07.08.2025 20:45;0;580,2;0;0;0;0;Filtered;Filtered;Weak Entry Signal;1
BCHUSDT;Short;61.232744202955296;08.08.2025 7:40;08.08.2025 7:40;0;579,7;0;0;0;0;Filtered;Filtered;Weak Entry Signal;1
BCHUSDT;Short;62.52228729658554;08.08.2025 7:55;08.08.2025 7:55;0;580,4;0;0;0;0;Filtered;Filtered;Weak Entry Signal;1
BCHUSDT;Short;63.135024517194196;08.08.2025 8:15;08.08.2025 8:15;0;581,1;0;0;0;0;Filtered;Filtered;Weak Entry Signal;1
BCHUSDT;Short;69.92766741724361;08.08.2025 18:05;08.08.2025 18:05;0;587,2;0;0;0;0;Filtered;Filtered;Secondary TF Filter: Recent bull cross at RSI_SMA=49.82;1
BCHUSDT;Long;40.84800649576379;09.08.2025 1:40;09.08.2025 1:40;0;585,1;0;0;0;0;Filtered;Filtered;Weak Entry Signal;1
BCHUSDT;Long;44.50783668227743;09.08.2025 2:10;09.08.2025 2:10;0;584,9;0;0;0;0;Filtered;Filtered;Weak Entry Signal;1
BCHUSDT;Long;38.74518081874926;09.08.2025 2:35;09.08.2025 2:35;0;584,2;0;0;0;0;Filtered;Filtered;Weak Entry Signal;1
BCHUSDT;Short;60.04576765743117;09.08.2025 5:50;09.08.2025 5:50;0;589,6;0;0;0;0;Filtered;Filtered;Weak Entry Signal;1
BCHUSDT;Short;58.13467678955002;09.08.2025 10:55;09.08.2025 10:55;0;589;0;0;0;0;Filtered;Filtered;Weak Entry Signal;1
BCHUSDT;Long;29.567935324360548;09.08.2025 14:05;09.08.2025 14:05;0;575,1;0;0;0;0;Filtered;Filtered;Secondary TF Filter: Downtrend: avg_sma_change=-1.67, no_rsi_extreme=True;1
BCHUSDT;Long;32.21391500382913;09.08.2025 14:55;09.08.2025 14:55;0;573;0;0;0;0;Filtered;Filtered;Weak Entry Signal;1
BCHUSDT;Long;28.60214952878458;09.08.2025 15:40;09.08.2025 15:40;0;568,3;0;0;0;0;Filtered;Filtered;Secondary TF Filter: Downtrend: avg_sma_change=-1.69, no_rsi_extreme=True;1
BCHUSDT;Short;57.69972399403393;10.08.2025 1:40;10.08.2025 1:40;0;573,9;0;0;0;0;Filtered;Filtered;Weak Entry Signal;1
BCHUSDT;Short;59.98169721537365;10.08.2025 3:55;10.08.2025 3:55;0;578,5;0;0;0;0;Filtered;Filtered;Weak Entry Signal;1
BCHUSDT;Short;60.011251732934355;10.08.2025 4:35;10.08.2025 4:35;0;579,6;0;0;0;0;Filtered;Filtered;Weak Entry Signal;1
BCHUSDT;Long;30.871641247753473;10.08.2025 6:25;10.08.2025 6:25;0;568,5;0;0;0;0;Filtered;Filtered;Weak Entry Signal;1
BCHUSDT;Long;33.618708740526756;10.08.2025 8:10;10.08.2025 8:10;0;561,8;0;0;0;0;Filtered;Filtered;Weak Entry Signal;1
BCHUSDT;Short;60.7773268419663;10.08.2025 12:50;10.08.2025 12:50;0;569,6;0;0;0;0;Filtered;Filtered;Weak Entry Signal;1
BCHUSDT;Short;60.09537062823918;11.08.2025 2:55;11.08.2025 2:55;0;576,5;0;0;0;0;Filtered;Filtered;Weak Entry Signal;1
BCHUSDT;Short;61.68137695957732;11.08.2025 10:35;11.08.2025 10:35;0;589;0;0;0;0;Filtered;Filtered;Weak Entry Signal;1
BCHUSDT;Long;37.762076949851256;11.08.2025 20:05;11.08.2025 20:05;0;584,2;0;0;0;0;Filtered;Filtered;Weak Entry Signal;1
BCHUSDT;Long;40.2200535105046;11.08.2025 20:45;11.08.2025 20:45;0;583,5;0;0;0;0;Filtered;Filtered;Weak Entry Signal;1
BCHUSDT;Long;37.18187189786336;11.08.2025 21:55;11.08.2025 21:55;0;578,9;0;0;0;0;Filtered;Filtered;Weak Entry Signal;1
BCHUSDT;Long;35.69265241787082;11.08.2025 22:10;11.08.2025 22:10;0;577,5;0;0;0;0;Filtered;Filtered;Weak Entry Signal;1
BCHUSDT;Long;34.67120162853661;11.08.2025 22:25;11.08.2025 22:25;0;576,2;0;0;0;0;Filtered;Filtered;Weak Entry Signal;1
BCHUSDT;Short;70.08657946751146;12.08.2025 1:50;12.08.2025 1:50;0;595,2;0;0;0;0;Filtered;Filtered;Secondary TF Filter: Recent bull cross at RSI_SMA=59.15;1
BCHUSDT;Short;69.28995720406783;12.08.2025 2:40;12.08.2025 2:40;0;599,8;0;0;0;0;Filtered;Filtered;Secondary TF Filter: Recent bull cross at RSI_SMA=59.15;1
BCHUSDT;Short;72.32017267591964;12.08.2025 16:25;12.08.2025 16:25;0;604,4;0;0;0;0;Filtered;Filtered;Secondary TF Filter: Recent bull cross at RSI_SMA=53.88;1
BCHUSDT;Short;74.41106772055647;12.08.2025 17:10;12.08.2025 17:10;0;607,8;0;0;0;0;Filtered;Filtered;Secondary TF Filter: Uptrend: avg_sma_change=0.80, no_rsi_extreme=True;1
BCHUSDT;Short;73.72864122926988;12.08.2025 17:50;12.08.2025 17:50;0;616,1;0;0;0;0;Filtered;Filtered;Secondary TF Filter: Uptrend: avg_sma_change=0.80, no_rsi_extreme=True;1
BCHUSDT;Short;71.5580294394266;12.08.2025 18:20;12.08.2025 18:20;0;621,1;0;0;0;0;Filtered;Filtered;Secondary TF Filter: Uptrend: avg_sma_change=0.80, no_rsi_extreme=True;1
BCHUSDT;Long;36.02754246014514;13.08.2025 2:15;13.08.2025 2:15;0;615,4;0;0;0;0;Filtered;Filtered;Weak Entry Signal;1
BCHUSDT;Long;39.96314320068337;13.08.2025 2:35;13.08.2025 2:35;0;615,4;0;0;0;0;Filtered;Filtered;Weak Entry Signal;1
BCHUSDT;Long;41.902013802535166;13.08.2025 5:15;13.08.2025 5:15;0;612,8;0;0;0;0;Filtered;Filtered;Weak Entry Signal;1
BCHUSDT;Long;24.83881060099486;13.08.2025 6:30;13.08.2025 6:30;0;603,5;0;0;0;0;Filtered;Filtered;Secondary TF Filter: Recent bear cross at RSI_SMA=72.16;1
BCHUSDT;Short;68.19970487874605;13.08.2025 14:20;13.08.2025 14:20;0;624,5;0;0;0;0;Filtered;Filtered;Secondary TF Filter: Recent bull cross at RSI_SMA=52.07;1
BCHUSDT;Long;37.061272062205596;13.08.2025 18:10;13.08.2025 18:10;0;613,2;0;0;0;0;Filtered;Filtered;Weak Entry Signal;1
BCHUSDT;Long;33.41485540988363;13.08.2025 18:55;13.08.2025 18:55;0;610,1;0;0;0;0;Filtered;Filtered;Weak Entry Signal;1
BCHUSDT;Long;39.8923785296783;13.08.2025 19:15;13.08.2025 19:15;0;610,6;0;0;0;0;Filtered;Filtered;Weak Entry Signal;1
BCHUSDT;Short;65.09031410437966;13.08.2025 23:05;13.08.2025 23:05;0;616,4;0;0;0;0;Filtered;Filtered;Weak Entry Signal;1
BCHUSDT;Short;60.71609282888139;13.08.2025 23:40;13.08.2025 23:40;0;616,8;0;0;0;0;Filtered;Filtered;Weak Entry Signal;1
BCHUSDT;Short;63.507122310030105;14.08.2025 1:25;14.08.2025 1:25;0;620,6;0;0;0;0;Filtered;Filtered;Weak Entry Signal;1
BCHUSDT;Short;66.57571000276944;14.08.2025 2:10;14.08.2025 2:10;0;623,9;0;0;0;0;Filtered;Filtered;Weak Entry Signal;1
BCHUSDT;Long;34.36820638371407;14.08.2025 6:40;14.08.2025 6:40;0;614,2;0;0;0;0;Filtered;Filtered;Weak Entry Signal;1
BCHUSDT;Long;34.90589675935195;14.08.2025 7:35;14.08.2025 7:35;0;609,9;0;0;0;0;Filtered;Filtered;Weak Entry Signal;1
BCHUSDT;Long;33.844345730586554;14.08.2025 7:50;14.08.2025 7:50;0;608,5;0;0;0;0;Filtered;Filtered;Weak Entry Signal;1
BCHUSDT;Long;30.485071343155255;14.08.2025 8:05;14.08.2025 8:05;14.08.2025 10:15;606,1;609,9;0,626959248;2,166666667;587,917;Profit;Reverse Signal (Short);;0
BCHUSDT;Long;33.0637878839686;14.08.2025 8:40;14.08.2025 8:40;0;604,6;0;0;0;0;Filtered;Filtered;Weak Entry Signal;1
BCHUSDT;Long;42.03394863739762;14.08.2025 13:10;14.08.2025 13:10;0;594;0;0;0;0;Filtered;Filtered;Weak Entry Signal;1
BCHUSDT;Long;40.77989448585125;14.08.2025 16:30;14.08.2025 16:30;0;588,6;0;0;0;0;Filtered;Filtered;Weak Entry Signal;1
BCHUSDT;Long;41.267758792011335;14.08.2025 16:50;14.08.2025 16:50;0;587,9;0;0;0;0;Filtered;Filtered;Weak Entry Signal;1
BCHUSDT;Long;40.045539656449805;14.08.2025 17:10;14.08.2025 17:10;0;586,9;0;0;0;0;Filtered;Filtered;Weak Entry Signal;1
BCHUSDT;Short;60.596922217195974;14.08.2025 23:50;14.08.2025 23:50;0;593,3;0;0;0;0;Filtered;Filtered;Weak Entry Signal;1
BCHUSDT;Long;44.83860864518778;15.08.2025 9:55;15.08.2025 9:55;0;595,3;0;0;0;0;Filtered;Filtered;Weak Entry Signal;1
BCHUSDT;Long;37.78985528796953;15.08.2025 14:00;15.08.2025 14:00;0;590,8;0;0;0;0;Filtered;Filtered;Weak Entry Signal;1
BCHUSDT;Long;39.16658069564318;15.08.2025 14:35;15.08.2025 14:35;0;589,6;0;0;0;0;Filtered;Filtered;Weak Entry Signal;1
BCHUSDT;Long;36.40055770271051;15.08.2025 15:10;15.08.2025 15:10;0;587;0;0;0;0;Filtered;Filtered;Weak Entry Signal;1
BCHUSDT;Long;34.202949677788055;15.08.2025 15:30;15.08.2025 15:30;0;584;0;0;0;0;Filtered;Filtered;Weak Entry Signal;1
BCHUSDT;Long;39.23452265100145;15.08.2025 15:50;15.08.2025 15:50;0;583,5;0;0;0;0;Filtered;Filtered;Weak Entry Signal;1
BCHUSDT;Short;60.069653455408556;16.08.2025 1:00;16.08.2025 1:00;0;593,8;0;0;0;0;Filtered;Filtered;Weak Entry Signal;1
BCHUSDT;Long;41.35284181908545;16.08.2025 7:10;16.08.2025 7:10;0;593,4;0;0;0;0;Filtered;Filtered;Weak Entry Signal;1
BCHUSDT;Long;33.916580062962296;16.08.2025 10:20;16.08.2025 10:20;0;590;0;0;0;0;Filtered;Filtered;Weak Entry Signal;1
BCHUSDT;Long;32.11577312905828;16.08.2025 10:40;16.08.2025 10:40;0;589,4;0;0;0;0;Filtered;Filtered;Weak Entry Signal;1
BCHUSDT;Long;36.62713645601892;16.08.2025 14:10;16.08.2025 14:10;0;585,9;0;0;0;0;Filtered;Filtered;Weak Entry Signal;1
BCHUSDT;Long;28.09984481336292;16.08.2025 16:15;16.08.2025 16:15;16.08.2025 19:45;579,1;584,1;0,863408738;3,5;561,727;Profit;Reverse Signal (Short);;0
BCHUSDT;Long;39.11999821155284;16.08.2025 17:25;16.08.2025 17:25;0;579,4;0;0;0;0;Filtered;Filtered;Weak Entry Signal;1
BCHUSDT;Long;37.555415700619115;16.08.2025 17:40;16.08.2025 17:40;0;578,8;0;0;0;0;Filtered;Filtered;Weak Entry Signal;1
BCHUSDT;Long;43.89580240304717;16.08.2025 18:10;16.08.2025 18:10;0;578,7;0;0;0;0;Filtered;Filtered;Weak Entry Signal;1
BCHUSDT;Short;60.94232528921034;16.08.2025 20:00;16.08.2025 20:00;0;583,4;0;0;0;0;Filtered;Filtered;Weak Entry Signal;1
BCHUSDT;Short;57.40763507860543;16.08.2025 20:25;16.08.2025 20:25;0;583,4;0;0;0;0;Filtered;Filtered;Weak Entry Signal;1
BCHUSDT;Short;60.54140324939617;16.08.2025 21:50;16.08.2025 21:50;0;586,2;0;0;0;0;Filtered;Filtered;Secondary TF Filter: Recent bull cross at RSI_SMA=37.64;1
BCHUSDT;Short;60.22296618890345;16.08.2025 22:55;16.08.2025 22:55;0;587,3;0;0;0;0;Filtered;Filtered;Weak Entry Signal;1
BCHUSDT;Short;59.39151775756354;17.08.2025 4:50;17.08.2025 4:50;0;589,9;0;0;0;0;Filtered;Filtered;Weak Entry Signal;1
BCHUSDT;Short;57.697544923488444;17.08.2025 5:25;17.08.2025 5:25;0;590,2;0;0;0;0;Filtered;Filtered;Weak Entry Signal;1
BCHUSDT;Short;59.78609425102037;17.08.2025 10:10;17.08.2025 10:10;0;590,9;0;0;0;0;Filtered;Filtered;Weak Entry Signal;1
BCHUSDT;Long;34.12228604758015;17.08.2025 15:35;17.08.2025 15:35;17.08.2025 23:10;584,6;584;-0,10263428;7,583333333;567,062;Loss;Reverse Signal (Short);;0
BCHUSDT;Long;39.619944406936725;18.08.2025 0:35;18.08.2025 0:35;0;581,3;0;0;0;0;Filtered;Filtered;Weak Entry Signal;1
BCHUSDT;Long;40.6323208629687;18.08.2025 1:35;18.08.2025 1:35;0;580,2;0;0;0;0;Filtered;Filtered;Weak Entry Signal;1
BCHUSDT;Long;42.516546573528835;18.08.2025 2:00;18.08.2025 2:00;0;579,3;0;0;0;0;Filtered;Filtered;Weak Entry Signal;1
BCHUSDT;Long;30.712311056945794;18.08.2025 2:35;18.08.2025 2:35;0;572,1;0;0;0;0;Filtered;Filtered;Secondary TF Filter: Downtrend: avg_sma_change=-3.00, no_rsi_extreme=True;1
BCHUSDT;Long;37.61831083496833;18.08.2025 9:20;18.08.2025 9:20;0;563,9;0;0;0;0;Filtered;Filtered;Weak Entry Signal;1
BCHUSDT;Short;58.95210677269269;18.08.2025 19:40;18.08.2025 19:40;0;568,8;0;0;0;0;Filtered;Filtered;Weak Entry Signal;1
BCHUSDT;Short;60.20211364536944;18.08.2025 20:05;18.08.2025 20:05;0;569,6;0;0;0;0;Filtered;Filtered;Weak Entry Signal;1
BCHUSDT;Long;35.70862209366119;19.08.2025 0:40;19.08.2025 0:40;0;567,8;0;0;0;0;Filtered;Filtered;Weak Entry Signal;1
BCHUSDT;Long;40.631310173237104;19.08.2025 4:15;19.08.2025 4:15;0;564,4;0;0;0;0;Filtered;Filtered;Weak Entry Signal;1
BCHUSDT;Long;43.17416244542252;19.08.2025 13:50;19.08.2025 13:50;0;563,7;0;0;0;0;Filtered;Filtered;Weak Entry Signal;1
BCHUSDT;Long;41.8779664261243;19.08.2025 16:20;19.08.2025 16:20;0;555,9;0;0;0;0;Filtered;Filtered;Weak Entry Signal;1
BCHUSDT;Long;36.0365248645319;19.08.2025 17:10;19.08.2025 17:10;0;552,1;0;0;0;0;Filtered;Filtered;Weak Entry Signal;1
BCHUSDT;Long;35.56595697329146;19.08.2025 23:30;19.08.2025 23:30;0;550,5;0;0;0;0;Filtered;Filtered;Weak Entry Signal;1
BCHUSDT;Long;33.103621986162096;19.08.2025 23:50;19.08.2025 23:50;0;548,6;0;0;0;0;Filtered;Filtered;Weak Entry Signal;1
BCHUSDT;Long;38.59179011908275;20.08.2025 8:10;20.08.2025 8:10;0;550,5;0;0;0;0;Filtered;Filtered;Weak Entry Signal;1
BCHUSDT;Short;64.07838460180741;20.08.2025 15:40;20.08.2025 15:40;0;555,7;0;0;0;0;Filtered;Filtered;Weak Entry Signal;1
BCHUSDT;Short;58.15207670914291;20.08.2025 16:45;20.08.2025 16:45;0;556,2;0;0;0;0;Filtered;Filtered;Weak Entry Signal;1
BCHUSDT;Short;64.90491730258967;20.08.2025 20:15;20.08.2025 20:15;0;561,5;0;0;0;0;Filtered;Filtered;Weak Entry Signal;1
BCHUSDT;Long;37.071774906388356;21.08.2025 9:25;21.08.2025 9:25;0;555,8;0;0;0;0;Filtered;Filtered;Weak Entry Signal;1
BCHUSDT;Long;39.042612376817964;21.08.2025 13:00;21.08.2025 13:00;0;552,4;0;0;0;0;Filtered;Filtered;Weak Entry Signal;1
BCHUSDT;Short;60.06208446633297;21.08.2025 19:15;21.08.2025 19:15;0;558,7;0;0;0;0;Filtered;Filtered;Weak Entry Signal;1
BCHUSDT;Short;67.6292143660741;22.08.2025 2:55;22.08.2025 2:55;0;561,9;0;0;0;0;Filtered;Filtered;Weak Entry Signal;1
BCHUSDT;Short;54.21272399318625;22.08.2025 3:10;22.08.2025 3:10;0;561,5;0;0;0;0;Filtered;Filtered;Secondary TF Filter: Uptrend: avg_sma_change=0.92, no_rsi_extreme=True;1
BCHUSDT;Short;59.30327298779299;22.08.2025 8:15;22.08.2025 8:15;0;562,9;0;0;0;0;Filtered;Filtered;Weak Entry Signal;1
BCHUSDT;Short;58.3549257257009;22.08.2025 8:30;22.08.2025 8:30;0;563;0;0;0;0;Filtered;Filtered;Weak Entry Signal;1
BCHUSDT;Long;37.696469211682064;22.08.2025 10:50;22.08.2025 10:50;0;558,4;0;0;0;0;Filtered;Filtered;Weak Entry Signal;1
BCHUSDT;Long;33.6002925125711;22.08.2025 11:40;22.08.2025 11:40;0;556,2;0;0;0;0;Filtered;Filtered;Weak Entry Signal;1
BCHUSDT;Long;41.967745369197615;22.08.2025 12:40;22.08.2025 12:40;22.08.2025 15:10;554;591,4;6,750902527;2,5;537,38;Profit;Reverse Signal (Short);;0
BCHUSDT;Short;77.2730925790871;22.08.2025 15:05;22.08.2025 15:05;0;590,5;0;0;0;0;Filtered;Filtered;Secondary TF Filter: Uptrend: avg_sma_change=1.01, no_rsi_extreme=True;1
BCHUSDT;Short;79.43773732746543;22.08.2025 15:25;22.08.2025 15:25;0;597,1;0;0;0;0;Filtered;Filtered;Secondary TF Filter: Uptrend: avg_sma_change=1.01, no_rsi_extreme=True;1
BCHUSDT;Short;69.00784329481213;22.08.2025 16:35;22.08.2025 16:35;0;601,3;0;0;0;0;Filtered;Filtered;Secondary TF Filter: Uptrend: avg_sma_change=1.08, no_rsi_extreme=True;1
BCHUSDT;Long;36.31512828543646;23.08.2025 1:50;23.08.2025 1:50;0;594,9;0;0;0;0;Filtered;Filtered;Weak Entry Signal;1
BCHUSDT;Long;31.73667304269489;23.08.2025 2:10;23.08.2025 2:10;0;593;0;0;0;0;Filtered;Filtered;Weak Entry Signal;1
BCHUSDT;Long;29.751534578942312;23.08.2025 2:40;23.08.2025 2:40;0;589,8;0;0;0;0;Filtered;Filtered;Secondary TF Filter: Recent bear cross at RSI_SMA=79.32;1
BCHUSDT;Long;44.21323438401127;23.08.2025 8:30;23.08.2025 8:30;0;589,9;0;0;0;0;Filtered;Filtered;Weak Entry Signal;1
BCHUSDT;Long;42.1586016539261;23.08.2025 11:20;23.08.2025 11:20;0;586,9;0;0;0;0;Filtered;Filtered;Weak Entry Signal;1
BCHUSDT;Short;58.45982439179085;23.08.2025 14:35;23.08.2025 14:35;0;590,7;0;0;0;0;Filtered;Filtered;Weak Entry Signal;1
BCHUSDT;Short;57.92287334666416;23.08.2025 20:15;23.08.2025 20:15;0;589,1;0;0;0;0;Filtered;Filtered;Weak Entry Signal;1
BCHUSDT;Short;60.99412112668294;23.08.2025 20:35;23.08.2025 20:35;0;589,7;0;0;0;0;Filtered;Filtered;Weak Entry Signal;1
BCHUSDT;Short;56.074947957424975;23.08.2025 23:30;23.08.2025 23:30;0;590,8;0;0;0;0;Filtered;Filtered;Weak Entry Signal;1
BCHUSDT;Short;71.58815659632785;24.08.2025 0:50;24.08.2025 0:50;0;594,4;0;0;0;0;Filtered;Filtered;Secondary TF Filter: Uptrend: avg_sma_change=1.78, no_rsi_extreme=True;1
BCHUSDT;Short;69.93668821530814;24.08.2025 1:10;24.08.2025 1:10;0;595,2;0;0;0;0;Filtered;Filtered;Secondary TF Filter: Uptrend: avg_sma_change=1.78, no_rsi_extreme=True;1
BCHUSDT;Short;64.93946907219615;24.08.2025 1:55;24.08.2025 1:55;0;596,6;0;0;0;0;Filtered;Filtered;Weak Entry Signal;1
BCHUSDT;Long;43.256617006552126;24.08.2025 7:10;24.08.2025 7:10;0;592,6;0;0;0;0;Filtered;Filtered;Weak Entry Signal;1
BCHUSDT;Long;41.67960681469058;24.08.2025 7:35;24.08.2025 7:35;0;591,9;0;0;0;0;Filtered;Filtered;Weak Entry Signal;1
BCHUSDT;Long;44.08633655480557;24.08.2025 7:55;24.08.2025 7:55;0;591,8;0;0;0;0;Filtered;Filtered;Weak Entry Signal;1
BCHUSDT;Long;37.556804842297794;24.08.2025 21:05;24.08.2025 21:05;0;585,4;0;0;0;0;Filtered;Filtered;Weak Entry Signal;1
BCHUSDT;Long;45.781950838395595;25.08.2025 4:40;25.08.2025 4:40;0;582,1;0;0;0;0;Filtered;Filtered;Weak Entry Signal;1
BCHUSDT;Long;27.348091107698124;25.08.2025 7:00;25.08.2025 7:00;0;570,6;0;0;0;0;Filtered;Filtered;Secondary TF Filter: Downtrend: avg_sma_change=-1.44, no_rsi_extreme=True;1
BCHUSDT;Long;28.216928328444425;25.08.2025 8:10;25.08.2025 8:10;0;566,2;0;0;0;0;Filtered;Filtered;Secondary TF Filter: Downtrend: avg_sma_change=-1.53, no_rsi_extreme=True;1
BCHUSDT;Long;41.202969455714495;25.08.2025 9:15;25.08.2025 9:15;0;566;0;0;0;0;Filtered;Filtered;Weak Entry Signal;1
BCHUSDT;Long;47.59023372009164;25.08.2025 16:20;25.08.2025 16:20;0;561,4;0;0;0;0;Filtered;Filtered;Weak Entry Signal;1
BCHUSDT;Long;26.447216573175737;25.08.2025 20:50;25.08.2025 20:50;0;541,4;0;0;0;0;Filtered;Filtered;Secondary TF Filter: Downtrend: avg_sma_change=-1.08, no_rsi_extreme=True;1
BCHUSDT;Long;26.581200755035013;25.08.2025 21:05;25.08.2025 21:05;0;539,6;0;0;0;0;Filtered;Filtered;Secondary TF Filter: Downtrend: avg_sma_change=-1.08, no_rsi_extreme=True;1
BCHUSDT;Long;48.38585499383617;26.08.2025 7:05;26.08.2025 7:05;0;539,9;0;0;0;0;Filtered;Filtered;Weak Entry Signal;1
BCHUSDT;Short;65.74835204770685;26.08.2025 20:30;26.08.2025 20:30;0;542,5;0;0;0;0;Filtered;Filtered;Weak Entry Signal;1
BCHUSDT;Short;62.522090280530314;26.08.2025 23:35;26.08.2025 23:35;0;548,7;0;0;0;0;Filtered;Filtered;Weak Entry Signal;1
BCHUSDT;Short;67.35534656744707;27.08.2025 4:40;27.08.2025 4:40;0;557,3;0;0;0;0;Filtered;Filtered;Weak Entry Signal;1
BCHUSDT;Short;71.18740674488781;27.08.2025 5:10;27.08.2025 5:10;0;561;0;0;0;0;Filtered;Filtered;Secondary TF Filter: Uptrend: avg_sma_change=1.46, no_rsi_extreme=True;1
BCHUSDT;Short;61.300834296106785;27.08.2025 14:55;27.08.2025 14:55;0;558,2;0;0;0;0;Filtered;Filtered;Weak Entry Signal;1
BCHUSDT;Short;62.3107886374997;27.08.2025 15:20;27.08.2025 15:20;0;559,5;0;0;0;0;Filtered;Filtered;Weak Entry Signal;1
BCHUSDT;Long;46.97856289878917;27.08.2025 19:30;27.08.2025 19:30;0;555,4;0;0;0;0;Filtered;Filtered;Weak Entry Signal;1
BCHUSDT;Short;66.25902009510993;28.08.2025 5:10;28.08.2025 5:10;0;558,7;0;0;0;0;Filtered;Filtered;Secondary TF Filter: Recent bull cross at RSI_SMA=51.22;1
XRPUSDT;Short;59.206541149981454;29.07.2025 13:05;29.07.2025 13:05;0;3,1594;0;0;0;0;Filtered;Filtered;Weak Entry Signal;1
XRPUSDT;Short;61.81045066008348;29.07.2025 13:30;29.07.2025 13:30;0;3,166;0;0;0;0;Filtered;Filtered;Weak Entry Signal;1
XRPUSDT;Long;40.21197021894235;29.07.2025 14:40;29.07.2025 14:40;0;3,1241;0;0;0;0;Filtered;Filtered;Weak Entry Signal;1
XRPUSDT;Long;35.6658616377601;29.07.2025 14:55;29.07.2025 14:55;0;3,1033;0;0;0;0;Filtered;Filtered;Weak Entry Signal;1
XRPUSDT;Long;38.276565117504354;29.07.2025 15:40;29.07.2025 15:40;0;3,0939;0;0;0;0;Filtered;Filtered;Weak Entry Signal;1
XRPUSDT;Long;43.246570829322174;29.07.2025 16:40;29.07.2025 16:40;0;3,0805;0;0;0;0;Filtered;Filtered;Weak Entry Signal;1
XRPUSDT;Short;59.601400835869796;29.07.2025 18:00;29.07.2025 18:00;0;3,1408;0;0;0;0;Filtered;Filtered;Weak Entry Signal;1
XRPUSDT;Short;62.2373653230815;29.07.2025 18:20;29.07.2025 18:20;0;3,15;0;0;0;0;Filtered;Filtered;Weak Entry Signal;1
XRPUSDT;Short;60.58554311379398;29.07.2025 18:35;29.07.2025 18:35;0;3,1515;0;0;0;0;Filtered;Filtered;Weak Entry Signal;1
XRPUSDT;Short;65.58593245040322;30.07.2025 15:25;30.07.2025 15:25;0;3,1335;0;0;0;0;Filtered;Filtered;Weak Entry Signal;1
XRPUSDT;Short;60.48357819316611;30.07.2025 15:40;30.07.2025 15:40;0;3,134;0;0;0;0;Filtered;Filtered;Weak Entry Signal;1
XRPUSDT;Short;57.76065357167125;30.07.2025 16:25;30.07.2025 16:25;0;3,1422;0;0;0;0;Filtered;Filtered;Weak Entry Signal;1
XRPUSDT;Long;33.84087668146137;30.07.2025 19:15;30.07.2025 19:15;0;3,0484;0;0;0;0;Filtered;Filtered;Weak Entry Signal;1
XRPUSDT;Short;63.9530588467661;31.07.2025 1:05;31.07.2025 1:05;0;3,1208;0;0;0;0;Filtered;Filtered;Weak Entry Signal;1
XRPUSDT;Short;60.54406988689774;31.07.2025 3:30;31.07.2025 3:30;0;3,1365;0;0;0;0;Filtered;Filtered;Weak Entry Signal;1
XRPUSDT;Short;63.81068598155516;31.07.2025 9:25;31.07.2025 9:25;0;3,1673;0;0;0;0;Filtered;Filtered;Weak Entry Signal;1
XRPUSDT;Short;62.03245728161974;31.07.2025 9:55;31.07.2025 9:55;0;3,1693;0;0;0;0;Filtered;Filtered;Weak Entry Signal;1
XRPUSDT;Long;34.42029184351327;31.07.2025 12:35;31.07.2025 12:35;0;3,1314;0;0;0;0;Filtered;Filtered;Weak Entry Signal;1
XRPUSDT;Long;34.60645202085081;31.07.2025 13:15;31.07.2025 13:15;0;3,1166;0;0;0;0;Filtered;Filtered;Weak Entry Signal;1
XRPUSDT;Long;37.881183754508584;31.07.2025 13:35;31.07.2025 13:35;0;3,1068;0;0;0;0;Filtered;Filtered;Weak Entry Signal;1
XRPUSDT;Long;41.68695390411744;31.07.2025 14:45;31.07.2025 14:45;0;3,0974;0;0;0;0;Filtered;Filtered;Weak Entry Signal;1
XRPUSDT;Long;45.3016779888285;31.07.2025 20:15;31.07.2025 20:15;0;3,065;0;0;0;0;Filtered;Filtered;Weak Entry Signal;1
XRPUSDT;Long;39.65605610414196;31.07.2025 22:50;31.07.2025 22:50;0;3,0239;0;0;0;0;Filtered;Filtered;Weak Entry Signal;1
XRPUSDT;Long;42.26900314401775;01.08.2025 0:55;01.08.2025 0:55;0;2,9865;0;0;0;0;Filtered;Filtered;Weak Entry Signal;1
XRPUSDT;Long;40.350300162923105;01.08.2025 6:05;01.08.2025 6:05;0;2,9609;0;0;0;0;Filtered;Filtered;Weak Entry Signal;1
XRPUSDT;Long;36.79650540131854;01.08.2025 6:20;01.08.2025 6:20;0;2,9492;0;0;0;0;Filtered;Filtered;Weak Entry Signal;1
XRPUSDT;Short;67.01309178532031;01.08.2025 12:45;01.08.2025 12:45;0;2,9913;0;0;0;0;Filtered;Filtered;Weak Entry Signal;1
XRPUSDT;Short;63.55513968287554;01.08.2025 13:25;01.08.2025 13:25;0;2,9998;0;0;0;0;Filtered;Filtered;Secondary TF Filter: Recent bull cross at RSI_SMA=28.73;1
XRPUSDT;Long;34.7797677803261;01.08.2025 22:55;01.08.2025 22:55;0;2,9248;0;0;0;0;Filtered;Filtered;Weak Entry Signal;1
XRPUSDT;Short;71.53680906230817;02.08.2025 5:00;02.08.2025 5:00;0;3,0124;0;0;0;0;Filtered;Filtered;Secondary TF Filter: Recent bull cross at RSI_SMA=53.91;1
XRPUSDT;Long;39.021533583872646;02.08.2025 6:55;02.08.2025 6:55;0;2,9691;0;0;0;0;Filtered;Filtered;Weak Entry Signal;1
XRPUSDT;Long;38.13109020511581;02.08.2025 7:10;02.08.2025 7:10;0;2,9602;0;0;0;0;Filtered;Filtered;Weak Entry Signal;1
XRPUSDT;Long;41.191481099461825;02.08.2025 10:25;02.08.2025 10:25;0;2,956;0;0;0;0;Filtered;Filtered;Weak Entry Signal;1
XRPUSDT;Long;39.93362657434365;02.08.2025 10:50;02.08.2025 10:50;0;2,9452;0;0;0;0;Filtered;Filtered;Weak Entry Signal;1
XRPUSDT;Long;32.62568574458665;02.08.2025 15:05;02.08.2025 15:05;0;2,8866;0;0;0;0;Filtered;Filtered;Weak Entry Signal;1
XRPUSDT;Long;28.919035606211608;02.08.2025 16:15;02.08.2025 16:15;0;2,8393;0;0;0;0;Filtered;Filtered;Secondary TF Filter: Downtrend: avg_sma_change=-1.17, no_rsi_extreme=True;1
XRPUSDT;Long;27.135831390138748;02.08.2025 16:35;02.08.2025 16:35;0;2,823;0;0;0;0;Filtered;Filtered;Secondary TF Filter: Downtrend: avg_sma_change=-1.29, no_rsi_extreme=True;1
XRPUSDT;Short;59.365643669346255;03.08.2025 3:00;03.08.2025 3:00;0;2,8202;0;0;0;0;Filtered;Filtered;Weak Entry Signal;1
XRPUSDT;Short;63.604011699342784;03.08.2025 7:45;03.08.2025 7:45;0;2,8582;0;0;0;0;Filtered;Filtered;Weak Entry Signal;1
XRPUSDT;Short;65.2874915254597;03.08.2025 8:20;03.08.2025 8:20;0;2,8698;0;0;0;0;Filtered;Filtered;Secondary TF Filter: Uptrend: avg_sma_change=1.36, no_rsi_extreme=True;1
XRPUSDT;Short;57.171296805552764;03.08.2025 15:45;03.08.2025 15:45;0;2,8933;0;0;0;0;Filtered;Filtered;Weak Entry Signal;1
XRPUSDT;Short;61.005491254435825;03.08.2025 23:25;03.08.2025 23:25;0;2,9483;0;0;0;0;Filtered;Filtered;Weak Entry Signal;1
XRPUSDT;Short;68.5516899154307;04.08.2025 1:15;04.08.2025 1:15;0;3,0091;0;0;0;0;Filtered;Filtered;Secondary TF Filter: Uptrend: avg_sma_change=1.95, no_rsi_extreme=True;1
XRPUSDT;Long;41.95114827834736;04.08.2025 6:20;04.08.2025 6:20;0;2,9747;0;0;0;0;Filtered;Filtered;Weak Entry Signal;1
XRPUSDT;Short;64.226001961925;04.08.2025 8:10;04.08.2025 8:10;0;3,0125;0;0;0;0;Filtered;Filtered;Weak Entry Signal;1
XRPUSDT;Short;73.53062696893775;04.08.2025 14:30;04.08.2025 14:30;04.08.2025 15:50;3,0669;3,0282;1,261860511;1,333333333;3,158907;Profit;Reverse Signal (Long);;0
XRPUSDT;Long;39.86356501441261;05.08.2025 4:05;05.08.2025 4:05;0;3,0378;0;0;0;0;Filtered;Filtered;Weak Entry Signal;1
XRPUSDT;Long;40.18565697146469;05.08.2025 4:35;05.08.2025 4:35;0;3,0316;0;0;0;0;Filtered;Filtered;Weak Entry Signal;1
XRPUSDT;Long;38.57352388703602;05.08.2025 7:45;05.08.2025 7:45;0;3,0132;0;0;0;0;Filtered;Filtered;Weak Entry Signal;1
XRPUSDT;Short;62.92325679848585;05.08.2025 10:15;05.08.2025 10:15;0;3,0542;0;0;0;0;Filtered;Filtered;Weak Entry Signal;1
XRPUSDT;Short;67.8550172168826;05.08.2025 10:55;05.08.2025 10:55;0;3,0739;0;0;0;0;Filtered;Filtered;Weak Entry Signal;1
XRPUSDT;Long;38.56310672589594;05.08.2025 13:10;05.08.2025 13:10;0;3,0301;0;0;0;0;Filtered;Filtered;Weak Entry Signal;1
XRPUSDT;Long;47.70884643850981;05.08.2025 13:35;05.08.2025 13:35;0;3,0391;0;0;0;0;Filtered;Filtered;Weak Entry Signal;1
XRPUSDT;Long;34.58257477452128;05.08.2025 14:55;05.08.2025 14:55;0;2,9766;0;0;0;0;Filtered;Filtered;Weak Entry Signal;1
XRPUSDT;Long;35.590437419135625;05.08.2025 15:40;05.08.2025 15:40;0;2,9711;0;0;0;0;Filtered;Filtered;Weak Entry Signal;1
XRPUSDT;Long;37.84450278972883;05.08.2025 15:55;05.08.2025 15:55;0;2,9712;0;0;0;0;Filtered;Filtered;Weak Entry Signal;1
XRPUSDT;Long;41.99415798648126;06.08.2025 1:35;06.08.2025 1:35;0;2,9328;0;0;0;0;Filtered;Filtered;Weak Entry Signal;1
XRPUSDT;Long;39.59372982396408;06.08.2025 4:40;06.08.2025 4:40;0;2,9082;0;0;0;0;Filtered;Filtered;Weak Entry Signal;1
XRPUSDT;Short;60.76867923596481;06.08.2025 16:10;06.08.2025 16:10;0;2,9955;0;0;0;0;Filtered;Filtered;Weak Entry Signal;1
XRPUSDT;Long;37.974316352430776;07.08.2025 3:40;07.08.2025 3:40;0;2,9723;0;0;0;0;Filtered;Filtered;Weak Entry Signal;1
XRPUSDT;Long;35.69337654735115;07.08.2025 4:00;07.08.2025 4:00;0;2,969;0;0;0;0;Filtered;Filtered;Weak Entry Signal;1
XRPUSDT;Short;75.09991675927303;07.08.2025 6:45;07.08.2025 6:45;07.08.2025 09:15;3,0075;2,9934;0,46882793;2,5;3,097725;Profit;Reverse Signal (Long);;0
XRPUSDT;Short;77.48688061205637;07.08.2025 11:05;07.08.2025 11:05;0;3,0728;0;0;0;0;Filtered;Filtered;Secondary TF Filter: Recent bull cross at RSI_SMA=57.52;1
XRPUSDT;Short;70.24069273360513;07.08.2025 11:30;07.08.2025 11:30;0;3,0777;0;0;0;0;Filtered;Filtered;Secondary TF Filter: Recent bull cross at RSI_SMA=57.52;1
XRPUSDT;Short;76.22694870301345;07.08.2025 20:30;07.08.2025 20:30;0;3,1129;0;0;0;0;Filtered;Filtered;Secondary TF Filter: Uptrend: avg_sma_change=1.01, no_rsi_extreme=True;1
XRPUSDT;Short;73.89675694567171;07.08.2025 21:50;07.08.2025 21:50;0;3,2485;0;0;0;0;Filtered;Filtered;Secondary TF Filter: Uptrend: avg_sma_change=1.65, no_rsi_extreme=True;1
XRPUSDT;Short;62.05627405708433;08.08.2025 3:30;08.08.2025 3:30;0;3,3556;0;0;0;0;Filtered;Filtered;Weak Entry Signal;1
XRPUSDT;Short;61.90571117027362;08.08.2025 3:45;08.08.2025 3:45;0;3,3611;0;0;0;0;Filtered;Filtered;Weak Entry Signal;1
XRPUSDT;Long;41.417332681061225;08.08.2025 10:30;08.08.2025 10:30;0;3,3158;0;0;0;0;Filtered;Filtered;Weak Entry Signal;1
XRPUSDT;Long;32.76660151786476;08.08.2025 15:45;08.08.2025 15:45;0;3,2252;0;0;0;0;Filtered;Filtered;Weak Entry Signal;1
XRPUSDT;Short;61.79694248560161;08.08.2025 18:10;08.08.2025 18:10;0;3,288;0;0;0;0;Filtered;Filtered;Weak Entry Signal;1
XRPUSDT;Short;57.93520167614626;08.08.2025 18:25;08.08.2025 18:25;0;3,2849;0;0;0;0;Filtered;Filtered;Weak Entry Signal;1
XRPUSDT;Short;58.059490655719245;09.08.2025 5:50;09.08.2025 5:50;0;3,323;0;0;0;0;Filtered;Filtered;Weak Entry Signal;1
XRPUSDT;Short;57.947758621025024;09.08.2025 9:55;09.08.2025 9:55;0;3,3357;0;0;0;0;Filtered;Filtered;Weak Entry Signal;1
XRPUSDT;Long;42.128592292576556;09.08.2025 14:10;09.08.2025 14:10;0;3,2845;0;0;0;0;Filtered;Filtered;Weak Entry Signal;1
XRPUSDT;Long;40.14840656904498;09.08.2025 23:20;09.08.2025 23:20;0;3,2253;0;0;0;0;Filtered;Filtered;Weak Entry Signal;1
XRPUSDT;Short;60.66425846556196;10.08.2025 4:25;10.08.2025 4:25;0;3,2622;0;0;0;0;Filtered;Filtered;Weak Entry Signal;1
XRPUSDT;Long;35.76164435322457;10.08.2025 8:10;10.08.2025 8:10;0;3,177;0;0;0;0;Filtered;Filtered;Weak Entry Signal;1
XRPUSDT;Short;56.08690445609032;10.08.2025 19:40;10.08.2025 19:40;0;3,2077;0;0;0;0;Filtered;Filtered;Weak Entry Signal;1
XRPUSDT;Short;73.13252950318292;11.08.2025 2:55;11.08.2025 2:55;0;3,2638;0;0;0;0;Filtered;Filtered;Secondary TF Filter: Uptrend: avg_sma_change=1.49, no_rsi_extreme=True;1
XRPUSDT;Long;39.110318628786665;11.08.2025 11:35;11.08.2025 11:35;0;3,2381;0;0;0;0;Filtered;Filtered;Weak Entry Signal;1
XRPUSDT;Long;37.55985997130221;11.08.2025 12:00;11.08.2025 12:00;0;3,2232;0;0;0;0;Filtered;Filtered;Weak Entry Signal;1
XRPUSDT;Long;38.37268733158748;11.08.2025 12:55;11.08.2025 12:55;0;3,2075;0;0;0;0;Filtered;Filtered;Weak Entry Signal;1
XRPUSDT;Long;39.1287056347662;11.08.2025 13:15;11.08.2025 13:15;0;3,2012;0;0;0;0;Filtered;Filtered;Weak Entry Signal;1
XRPUSDT;Long;38.38251383049856;11.08.2025 20:25;11.08.2025 20:25;0;3,156;0;0;0;0;Filtered;Filtered;Weak Entry Signal;1
XRPUSDT;Long;38.94201049282834;11.08.2025 22:25;11.08.2025 22:25;0;3,1294;0;0;0;0;Filtered;Filtered;Weak Entry Signal;1
XRPUSDT;Short;57.963116033511334;12.08.2025 2:45;12.08.2025 2:45;0;3,1677;0;0;0;0;Filtered;Filtered;Weak Entry Signal;1
XRPUSDT;Long;39.78948645978478;12.08.2025 10:20;12.08.2025 10:20;0;3,1205;0;0;0;0;Filtered;Filtered;Weak Entry Signal;1
XRPUSDT;Short;55.242507117724074;12.08.2025 13:00;12.08.2025 13:00;0;3,1696;0;0;0;0;Filtered;Filtered;Weak Entry Signal;1
XRPUSDT;Short;61.190334762984506;12.08.2025 17:25;12.08.2025 17:25;0;3,2361;0;0;0;0;Filtered;Filtered;Weak Entry Signal;1
XRPUSDT;Short;61.51198220694836;12.08.2025 19:40;12.08.2025 19:40;0;3,2631;0;0;0;0;Filtered;Filtered;Weak Entry Signal;1
XRPUSDT;Short;62.29669722213394;12.08.2025 20:35;12.08.2025 20:35;0;3,2883;0;0;0;0;Filtered;Filtered;Weak Entry Signal;1
XRPUSDT;Long;35.487410944230405;13.08.2025 1:20;13.08.2025 1:20;0;3,2315;0;0;0;0;Filtered;Filtered;Weak Entry Signal;1
XRPUSDT;Long;35.81529580019695;13.08.2025 1:50;13.08.2025 1:50;0;3,2249;0;0;0;0;Filtered;Filtered;Weak Entry Signal;1
XRPUSDT;Long;33.55909041874244;13.08.2025 2:15;13.08.2025 2:15;0;3,213;0;0;0;0;Filtered;Filtered;Weak Entry Signal;1
XRPUSDT;Long;45.98533662097414;13.08.2025 6:30;13.08.2025 6:30;0;3,2249;0;0;0;0;Filtered;Filtered;Weak Entry Signal;1
XRPUSDT;Short;70.95075097055472;13.08.2025 9:10;13.08.2025 9:10;13.08.2025 15:20;3,287;3,2495;1,140857925;6,166666667;3,38561;Profit;Reverse Signal (Long);;0
XRPUSDT;Short;59.67322098823861;14.08.2025 2:10;14.08.2025 2:10;0;3,3236;0;0;0;0;Filtered;Filtered;Weak Entry Signal;1
XRPUSDT;Short;59.934174567260925;14.08.2025 3:05;14.08.2025 3:05;0;3,3372;0;0;0;0;Filtered;Filtered;Weak Entry Signal;1
XRPUSDT;Short;60.010579997394515;14.08.2025 3:25;14.08.2025 3:25;0;3,3398;0;0;0;0;Filtered;Filtered;Weak Entry Signal;1
XRPUSDT;Long;33.66927057463192;14.08.2025 6:25;14.08.2025 6:25;0;3,2505;0;0;0;0;Filtered;Filtered;Weak Entry Signal;1
XRPUSDT;Long;43.36744575573242;14.08.2025 7:35;14.08.2025 7:35;0;3,2556;0;0;0;0;Filtered;Filtered;Weak Entry Signal;1
XRPUSDT;Long;36.80516946231906;14.08.2025 16:35;14.08.2025 16:35;0;3,0672;0;0;0;0;Filtered;Filtered;Weak Entry Signal;1
XRPUSDT;Short;60.39490888524403;14.08.2025 23:35;14.08.2025 23:35;0;3,085;0;0;0;0;Filtered;Filtered;Weak Entry Signal;1
XRPUSDT;Short;55.626041643937;15.08.2025 0:15;15.08.2025 0:15;0;3,0852;0;0;0;0;Filtered;Filtered;Weak Entry Signal;1
XRPUSDT;Short;61.424550722333485;15.08.2025 4:00;15.08.2025 4:00;0;3,1149;0;0;0;0;Filtered;Filtered;Weak Entry Signal;1
XRPUSDT;Short;66.93084126525244;15.08.2025 4:35;15.08.2025 4:35;0;3,1248;0;0;0;0;Filtered;Filtered;Weak Entry Signal;1
XRPUSDT;Long;41.98567342570795;15.08.2025 14:35;15.08.2025 14:35;0;3,0807;0;0;0;0;Filtered;Filtered;Weak Entry Signal;1
XRPUSDT;Long;38.30423979102455;15.08.2025 15:15;15.08.2025 15:15;0;3,0585;0;0;0;0;Filtered;Filtered;Weak Entry Signal;1
XRPUSDT;Long;37.9232466236089;15.08.2025 15:50;15.08.2025 15:50;0;3,0321;0;0;0;0;Filtered;Filtered;Weak Entry Signal;1
XRPUSDT;Long;40.134906827247875;15.08.2025 16:20;15.08.2025 16:20;0;3,0236;0;0;0;0;Filtered;Filtered;Weak Entry Signal;1
XRPUSDT;Short;64.25033134885268;16.08.2025 3:55;16.08.2025 3:55;0;3,1086;0;0;0;0;Filtered;Filtered;Weak Entry Signal;1
XRPUSDT;Short;70.01090995363813;16.08.2025 4:25;16.08.2025 4:25;0;3,1152;0;0;0;0;Filtered;Filtered;Secondary TF Filter: Recent bull cross at RSI_SMA=42.99;1
XRPUSDT;Short;65.49034909574235;16.08.2025 8:00;16.08.2025 8:00;0;3,1213;0;0;0;0;Filtered;Filtered;Weak Entry Signal;1
XRPUSDT;Short;69.1892899976865;16.08.2025 8:50;16.08.2025 8:50;0;3,1366;0;0;0;0;Filtered;Filtered;Weak Entry Signal;1
XRPUSDT;Short;70.35368652168913;16.08.2025 9:10;16.08.2025 9:10;0;3,1428;0;0;0;0;Filtered;Filtered;Secondary TF Filter: Uptrend: avg_sma_change=2.43, no_rsi_extreme=True;1
XRPUSDT;Short;69.51593188517475;16.08.2025 9:25;16.08.2025 9:25;0;3,1437;0;0;0;0;Filtered;Filtered;Secondary TF Filter: Uptrend: avg_sma_change=2.43, no_rsi_extreme=True;1
XRPUSDT;Long;41.06888854318367;16.08.2025 12:00;16.08.2025 12:00;0;3,1132;0;0;0;0;Filtered;Filtered;Weak Entry Signal;1
XRPUSDT;Long;38.6215570995116;16.08.2025 12:25;16.08.2025 12:25;0;3,1067;0;0;0;0;Filtered;Filtered;Weak Entry Signal;1
XRPUSDT;Short;63.50214891881262;17.08.2025 3:15;17.08.2025 3:15;0;3,1162;0;0;0;0;Filtered;Filtered;Weak Entry Signal;1
XRPUSDT;Short;64.34902971552756;17.08.2025 3:45;17.08.2025 3:45;0;3,1206;0;0;0;0;Filtered;Filtered;Weak Entry Signal;1
XRPUSDT;Short;64.37589912397891;17.08.2025 4:10;17.08.2025 4:10;0;3,1247;0;0;0;0;Filtered;Filtered;Weak Entry Signal;1
XRPUSDT;Short;64.0208007954729;17.08.2025 4:25;17.08.2025 4:25;0;3,1258;0;0;0;0;Filtered;Filtered;Weak Entry Signal;1
XRPUSDT;Short;64.24304151693335;17.08.2025 5:20;17.08.2025 5:20;0;3,1343;0;0;0;0;Filtered;Filtered;Weak Entry Signal;1
XRPUSDT;Long;43.8092792037358;17.08.2025 13:15;17.08.2025 13:15;0;3,1184;0;0;0;0;Filtered;Filtered;Weak Entry Signal;1
XRPUSDT;Long;36.19384753660829;17.08.2025 18:55;17.08.2025 18:55;0;3,0981;0;0;0;0;Filtered;Filtered;Weak Entry Signal;1
XRPUSDT;Long;38.44036411471455;17.08.2025 19:35;17.08.2025 19:35;0;3,0939;0;0;0;0;Filtered;Filtered;Weak Entry Signal;1
XRPUSDT;Long;38.027675287780454;18.08.2025 0:20;18.08.2025 0:20;0;3,0856;0;0;0;0;Filtered;Filtered;Weak Entry Signal;1
XRPUSDT;Long;39.852719294578556;18.08.2025 0:40;18.08.2025 0:40;0;3,0827;0;0;0;0;Filtered;Filtered;Weak Entry Signal;1
XRPUSDT;Long;34.833662133089476;18.08.2025 2:35;18.08.2025 2:35;0;3,0316;0;0;0;0;Filtered;Filtered;Secondary TF Filter: Downtrend: avg_sma_change=-1.97, no_rsi_extreme=True;1
XRPUSDT;Long;27.739533636764875;18.08.2025 3:20;18.08.2025 3:20;0;2,9964;0;0;0;0;Filtered;Filtered;Secondary TF Filter: Downtrend: avg_sma_change=-1.97, no_rsi_extreme=True;1
XRPUSDT;Short;63.51237293930142;18.08.2025 13:35;18.08.2025 13:35;0;2,9938;0;0;0;0;Filtered;Filtered;Weak Entry Signal;1
XRPUSDT;Short;54.8650838253463;18.08.2025 16:35;18.08.2025 16:35;0;3,0087;0;0;0;0;Filtered;Filtered;Weak Entry Signal;1
XRPUSDT;Short;59.463061768121;18.08.2025 19:20;18.08.2025 19:20;0;3,0687;0;0;0;0;Filtered;Filtered;Weak Entry Signal;1
XRPUSDT;Long;36.695178964809564;19.08.2025 0:30;19.08.2025 0:30;0;3,048;0;0;0;0;Filtered;Filtered;Weak Entry Signal;1
XRPUSDT;Long;43.59694268219703;19.08.2025 2:35;19.08.2025 2:35;0;3,0437;0;0;0;0;Filtered;Filtered;Weak Entry Signal;1
XRPUSDT;Long;41.38566193043507;19.08.2025 3:15;19.08.2025 3:15;0;3,0345;0;0;0;0;Filtered;Filtered;Weak Entry Signal;1
XRPUSDT;Long;28.463813033899996;19.08.2025 4:15;19.08.2025 4:15;19.08.2025 05:50;2,9907;3,0155;0,829237302;1,583333333;2,900979;Profit;Reverse Signal (Short);;0
XRPUSDT;Long;33.22917803391863;19.08.2025 15:10;19.08.2025 15:10;0;2,9466;0;0;0;0;Filtered;Filtered;Weak Entry Signal;1
XRPUSDT;Long;37.70120170340642;19.08.2025 16:20;19.08.2025 16:20;0;2,9338;0;0;0;0;Filtered;Filtered;Weak Entry Signal;1
XRPUSDT;Long;36.50130760578062;19.08.2025 16:40;19.08.2025 16:40;0;2,9221;0;0;0;0;Filtered;Filtered;Weak Entry Signal;1
XRPUSDT;Long;37.06482326914969;20.08.2025 14:15;20.08.2025 14:15;0;2,8427;0;0;0;0;Filtered;Filtered;Weak Entry Signal;1
XRPUSDT;Short;59.002552972222034;20.08.2025 15:45;20.08.2025 15:45;0;2,9144;0;0;0;0;Filtered;Filtered;Weak Entry Signal;1
XRPUSDT;Short;57.775518179423244;20.08.2025 16:35;20.08.2025 16:35;0;2,9204;0;0;0;0;Filtered;Filtered;Weak Entry Signal;1
XRPUSDT;Short;63.605671689194004;20.08.2025 20:10;20.08.2025 20:10;0;2,9737;0;0;0;0;Filtered;Filtered;Weak Entry Signal;1
XRPUSDT;Short;57.50303883799722;20.08.2025 21:10;20.08.2025 21:10;0;2,972;0;0;0;0;Filtered;Filtered;Weak Entry Signal;1
XRPUSDT;Long;38.14552545576462;21.08.2025 0:30;21.08.2025 0:30;0;2,9434;0;0;0;0;Filtered;Filtered;Weak Entry Signal;1
XRPUSDT;Long;36.45790070634625;21.08.2025 1:10;21.08.2025 1:10;0;2,9368;0;0;0;0;Filtered;Filtered;Weak Entry Signal;1
XRPUSDT;Long;41.84644711694286;21.08.2025 2:55;21.08.2025 2:55;0;2,9243;0;0;0;0;Filtered;Filtered;Weak Entry Signal;1
XRPUSDT;Long;38.2613672904491;21.08.2025 7:20;21.08.2025 7:20;0;2,9031;0;0;0;0;Filtered;Filtered;Weak Entry Signal;1
XRPUSDT;Long;38.23600175319061;21.08.2025 20:15;21.08.2025 20:15;0;2,8739;0;0;0;0;Filtered;Filtered;Weak Entry Signal;1
XRPUSDT;Long;39.59957464174695;21.08.2025 23:50;21.08.2025 23:50;0;2,8521;0;0;0;0;Filtered;Filtered;Weak Entry Signal;1
XRPUSDT;Long;28.967995671597762;22.08.2025 11:15;22.08.2025 11:15;22.08.2025 14:55;2,8229;3,0052;6,457897906;3,666666667;2,738213;Profit;Reverse Signal (Short);;0
XRPUSDT;Long;29.577592658679336;22.08.2025 12:25;22.08.2025 12:25;22.08.2025 14:55;2,8;3,0052;7,328571429;2,5;2,716;Profit;Reverse Signal (Short);;0
XRPUSDT;Long;40.406396882213876;22.08.2025 12:40;22.08.2025 12:40;22.08.2025 14:55;2,801;3,0052;7,290253481;2,25;2,71697;Profit;Reverse Signal (Short);;0
XRPUSDT;Short;73.02463094365487;22.08.2025 14:55;22.08.2025 14:55;0;3,0052;0;0;0;0;Filtered;Filtered;Secondary TF Filter: Uptrend: avg_sma_change=0.74, no_rsi_extreme=True;1
XRPUSDT;Short;67.25927792661079;22.08.2025 16:10;22.08.2025 16:10;0;3,0525;0;0;0;0;Filtered;Filtered;Secondary TF Filter: Uptrend: avg_sma_change=0.91, no_rsi_extreme=True;1
XRPUSDT;Long;34.129912415655696;23.08.2025 1:05;23.08.2025 1:05;0;3,0439;0;0;0;0;Filtered;Filtered;Weak Entry Signal;1
XRPUSDT;Long;33.719373272245406;23.08.2025 1:45;23.08.2025 1:45;0;3,0224;0;0;0;0;Filtered;Filtered;Secondary TF Filter: Recent bear cross at RSI_SMA=75.07;1
XRPUSDT;Long;31.138692984884315;23.08.2025 2:40;23.08.2025 2:40;0;2,9896;0;0;0;0;Filtered;Filtered;Secondary TF Filter: Recent bear cross at RSI_SMA=75.07;1
XRPUSDT;Short;60.48779249653734;23.08.2025 6:10;23.08.2025 6:10;0;3,0495;0;0;0;0;Filtered;Filtered;Weak Entry Signal;1
XRPUSDT;Short;62.08108323776438;23.08.2025 7:00;23.08.2025 7:00;0;3,06;0;0;0;0;Filtered;Filtered;Weak Entry Signal;1
XRPUSDT;Long;37.85782008654597;23.08.2025 14:05;23.08.2025 14:05;0;3,0168;0;0;0;0;Filtered;Filtered;Weak Entry Signal;1
XRPUSDT;Short;61.32906087193662;23.08.2025 20:05;23.08.2025 20:05;0;3,0294;0;0;0;0;Filtered;Filtered;Weak Entry Signal;1
XRPUSDT;Short;47.81687133706634;23.08.2025 20:35;23.08.2025 20:35;0;3,0265;0;0;0;0;Filtered;Filtered;Weak Entry Signal;1
XRPUSDT;Short;58.3241330973246;23.08.2025 20:55;23.08.2025 20:55;0;3,0322;0;0;0;0;Filtered;Filtered;Weak Entry Signal;1
XRPUSDT;Short;61.917638747701105;23.08.2025 23:10;23.08.2025 23:10;0;3,0465;0;0;0;0;Filtered;Filtered;Weak Entry Signal;1
XRPUSDT;Short;63.425633284659156;23.08.2025 23:30;23.08.2025 23:30;0;3,052;0;0;0;0;Filtered;Filtered;Weak Entry Signal;1
XRPUSDT;Long;40.807216952876225;24.08.2025 10:40;24.08.2025 10:40;0;3,0163;0;0;0;0;Filtered;Filtered;Weak Entry Signal;1
XRPUSDT;Long;34.751959812667394;24.08.2025 11:20;24.08.2025 11:20;0;3,0037;0;0;0;0;Filtered;Filtered;Weak Entry Signal;1
XRPUSDT;Short;64.35907656848879;24.08.2025 17:55;24.08.2025 17:55;0;3,0516;0;0;0;0;Filtered;Filtered;Weak Entry Signal;1
XRPUSDT;Short;75.6771769253527;24.08.2025 19:20;24.08.2025 19:20;0;3,1196;0;0;0;0;Filtered;Filtered;Secondary TF Filter: Recent bull cross at RSI_SMA=46.93;1
XRPUSDT;Long;42.0377614053661;24.08.2025 21:05;24.08.2025 21:05;0;3,0196;0;0;0;0;Filtered;Filtered;Weak Entry Signal;1
XRPUSDT;Short;60.17476244371284;25.08.2025 3:00;25.08.2025 3:00;0;3,0406;0;0;0;0;Filtered;Filtered;Weak Entry Signal;1
XRPUSDT;Long;38.57785615040484;25.08.2025 5:15;25.08.2025 5:15;0;3,0053;0;0;0;0;Filtered;Filtered;Weak Entry Signal;1
XRPUSDT;Long;32.56177950768044;25.08.2025 7:00;25.08.2025 7:00;25.08.2025 12:45;2,9637;2,9582;-0,185578837;5,75;2,874789;Loss;Reverse Signal (Short);;0
XRPUSDT;Long;32.70514172908814;25.08.2025 7:35;25.08.2025 7:35;25.08.2025 12:45;2,948;2,9582;0,345997286;5,166666667;2,85956;Profit;Reverse Signal (Short);;0
XRPUSDT;Long;31.92951307128304;25.08.2025 7:55;25.08.2025 7:55;0;2,9388;0;0;0;0;Filtered;Filtered;Weak Entry Signal;1
XRPUSDT;Long;32.21466185063444;25.08.2025 20:15;25.08.2025 20:15;0;2,8794;0;0;0;0;Filtered;Filtered;Weak Entry Signal;1
XRPUSDT;Long;33.89224093165683;25.08.2025 20:40;25.08.2025 20:40;0;2,8556;0;0;0;0;Filtered;Filtered;Secondary TF Filter: Downtrend: avg_sma_change=-0.88, no_rsi_extreme=True;1
XRPUSDT;Short;68.67281673506415;26.08.2025 5:50;26.08.2025 5:50;0;2,9229;0;0;0;0;Filtered;Filtered;Secondary TF Filter: Recent bull cross at RSI_SMA=33.72;1
XRPUSDT;Long;39.80556711174641;26.08.2025 12:15;26.08.2025 12:15;0;2,893;0;0;0;0;Filtered;Filtered;Weak Entry Signal;1
XRPUSDT;Short;69.84956540616768;26.08.2025 18:55;26.08.2025 18:55;0;2,9805;0;0;0;0;Filtered;Filtered;Secondary TF Filter: Uptrend: avg_sma_change=2.95, no_rsi_extreme=True;1
XRPUSDT;Short;70.80163154881305;26.08.2025 20:00;26.08.2025 20:00;0;3,0403;0;0;0;0;Filtered;Filtered;Secondary TF Filter: Uptrend: avg_sma_change=2.91, no_rsi_extreme=True;1
XRPUSDT;Long;40.60463481594188;27.08.2025 1:10;27.08.2025 1:10;0;2,9919;0;0;0;0;Filtered;Filtered;Weak Entry Signal;1
XRPUSDT;Short;55.98331169889345;27.08.2025 5:00;27.08.2025 5:00;0;3,0155;0;0;0;0;Filtered;Filtered;Weak Entry Signal;1
XRPUSDT;Long;38.023480104610535;27.08.2025 7:45;27.08.2025 7:45;0;2,9927;0;0;0;0;Filtered;Filtered;Weak Entry Signal;1
XRPUSDT;Short;57.97071222269072;27.08.2025 18:15;27.08.2025 18:15;0;3,0323;0;0;0;0;Filtered;Filtered;Weak Entry Signal;1
XRPUSDT;Long;42.1176476988968;27.08.2025 22:20;27.08.2025 22:20;0;2,9834;0;0;0;0;Filtered;Filtered;Weak Entry Signal;1
XRPUSDT;Long;38.66520058616812;27.08.2025 23:55;27.08.2025 23:55;0;2,969;0;0;0;0;Filtered;Filtered;Weak Entry Signal;1
XRPUSDT;Short;62.761497997567794;28.08.2025 5:10;28.08.2025 5:10;0;3,0053;0;0;0;0;Filtered;Filtered;Weak Entry Signal;1
DOGEUSDT;Short;57.09963307911382;29.07.2025 13:05;29.07.2025 13:05;0;0,22944;0;0;0;0;Filtered;Filtered;Weak Entry Signal;1
DOGEUSDT;Long;32.07209025428833;29.07.2025 14:55;29.07.2025 14:55;0;0,22271;0;0;0;0;Filtered;Filtered;Weak Entry Signal;1
DOGEUSDT;Long;35.69292829793629;29.07.2025 15:10;29.07.2025 15:10;0;0,22292;0;0;0;0;Filtered;Filtered;Weak Entry Signal;1
DOGEUSDT;Long;37.28296147715585;29.07.2025 15:40;29.07.2025 15:40;0;0,22218;0;0;0;0;Filtered;Filtered;Weak Entry Signal;1
DOGEUSDT;Long;40.04702568695378;29.07.2025 16:40;29.07.2025 16:40;0;0,22021;0;0;0;0;Filtered;Filtered;Weak Entry Signal;1
DOGEUSDT;Long;41.08697248135776;30.07.2025 5:20;30.07.2025 5:20;0;0,22252;0;0;0;0;Filtered;Filtered;Weak Entry Signal;1
DOGEUSDT;Long;43.363124576589065;30.07.2025 8:25;30.07.2025 8:25;0;0,22169;0;0;0;0;Filtered;Filtered;Weak Entry Signal;1
DOGEUSDT;Long;29.546198940912376;30.07.2025 12:10;30.07.2025 12:10;30.07.2025 15:05;0,2157;0,22085;2,387575336;2,916666667;0,209229;Profit;Reverse Signal (Short);;0
DOGEUSDT;Short;63.066986817802764;30.07.2025 15:05;30.07.2025 15:05;0;0,22085;0;0;0;0;Filtered;Filtered;Weak Entry Signal;1
DOGEUSDT;Short;61.110907739618256;30.07.2025 15:20;30.07.2025 15:20;0;0,22086;0;0;0;0;Filtered;Filtered;Weak Entry Signal;1
DOGEUSDT;Short;59.50427300936204;30.07.2025 16:25;30.07.2025 16:25;0;0,222;0;0;0;0;Filtered;Filtered;Weak Entry Signal;1
DOGEUSDT;Long;36.76560420232006;30.07.2025 19:30;30.07.2025 19:30;0;0,21439;0;0;0;0;Filtered;Filtered;Weak Entry Signal;1
DOGEUSDT;Short;59.27110000288199;31.07.2025 0:00;31.07.2025 0:00;0;0,21959;0;0;0;0;Filtered;Filtered;Weak Entry Signal;1
DOGEUSDT;Short;64.93503594996034;31.07.2025 1:00;31.07.2025 1:00;0;0,22196;0;0;0;0;Filtered;Filtered;Weak Entry Signal;1
DOGEUSDT;Short;59.83711469130007;31.07.2025 9:25;31.07.2025 9:25;0;0,22466;0;0;0;0;Filtered;Filtered;Weak Entry Signal;1
DOGEUSDT;Long;35.72721137609831;31.07.2025 11:55;31.07.2025 11:55;0;0,22226;0;0;0;0;Filtered;Filtered;Weak Entry Signal;1
DOGEUSDT;Long;40.07615710019597;31.07.2025 12:25;31.07.2025 12:25;0;0,22204;0;0;0;0;Filtered;Filtered;Weak Entry Signal;1
DOGEUSDT;Long;38.34306790772729;31.07.2025 12:45;31.07.2025 12:45;0;0,22134;0;0;0;0;Filtered;Filtered;Weak Entry Signal;1
DOGEUSDT;Long;38.44829668128408;31.07.2025 13:35;31.07.2025 13:35;0;0,21913;0;0;0;0;Filtered;Filtered;Weak Entry Signal;1
DOGEUSDT;Long;35.07984390570775;31.07.2025 14:45;31.07.2025 14:45;0;0,21618;0;0;0;0;Filtered;Filtered;Weak Entry Signal;1
DOGEUSDT;Long;35.0375743988361;31.07.2025 15:00;31.07.2025 15:00;0;0,21561;0;0;0;0;Filtered;Filtered;Weak Entry Signal;1
DOGEUSDT;Long;38.11083113321834;31.07.2025 19:55;31.07.2025 19:55;0;0,21377;0;0;0;0;Filtered;Filtered;Weak Entry Signal;1
DOGEUSDT;Long;37.10259664428793;31.07.2025 20:10;31.07.2025 20:10;0;0,21303;0;0;0;0;Filtered;Filtered;Weak Entry Signal;1
DOGEUSDT;Long;40.658241897934445;31.07.2025 22:50;31.07.2025 22:50;0;0,21067;0;0;0;0;Filtered;Filtered;Weak Entry Signal;1
DOGEUSDT;Long;43.598648457663124;01.08.2025 0:35;01.08.2025 0:35;0;0,20878;0;0;0;0;Filtered;Filtered;Weak Entry Signal;1
DOGEUSDT;Short;58.34505777989997;01.08.2025 12:35;01.08.2025 12:35;0;0,20779;0;0;0;0;Filtered;Filtered;Weak Entry Signal;1
DOGEUSDT;Long;37.96361449740514;01.08.2025 17:55;01.08.2025 17:55;0;0,20607;0;0;0;0;Filtered;Filtered;Weak Entry Signal;1
DOGEUSDT;Long;40.06861861573423;01.08.2025 18:20;01.08.2025 18:20;0;0,20521;0;0;0;0;Filtered;Filtered;Weak Entry Signal;1
DOGEUSDT;Long;41.731115596523054;01.08.2025 23:05;01.08.2025 23:05;0;0,19972;0;0;0;0;Filtered;Filtered;Weak Entry Signal;1
DOGEUSDT;Long;24.731718615120883;02.08.2025 7:00;02.08.2025 7:00;02.08.2025 08:30;0,19698;0,19916;1,106711341;1,5;0,1910706;Profit;Reverse Signal (Short);;0
DOGEUSDT;Long;42.59333955849454;02.08.2025 15:05;02.08.2025 15:05;0;0,19653;0;0;0;0;Filtered;Filtered;Weak Entry Signal;1
DOGEUSDT;Long;40.24990794717949;02.08.2025 15:35;02.08.2025 15:35;0;0,19572;0;0;0;0;Filtered;Filtered;Weak Entry Signal;1
DOGEUSDT;Long;35.04956693186995;02.08.2025 18:55;02.08.2025 18:55;0;0,19093;0;0;0;0;Filtered;Filtered;Weak Entry Signal;1
DOGEUSDT;Short;57.879169936415074;03.08.2025 2:25;03.08.2025 2:25;0;0,1951;0;0;0;0;Filtered;Filtered;Weak Entry Signal;1
DOGEUSDT;Short;60.384529997281994;03.08.2025 3:00;03.08.2025 3:00;0;0,19578;0;0;0;0;Filtered;Filtered;Weak Entry Signal;1
DOGEUSDT;Short;57.17213640132151;03.08.2025 3:25;03.08.2025 3:25;0;0,19567;0;0;0;0;Filtered;Filtered;Weak Entry Signal;1
DOGEUSDT;Short;61.90733036489288;04.08.2025 1:05;04.08.2025 1:05;0;0,20156;0;0;0;0;Filtered;Filtered;Weak Entry Signal;1
DOGEUSDT;Long;43.74757487305737;04.08.2025 5:50;04.08.2025 5:50;0;0,20031;0;0;0;0;Filtered;Filtered;Weak Entry Signal;1
DOGEUSDT;Short;64.0805223158729;04.08.2025 7:55;04.08.2025 7:55;0;0,20306;0;0;0;0;Filtered;Filtered;Weak Entry Signal;1
DOGEUSDT;Short;58.6076462379623;04.08.2025 8:20;04.08.2025 8:20;0;0,20312;0;0;0;0;Filtered;Filtered;Weak Entry Signal;1
DOGEUSDT;Short;62.184678130792435;04.08.2025 14:35;04.08.2025 14:35;0;0,20473;0;0;0;0;Filtered;Filtered;Weak Entry Signal;1
DOGEUSDT;Short;64.88090334214553;04.08.2025 21:55;04.08.2025 21:55;0;0,20884;0;0;0;0;Filtered;Filtered;Weak Entry Signal;1
DOGEUSDT;Short;67.19236652556933;04.08.2025 22:15;04.08.2025 22:15;0;0,20932;0;0;0;0;Filtered;Filtered;Weak Entry Signal;1
DOGEUSDT;Short;65.1077335680322;04.08.2025 23:05;04.08.2025 23:05;0;0,21028;0;0;0;0;Filtered;Filtered;Weak Entry Signal;1
DOGEUSDT;Long;40.53124790566896;05.08.2025 4:05;05.08.2025 4:05;0;0,20664;0;0;0;0;Filtered;Filtered;Weak Entry Signal;1
DOGEUSDT;Long;39.405444166744644;05.08.2025 4:45;05.08.2025 4:45;0;0,20599;0;0;0;0;Filtered;Filtered;Weak Entry Signal;1
DOGEUSDT;Long;37.26275145564482;05.08.2025 8:15;05.08.2025 8:15;0;0,20267;0;0;0;0;Filtered;Filtered;Secondary TF Filter: Downtrend: avg_sma_change=-0.76, no_rsi_extreme=True;1
DOGEUSDT;Short;69.88921588755453;05.08.2025 10:45;05.08.2025 10:45;05.08.2025 13:15;0,20808;0,20414;1,893502499;2,5;0,2143224;Profit;Reverse Signal (Long);;0
DOGEUSDT;Long;40.87418813614814;05.08.2025 13:15;05.08.2025 13:15;0;0,20414;0;0;0;0;Filtered;Filtered;Weak Entry Signal;1
DOGEUSDT;Long;33.518484544757314;05.08.2025 14:55;05.08.2025 14:55;0;0,1992;0;0;0;0;Filtered;Filtered;Weak Entry Signal;1
DOGEUSDT;Long;34.32803236909382;05.08.2025 15:50;05.08.2025 15:50;0;0,19805;0;0;0;0;Filtered;Filtered;Weak Entry Signal;1
DOGEUSDT;Short;59.4531774117811;05.08.2025 23:50;05.08.2025 23:50;0;0,1997;0;0;0;0;Filtered;Filtered;Weak Entry Signal;1
DOGEUSDT;Long;39.25738098566894;06.08.2025 1:35;06.08.2025 1:35;0;0,19742;0;0;0;0;Filtered;Filtered;Weak Entry Signal;1
DOGEUSDT;Short;62.327908251063825;06.08.2025 5:50;06.08.2025 5:50;0;0,19982;0;0;0;0;Filtered;Filtered;Weak Entry Signal;1
DOGEUSDT;Short;58.696978256131494;06.08.2025 7:35;06.08.2025 7:35;0;0,2011;0;0;0;0;Filtered;Filtered;Weak Entry Signal;1
DOGEUSDT;Short;61.008279374469765;06.08.2025 15:40;06.08.2025 15:40;0;0,20319;0;0;0;0;Filtered;Filtered;Weak Entry Signal;1
DOGEUSDT;Short;60.63552801523768;06.08.2025 16:10;06.08.2025 16:10;0;0,20418;0;0;0;0;Filtered;Filtered;Weak Entry Signal;1
DOGEUSDT;Short;61.29434040669742;07.08.2025 6:25;07.08.2025 6:25;0;0,20572;0;0;0;0;Filtered;Filtered;Weak Entry Signal;1
DOGEUSDT;Short;59.53296344761671;07.08.2025 6:50;07.08.2025 6:50;0;0,20596;0;0;0;0;Filtered;Filtered;Weak Entry Signal;1
DOGEUSDT;Short;56.68659974423742;07.08.2025 7:25;07.08.2025 7:25;0;0,20609;0;0;0;0;Filtered;Filtered;Weak Entry Signal;1
DOGEUSDT;Short;75.2812658992674;07.08.2025 11:30;07.08.2025 11:30;0;0,21342;0;0;0;0;Filtered;Filtered;Secondary TF Filter: Recent bull cross at RSI_SMA=62.36;1
DOGEUSDT;Short;66.26485656239917;07.08.2025 20:10;07.08.2025 20:10;0;0,21697;0;0;0;0;Filtered;Filtered;Weak Entry Signal;1
DOGEUSDT;Short;67.38149772393271;07.08.2025 20:30;07.08.2025 20:30;0;0,21753;0;0;0;0;Filtered;Filtered;Secondary TF Filter: Uptrend: avg_sma_change=1.25, no_rsi_extreme=True;1
DOGEUSDT;Short;64.61213326717149;07.08.2025 20:50;07.08.2025 20:50;0;0,21793;0;0;0;0;Filtered;Filtered;Weak Entry Signal;1
DOGEUSDT;Short;65.29409574719759;07.08.2025 21:20;07.08.2025 21:20;0;0,21869;0;0;0;0;Filtered;Filtered;Weak Entry Signal;1
DOGEUSDT;Short;62.8755254221965;07.08.2025 21:35;07.08.2025 21:35;0;0,21872;0;0;0;0;Filtered;Filtered;Weak Entry Signal;1
DOGEUSDT;Short;63.1434450667073;07.08.2025 21:50;07.08.2025 21:50;0;0,21925;0;0;0;0;Filtered;Filtered;Weak Entry Signal;1
DOGEUSDT;Short;63.93368818866107;07.08.2025 22:05;07.08.2025 22:05;0;0,21957;0;0;0;0;Filtered;Filtered;Weak Entry Signal;1
DOGEUSDT;Short;64.70494861377762;07.08.2025 22:30;07.08.2025 22:30;0;0,22053;0;0;0;0;Filtered;Filtered;Weak Entry Signal;1
DOGEUSDT;Long;49.966562631545635;08.08.2025 6:10;08.08.2025 6:10;0;0,22098;0;0;0;0;Filtered;Filtered;Weak Entry Signal;1
DOGEUSDT;Short;64.39823901062685;08.08.2025 8:20;08.08.2025 8:20;0;0,22526;0;0;0;0;Filtered;Filtered;Weak Entry Signal;1
DOGEUSDT;Short;62.27444889159406;08.08.2025 14:10;08.08.2025 14:10;0;0,22594;0;0;0;0;Filtered;Filtered;Weak Entry Signal;1
DOGEUSDT;Short;72.00084519082225;08.08.2025 18:20;08.08.2025 18:20;09.08.2025 02:25;0,22873;0,23225;-1,538932366;8,083333333;0,2355919;Loss;Timeout;;0
DOGEUSDT;Short;63.89566662765502;08.08.2025 23:05;08.08.2025 23:05;0;0,23181;0;0;0;0;Filtered;Filtered;Weak Entry Signal;1
DOGEUSDT;Short;58.71601967555587;09.08.2025 6:00;09.08.2025 6:00;0;0,23468;0;0;0;0;Filtered;Filtered;Weak Entry Signal;1
DOGEUSDT;Long;32.33253682108146;10.08.2025 6:30;10.08.2025 6:30;0;0,23672;0;0;0;0;Filtered;Filtered;Weak Entry Signal;1
DOGEUSDT;Long;31.510379661434385;10.08.2025 8:10;10.08.2025 8:10;10.08.2025 09:50;0,23127;0,23367;1,037748087;1,666666667;0,2243319;Profit;Reverse Signal (Short);;0
DOGEUSDT;Short;58.71990160338872;10.08.2025 15:15;10.08.2025 15:15;0;0,2338;0;0;0;0;Filtered;Filtered;Weak Entry Signal;1
DOGEUSDT;Short;70.24121964244698;11.08.2025 2:55;11.08.2025 2:55;0;0,24053;0;0;0;0;Filtered;Filtered;Secondary TF Filter: Uptrend: avg_sma_change=2.21, no_rsi_extreme=True;1
DOGEUSDT;Long;38.25273080629325;11.08.2025 8:10;11.08.2025 8:10;0;0,2341;0;0;0;0;Filtered;Filtered;Weak Entry Signal;1
DOGEUSDT;Long;30.406725149623014;11.08.2025 11:55;11.08.2025 11:55;11.08.2025 14:40;0,22833;0,22928;0,416064468;2,75;0,2214801;Profit;Reverse Signal (Short);;0
DOGEUSDT;Long;36.14880387425172;11.08.2025 12:50;11.08.2025 12:50;0;0,22766;0;0;0;0;Filtered;Filtered;Weak Entry Signal;1
DOGEUSDT;Long;36.598474388954074;11.08.2025 13:15;11.08.2025 13:15;0;0,22674;0;0;0;0;Filtered;Filtered;Weak Entry Signal;1
DOGEUSDT;Long;39.71708975358648;11.08.2025 20:25;11.08.2025 20:25;0;0,22729;0;0;0;0;Filtered;Filtered;Weak Entry Signal;1
DOGEUSDT;Long;34.354863292495494;11.08.2025 22:30;11.08.2025 22:30;0;0,22281;0;0;0;0;Filtered;Filtered;Secondary TF Filter: Downtrend: avg_sma_change=-2.37, no_rsi_extreme=True;1
DOGEUSDT;Long;43.154238713037785;12.08.2025 10:20;12.08.2025 10:20;0;0,22184;0;0;0;0;Filtered;Filtered;Weak Entry Signal;1
DOGEUSDT;Long;41.00789158911186;12.08.2025 10:45;12.08.2025 10:45;0;0,22114;0;0;0;0;Filtered;Filtered;Weak Entry Signal;1
DOGEUSDT;Short;56.294577882799466;12.08.2025 13:00;12.08.2025 13:00;0;0,22448;0;0;0;0;Filtered;Filtered;Weak Entry Signal;1
DOGEUSDT;Short;65.02110231736953;12.08.2025 16:05;12.08.2025 16:05;0;0,22912;0;0;0;0;Filtered;Filtered;Weak Entry Signal;1
DOGEUSDT;Short;62.56437222182157;12.08.2025 17:25;12.08.2025 17:25;0;0,23178;0;0;0;0;Filtered;Filtered;Weak Entry Signal;1
DOGEUSDT;Short;59.07137395308315;12.08.2025 18:30;12.08.2025 18:30;0;0,23324;0;0;0;0;Filtered;Filtered;Weak Entry Signal;1
DOGEUSDT;Short;61.16315994732918;12.08.2025 20:05;12.08.2025 20:05;0;0,23528;0;0;0;0;Filtered;Filtered;Weak Entry Signal;1
DOGEUSDT;Long;36.90901856487621;13.08.2025 2:15;13.08.2025 2:15;0;0,23235;0;0;0;0;Filtered;Filtered;Weak Entry Signal;1
DOGEUSDT;Short;62.05446987889104;13.08.2025 3:55;13.08.2025 3:55;0;0,23822;0;0;0;0;Filtered;Filtered;Weak Entry Signal;1
DOGEUSDT;Short;62.31120242368074;13.08.2025 4:25;13.08.2025 4:25;0;0,2394;0;0;0;0;Filtered;Filtered;Weak Entry Signal;1
DOGEUSDT;Short;72.61459600352653;13.08.2025 8:50;13.08.2025 8:50;13.08.2025 14:45;0,24916;0,24254;2,656927276;5,916666667;0,2566348;Profit;Reverse Signal (Long);;0
DOGEUSDT;Long;41.180865376997694;13.08.2025 15:10;13.08.2025 15:10;0;0,24133;0;0;0;0;Filtered;Filtered;Weak Entry Signal;1
DOGEUSDT;Short;58.03421465276059;13.08.2025 23:25;13.08.2025 23:25;0;0,24553;0;0;0;0;Filtered;Filtered;Weak Entry Signal;1
DOGEUSDT;Short;54.8064363774474;13.08.2025 23:40;13.08.2025 23:40;0;0,24536;0;0;0;0;Filtered;Filtered;Weak Entry Signal;1
DOGEUSDT;Short;66.00459415858336;14.08.2025 3:20;14.08.2025 3:20;0;0,25383;0;0;0;0;Filtered;Filtered;Weak Entry Signal;1
DOGEUSDT;Long;35.42759957284596;14.08.2025 6:25;14.08.2025 6:25;0;0,24585;0;0;0;0;Filtered;Filtered;Weak Entry Signal;1
DOGEUSDT;Long;40.261367762917125;14.08.2025 7:55;14.08.2025 7:55;0;0,24502;0;0;0;0;Filtered;Filtered;Weak Entry Signal;1
DOGEUSDT;Long;38.58678144484718;14.08.2025 8:25;14.08.2025 8:25;0;0,24359;0;0;0;0;Filtered;Filtered;Weak Entry Signal;1
DOGEUSDT;Long;35.795653183519434;14.08.2025 8:55;14.08.2025 8:55;0;0,24213;0;0;0;0;Filtered;Filtered;Weak Entry Signal;1
DOGEUSDT;Long;44.33657217800436;14.08.2025 10:15;14.08.2025 10:15;0;0,24151;0;0;0;0;Filtered;Filtered;Weak Entry Signal;1
DOGEUSDT;Long;37.83490709556188;14.08.2025 11:15;14.08.2025 11:15;0;0,23836;0;0;0;0;Filtered;Filtered;Weak Entry Signal;1
DOGEUSDT;Long;34.71081420876608;14.08.2025 11:30;14.08.2025 11:30;0;0,23766;0;0;0;0;Filtered;Filtered;Weak Entry Signal;1
DOGEUSDT;Long;38.86904855444488;14.08.2025 13:05;14.08.2025 13:05;0;0,22659;0;0;0;0;Filtered;Filtered;Weak Entry Signal;1
DOGEUSDT;Long;41.24495664436612;14.08.2025 21:45;14.08.2025 21:45;0;0,22047;0;0;0;0;Filtered;Filtered;Weak Entry Signal;1
DOGEUSDT;Long;38.69834697139035;14.08.2025 22:05;14.08.2025 22:05;0;0,2195;0;0;0;0;Filtered;Filtered;Weak Entry Signal;1
DOGEUSDT;Short;64.12420368236744;15.08.2025 0:15;15.08.2025 0:15;0;0,22445;0;0;0;0;Filtered;Filtered;Weak Entry Signal;1
DOGEUSDT;Short;63.42550584706964;15.08.2025 2:15;15.08.2025 2:15;0;0,22626;0;0;0;0;Filtered;Filtered;Weak Entry Signal;1
DOGEUSDT;Short;61.90724695700078;15.08.2025 2:40;15.08.2025 2:40;0;0,22664;0;0;0;0;Filtered;Filtered;Weak Entry Signal;1
DOGEUSDT;Short;67.66584039456868;15.08.2025 4:20;15.08.2025 4:20;0;0,23079;0;0;0;0;Filtered;Filtered;Weak Entry Signal;1
DOGEUSDT;Long;41.11753202902983;15.08.2025 15:15;15.08.2025 15:15;0;0,22534;0;0;0;0;Filtered;Filtered;Weak Entry Signal;1
DOGEUSDT;Long;35.789874885826706;15.08.2025 15:30;15.08.2025 15:30;0;0,22343;0;0;0;0;Filtered;Filtered;Weak Entry Signal;1
DOGEUSDT;Long;39.856617218000046;15.08.2025 15:50;15.08.2025 15:50;0;0,22316;0;0;0;0;Filtered;Filtered;Weak Entry Signal;1
DOGEUSDT;Long;36.608374400884806;15.08.2025 16:10;15.08.2025 16:10;0;0,22134;0;0;0;0;Filtered;Filtered;Weak Entry Signal;1
DOGEUSDT;Short;63.21999271274597;15.08.2025 22:00;15.08.2025 22:00;0;0,22882;0;0;0;0;Filtered;Filtered;Weak Entry Signal;1
DOGEUSDT;Short;58.81493205246002;16.08.2025 1:15;16.08.2025 1:15;0;0,2331;0;0;0;0;Filtered;Filtered;Weak Entry Signal;1
DOGEUSDT;Long;37.843316627616225;16.08.2025 6:15;16.08.2025 6:15;0;0,23099;0;0;0;0;Filtered;Filtered;Weak Entry Signal;1
DOGEUSDT;Long;44.535948968208395;16.08.2025 6:45;16.08.2025 6:45;0;0,23096;0;0;0;0;Filtered;Filtered;Weak Entry Signal;1
DOGEUSDT;Short;52.7832554969159;16.08.2025 8:00;16.08.2025 8:00;0;0,23251;0;0;0;0;Filtered;Filtered;Weak Entry Signal;1
DOGEUSDT;Short;61.521189472875356;16.08.2025 9:40;16.08.2025 9:40;0;0,23407;0;0;0;0;Filtered;Filtered;Weak Entry Signal;1
DOGEUSDT;Long;37.42213327263895;16.08.2025 11:00;16.08.2025 11:00;0;0,23005;0;0;0;0;Filtered;Filtered;Weak Entry Signal;1
DOGEUSDT;Long;37.07088446207331;16.08.2025 12:25;16.08.2025 12:25;0;0,22724;0;0;0;0;Filtered;Filtered;Weak Entry Signal;1
DOGEUSDT;Short;59.586640328515685;17.08.2025 3:20;17.08.2025 3:20;0;0,23268;0;0;0;0;Filtered;Filtered;Weak Entry Signal;1
DOGEUSDT;Short;63.07632831253096;17.08.2025 3:45;17.08.2025 3:45;0;0,23366;0;0;0;0;Filtered;Filtered;Weak Entry Signal;1
DOGEUSDT;Short;64.74624522113447;17.08.2025 4:05;17.08.2025 4:05;0;0,23412;0;0;0;0;Filtered;Filtered;Weak Entry Signal;1
DOGEUSDT;Short;66.20741646928555;17.08.2025 5:00;17.08.2025 5:00;0;0,2353;0;0;0;0;Filtered;Filtered;Weak Entry Signal;1
DOGEUSDT;Short;73.12510078326459;17.08.2025 16:10;17.08.2025 16:10;0;0,2409;0;0;0;0;Filtered;Filtered;Secondary TF Filter: Recent bull cross at RSI_SMA=64.47;1
DOGEUSDT;Long;34.950500212471724;17.08.2025 19:05;17.08.2025 19:05;0;0,23367;0;0;0;0;Filtered;Filtered;Weak Entry Signal;1
DOGEUSDT;Long;39.00999828938884;17.08.2025 19:20;17.08.2025 19:20;0;0,23381;0;0;0;0;Filtered;Filtered;Weak Entry Signal;1
DOGEUSDT;Long;32.54980847256063;17.08.2025 19:35;17.08.2025 19:35;0;0,23274;0;0;0;0;Filtered;Filtered;Weak Entry Signal;1
DOGEUSDT;Long;39.10416400815689;17.08.2025 20:10;17.08.2025 20:10;0;0,23269;0;0;0;0;Filtered;Filtered;Weak Entry Signal;1
DOGEUSDT;Short;62.60765604086424;17.08.2025 23:00;17.08.2025 23:00;0;0,23671;0;0;0;0;Filtered;Filtered;Weak Entry Signal;1
DOGEUSDT;Long;25.361842674350356;18.08.2025 2:10;18.08.2025 2:10;0;0,22765;0;0;0;0;Filtered;Filtered;Secondary TF Filter: Downtrend: avg_sma_change=-1.13, no_rsi_extreme=True;1
DOGEUSDT;Long;21.367002070706533;18.08.2025 2:30;18.08.2025 2:30;0;0,22645;0;0;0;0;Filtered;Filtered;Secondary TF Filter: Downtrend: avg_sma_change=-1.13, no_rsi_extreme=True;1
DOGEUSDT;Short;55.8057151985065;18.08.2025 13:05;18.08.2025 13:05;0;0,2235;0;0;0;0;Filtered;Filtered;Weak Entry Signal;1
DOGEUSDT;Short;63.50261443748198;18.08.2025 22:35;18.08.2025 22:35;0;0,22624;0;0;0;0;Filtered;Filtered;Weak Entry Signal;1
DOGEUSDT;Long;37.71288217285535;19.08.2025 0:00;19.08.2025 0:00;0;0,22279;0;0;0;0;Filtered;Filtered;Weak Entry Signal;1
DOGEUSDT;Long;35.71010001197163;19.08.2025 0:30;19.08.2025 0:30;0;0,22184;0;0;0;0;Filtered;Filtered;Weak Entry Signal;1
DOGEUSDT;Long;41.43532323250869;19.08.2025 3:15;19.08.2025 3:15;0;0,2207;0;0;0;0;Filtered;Filtered;Weak Entry Signal;1
DOGEUSDT;Long;31.085399942909106;19.08.2025 4:15;19.08.2025 4:15;19.08.2025 05:50;0,21619;0,21747;0,592071789;1,583333333;0,2097043;Profit;Reverse Signal (Short);;0
DOGEUSDT;Short;55.876240037814334;19.08.2025 11:00;19.08.2025 11:00;0;0,21954;0;0;0;0;Filtered;Filtered;Weak Entry Signal;1
DOGEUSDT;Long;37.751226070521504;19.08.2025 16:40;19.08.2025 16:40;0;0,21344;0;0;0;0;Filtered;Filtered;Weak Entry Signal;1
DOGEUSDT;Long;47.304797114308904;20.08.2025 0:00;20.08.2025 0:00;0;0,21103;0;0;0;0;Filtered;Filtered;Weak Entry Signal;1
DOGEUSDT;Long;38.26551612309807;20.08.2025 14:15;20.08.2025 14:15;0;0,2102;0;0;0;0;Filtered;Filtered;Weak Entry Signal;1
DOGEUSDT;Short;62.40799511164008;20.08.2025 15:40;20.08.2025 15:40;0;0,21649;0;0;0;0;Filtered;Filtered;Weak Entry Signal;1
DOGEUSDT;Short;61.43723352887751;20.08.2025 16:30;20.08.2025 16:30;0;0,21756;0;0;0;0;Filtered;Filtered;Weak Entry Signal;1
DOGEUSDT;Short;60.49290516875044;20.08.2025 17:10;20.08.2025 17:10;0;0,21819;0;0;0;0;Filtered;Filtered;Weak Entry Signal;1
DOGEUSDT;Short;61.42165504717421;20.08.2025 20:15;20.08.2025 20:15;0;0,22079;0;0;0;0;Filtered;Filtered;Weak Entry Signal;1
DOGEUSDT;Long;31.34934802724503;21.08.2025 9:30;21.08.2025 9:30;21.08.2025 14:30;0,21853;0,21897;0,201345353;5;0,2119741;Profit;Reverse Signal (Short);;0
DOGEUSDT;Long;41.88113416083104;21.08.2025 10:05;21.08.2025 10:05;0;0,21866;0;0;0;0;Filtered;Filtered;Weak Entry Signal;1
DOGEUSDT;Long;43.47975728451207;21.08.2025 12:20;21.08.2025 12:20;0;0,21742;0;0;0;0;Filtered;Filtered;Weak Entry Signal;1
DOGEUSDT;Long;42.386550611471485;21.08.2025 20:40;21.08.2025 20:40;0;0,21498;0;0;0;0;Filtered;Filtered;Weak Entry Signal;1
DOGEUSDT;Short;60.24345875742677;22.08.2025 2:50;22.08.2025 2:50;0;0,2184;0;0;0;0;Filtered;Filtered;Weak Entry Signal;1
DOGEUSDT;Long;25.530591694598414;22.08.2025 11:40;22.08.2025 11:40;22.08.2025 14:55;0,21255;0,22865;7,574688309;3,25;0,2061735;Profit;Reverse Signal (Short);;0
DOGEUSDT;Long;22.19207912048975;22.08.2025 12:10;22.08.2025 12:10;22.08.2025 14:55;0,21086;0,22865;8,436877549;2,75;0,2045342;Profit;Reverse Signal (Short);;0
DOGEUSDT;Long;23.935052418659765;22.08.2025 12:25;22.08.2025 12:25;22.08.2025 14:55;0,21014;0,22865;8,808413439;2,5;0,2038358;Profit;Reverse Signal (Short);;0
DOGEUSDT;Long;37.298437171512894;22.08.2025 12:40;22.08.2025 12:40;22.08.2025 14:55;0,21042;0,22865;8,663625131;2,25;0,2041074;Profit;Reverse Signal (Short);;0
DOGEUSDT;Short;72.25937589037619;22.08.2025 14:55;22.08.2025 14:55;0;0,22865;0;0;0;0;Filtered;Filtered;Secondary TF Filter: Uptrend: avg_sma_change=1.05, no_rsi_extreme=True;1
DOGEUSDT;Short;69.98156722643446;22.08.2025 16:10;22.08.2025 16:10;0;0,23539;0;0;0;0;Filtered;Filtered;Secondary TF Filter: Uptrend: avg_sma_change=0.85, no_rsi_extreme=True;1
DOGEUSDT;Short;67.63239583319313;22.08.2025 16:35;22.08.2025 16:35;0;0,23563;0;0;0;0;Filtered;Filtered;Secondary TF Filter: Uptrend: avg_sma_change=1.02, no_rsi_extreme=True;1
DOGEUSDT;Long;28.826730195833022;23.08.2025 1:45;23.08.2025 1:45;23.08.2025 05:50;0,23422;0,23737;1,34488942;4,083333333;0,2271934;Profit;Reverse Signal (Short);;0
DOGEUSDT;Long;28.450290249793966;23.08.2025 2:45;23.08.2025 2:45;0;0,23094;0;0;0;0;Filtered;Filtered;Secondary TF Filter: Recent bear cross at RSI_SMA=75.89;1
DOGEUSDT;Short;68.13118972656066;23.08.2025 6:05;23.08.2025 6:05;0;0,23776;0;0;0;0;Filtered;Filtered;Secondary TF Filter: Uptrend: avg_sma_change=1.20, no_rsi_extreme=True;1
DOGEUSDT;Short;58.72569757354156;23.08.2025 7:00;23.08.2025 7:00;0;0,23787;0;0;0;0;Filtered;Filtered;Weak Entry Signal;1
DOGEUSDT;Long;41.88250328157683;23.08.2025 11:35;23.08.2025 11:35;0;0,23621;0;0;0;0;Filtered;Filtered;Weak Entry Signal;1
DOGEUSDT;Long;37.25343851751097;23.08.2025 21:35;23.08.2025 21:35;0;0,23493;0;0;0;0;Filtered;Filtered;Weak Entry Signal;1
DOGEUSDT;Short;63.260011822950744;24.08.2025 0:55;24.08.2025 0:55;0;0,23791;0;0;0;0;Filtered;Filtered;Weak Entry Signal;1
DOGEUSDT;Long;28.97157440538284;24.08.2025 7:00;24.08.2025 7:00;24.08.2025 15:05;0,23248;0,23328;0,344115623;8,083333333;0,2255056;Profit;Timeout;;0
DOGEUSDT;Long;41.969781780038346;24.08.2025 10:50;24.08.2025 10:50;0;0,23054;0;0;0;0;Filtered;Filtered;Weak Entry Signal;1
DOGEUSDT;Long;34.50327862728298;24.08.2025 11:20;24.08.2025 11:20;0;0,22899;0;0;0;0;Filtered;Filtered;Weak Entry Signal;1
DOGEUSDT;Short;55.50766490874045;24.08.2025 15:35;24.08.2025 15:35;0;0,23211;0;0;0;0;Filtered;Filtered;Weak Entry Signal;1
DOGEUSDT;Short;76.23414057201701;24.08.2025 19:20;24.08.2025 19:20;0;0,24406;0;0;0;0;Filtered;Filtered;Secondary TF Filter: Recent bull cross at RSI_SMA=33.36;1
DOGEUSDT;Long;40.85801412605732;25.08.2025 1:10;25.08.2025 1:10;0;0,22847;0;0;0;0;Filtered;Filtered;Weak Entry Signal;1
DOGEUSDT;Short;59.92068093074515;25.08.2025 3:00;25.08.2025 3:00;0;0,2331;0;0;0;0;Filtered;Filtered;Weak Entry Signal;1
DOGEUSDT;Long;36.503874762496835;25.08.2025 5:15;25.08.2025 5:15;0;0,22848;0;0;0;0;Filtered;Filtered;Weak Entry Signal;1
DOGEUSDT;Long;36.98433151422813;25.08.2025 5:40;25.08.2025 5:40;0;0,22794;0;0;0;0;Filtered;Filtered;Weak Entry Signal;1
DOGEUSDT;Long;34.34107793829587;25.08.2025 6:20;25.08.2025 6:20;0;0,22647;0;0;0;0;Filtered;Filtered;Weak Entry Signal;1
DOGEUSDT;Long;30.747206464847608;25.08.2025 7:00;25.08.2025 7:00;25.08.2025 12:35;0,22362;0,21965;-1,775333154;5,583333333;0,2169114;Loss;Reverse Signal (Short);;0
DOGEUSDT;Long;31.191332695781583;25.08.2025 7:35;25.08.2025 7:35;25.08.2025 12:35;0,22214;0,21965;-1,120914738;5;0,2154758;Loss;Reverse Signal (Short);;0
DOGEUSDT;Long;33.750670745182035;25.08.2025 8:10;25.08.2025 8:10;25.08.2025 12:35;0,22068;0,21965;-0,46673917;4,416666667;0,2140596;Loss;Reverse Signal (Short);;0
DOGEUSDT;Long;27.43248604024113;25.08.2025 20:40;25.08.2025 20:40;0;0,20894;0;0;0;0;Filtered;Filtered;Secondary TF Filter: Downtrend: avg_sma_change=-1.71, no_rsi_extreme=True;1
DOGEUSDT;Long;25.98818115753764;25.08.2025 21:00;25.08.2025 21:00;0;0,2074;0;0;0;0;Filtered;Filtered;Secondary TF Filter: Downtrend: avg_sma_change=-1.71, no_rsi_extreme=True;1
DOGEUSDT;Short;56.79590317176173;26.08.2025 5:25;26.08.2025 5:25;0;0,21163;0;0;0;0;Filtered;Filtered;Weak Entry Signal;1
DOGEUSDT;Long;47.278060662340884;26.08.2025 7:25;26.08.2025 7:25;0;0,21008;0;0;0;0;Filtered;Filtered;Weak Entry Signal;1
DOGEUSDT;Short;59.04693646043958;26.08.2025 19:00;26.08.2025 19:00;0;0,21635;0;0;0;0;Filtered;Filtered;Weak Entry Signal;1
DOGEUSDT;Short;68.67984569009505;26.08.2025 20:00;26.08.2025 20:00;0;0,21887;0;0;0;0;Filtered;Filtered;Weak Entry Signal;1
DOGEUSDT;Short;69.17384904450215;26.08.2025 20:15;26.08.2025 20:15;0;0,21923;0;0;0;0;Filtered;Filtered;Secondary TF Filter: Uptrend: avg_sma_change=2.45, no_rsi_extreme=True;1
DOGEUSDT;Long;41.351311574039855;27.08.2025 1:20;27.08.2025 1:20;0;0,21688;0;0;0;0;Filtered;Filtered;Weak Entry Signal;1
DOGEUSDT;Short;63.8838563740644;27.08.2025 4:20;27.08.2025 4:20;0;0,22139;0;0;0;0;Filtered;Filtered;Weak Entry Signal;1
DOGEUSDT;Short;69.07151811713167;27.08.2025 4:50;27.08.2025 4:50;0;0,22263;0;0;0;0;Filtered;Filtered;Weak Entry Signal;1
DOGEUSDT;Long;34.96044325255687;27.08.2025 7:50;27.08.2025 7:50;0;0,21891;0;0;0;0;Filtered;Filtered;Weak Entry Signal;1
DOGEUSDT;Long;35.05600356281728;27.08.2025 8:20;27.08.2025 8:20;0;0,21856;0;0;0;0;Filtered;Filtered;Weak Entry Signal;1
DOGEUSDT;Short;57.06773229391514;27.08.2025 18:25;27.08.2025 18:25;0;0,22256;0;0;0;0;Filtered;Filtered;Weak Entry Signal;1
DOGEUSDT;Short;66.14719817495165;28.08.2025 5:10;28.08.2025 5:10;0;0,22443;0;0;0;0;Filtered;Filtered;Weak Entry Signal;1
SHIBUSDT;Long;38.70229112365304;29.07.2025 14:40;29.07.2025 14:40;0;1,32E-05;0;0;0;0;Filtered;Filtered;Weak Entry Signal;1
SHIBUSDT;Long;37.278585663343804;29.07.2025 14:55;29.07.2025 14:55;0;1,31E-05;0;0;0;0;Filtered;Filtered;Weak Entry Signal;1
SHIBUSDT;Long;35.85562833849137;29.07.2025 15:35;29.07.2025 15:35;0;1,31E-05;0;0;0;0;Filtered;Filtered;Weak Entry Signal;1
SHIBUSDT;Long;44.23877947897567;29.07.2025 16:40;29.07.2025 16:40;0;1,30E-05;0;0;0;0;Filtered;Filtered;Weak Entry Signal;1
SHIBUSDT;Long;40.28781725865032;29.07.2025 20:40;29.07.2025 20:40;0;1,30E-05;0;0;0;0;Filtered;Filtered;Weak Entry Signal;1
SHIBUSDT;Short;59.78717097091494;29.07.2025 23:30;29.07.2025 23:30;0;1,31E-05;0;0;0;0;Filtered;Filtered;Weak Entry Signal;1
SHIBUSDT;Long;40.00010524969181;30.07.2025 8:15;30.07.2025 8:15;0;1,30E-05;0;0;0;0;Filtered;Filtered;Weak Entry Signal;1
SHIBUSDT;Long;29.715665983042413;30.07.2025 11:55;30.07.2025 11:55;30.07.2025 14:00;1,27E-05;1,28E-05;0,605965216;2,083333333;1,23E-05;Profit;Reverse Signal (Short);;0
SHIBUSDT;Long;30.00186683903702;30.07.2025 12:10;30.07.2025 12:10;30.07.2025 14:00;1,27E-05;1,28E-05;0,788394828;1,833333333;1,23E-05;Profit;Reverse Signal (Short);;0
SHIBUSDT;Short;58.38425657393139;30.07.2025 15:05;30.07.2025 15:05;0;1,29E-05;0;0;0;0;Filtered;Filtered;Weak Entry Signal;1
SHIBUSDT;Long;35.6476681276081;30.07.2025 19:25;30.07.2025 19:25;0;1,26E-05;0;0;0;0;Filtered;Filtered;Weak Entry Signal;1
SHIBUSDT;Short;62.99447346804444;31.07.2025 0:00;31.07.2025 0:00;0;1,29E-05;0;0;0;0;Filtered;Filtered;Weak Entry Signal;1
SHIBUSDT;Short;71.17308036183536;31.07.2025 1:00;31.07.2025 1:00;0;1,30E-05;0;0;0;0;Filtered;Filtered;Secondary TF Filter: Recent bull cross at RSI_SMA=39.04;1
SHIBUSDT;Long;38.64727483499246;31.07.2025 12:25;31.07.2025 12:25;0;1,30E-05;0;0;0;0;Filtered;Filtered;Weak Entry Signal;1
SHIBUSDT;Long;32.093464297758445;31.07.2025 12:45;31.07.2025 12:45;31.07.2025 16:45;1,29E-05;1,29E-05;-0,154571451;4;1,26E-05;Loss;Reverse Signal (Short);;0
SHIBUSDT;Long;29.38282341842779;31.07.2025 13:15;31.07.2025 13:15;31.07.2025 16:45;1,28E-05;1,29E-05;0,552615193;3,5;1,25E-05;Profit;Reverse Signal (Short);;0
SHIBUSDT;Long;35.97584946063816;31.07.2025 13:35;31.07.2025 13:35;31.07.2025 16:45;1,28E-05;1,29E-05;0,677992519;3,166666667;1,24E-05;Profit;Reverse Signal (Short);;0
SHIBUSDT;Long;34.46812143223286;31.07.2025 14:30;31.07.2025 14:30;0;1,27E-05;0;0;0;0;Filtered;Filtered;Weak Entry Signal;1
SHIBUSDT;Long;39.774307384417654;31.07.2025 14:45;31.07.2025 14:45;0;1,27E-05;0;0;0;0;Filtered;Filtered;Weak Entry Signal;1
SHIBUSDT;Long;46.60247320393096;31.07.2025 20:15;31.07.2025 20:15;0;1,27E-05;0;0;0;0;Filtered;Filtered;Weak Entry Signal;1
SHIBUSDT;Long;42.864985962284656;31.07.2025 20:40;31.07.2025 20:40;0;1,27E-05;0;0;0;0;Filtered;Filtered;Weak Entry Signal;1
SHIBUSDT;Long;43.84358764847471;31.07.2025 20:55;31.07.2025 20:55;0;1,27E-05;0;0;0;0;Filtered;Filtered;Weak Entry Signal;1
SHIBUSDT;Long;41.64679801167441;31.07.2025 22:50;31.07.2025 22:50;0;1,25E-05;0;0;0;0;Filtered;Filtered;Weak Entry Signal;1
SHIBUSDT;Long;40.2596307564887;01.08.2025 0:35;01.08.2025 0:35;0;1,24E-05;0;0;0;0;Filtered;Filtered;Weak Entry Signal;1
SHIBUSDT;Long;38.00200455609732;01.08.2025 6:30;01.08.2025 6:30;0;1,22E-05;0;0;0;0;Filtered;Filtered;Weak Entry Signal;1
SHIBUSDT;Short;59.8464498790448;01.08.2025 12:35;01.08.2025 12:35;0;1,23E-05;0;0;0;0;Filtered;Filtered;Weak Entry Signal;1
SHIBUSDT;Short;55.992797181565564;01.08.2025 13:20;01.08.2025 13:20;0;1,23E-05;0;0;0;0;Filtered;Filtered;Weak Entry Signal;1
SHIBUSDT;Long;40.037437534581045;01.08.2025 17:55;01.08.2025 17:55;0;1,22E-05;0;0;0;0;Filtered;Filtered;Weak Entry Signal;1
SHIBUSDT;Long;37.071055913606884;01.08.2025 22:55;01.08.2025 22:55;0;1,19E-05;0;0;0;0;Filtered;Filtered;Weak Entry Signal;1
SHIBUSDT;Short;61.78356678822241;02.08.2025 2:45;02.08.2025 2:45;0;1,22E-05;0;0;0;0;Filtered;Filtered;Weak Entry Signal;1
SHIBUSDT;Short;57.41939959503817;02.08.2025 3:10;02.08.2025 3:10;0;1,22E-05;0;0;0;0;Filtered;Filtered;Weak Entry Signal;1
SHIBUSDT;Long;34.674068842685685;02.08.2025 7:00;02.08.2025 7:00;0;1,20E-05;0;0;0;0;Filtered;Filtered;Weak Entry Signal;1
SHIBUSDT;Long;40.98139964628778;02.08.2025 15:35;02.08.2025 15:35;0;1,20E-05;0;0;0;0;Filtered;Filtered;Weak Entry Signal;1
SHIBUSDT;Long;33.51593483357989;02.08.2025 18:55;02.08.2025 18:55;0;1,17E-05;0;0;0;0;Filtered;Filtered;Weak Entry Signal;1
SHIBUSDT;Short;60.08913978847877;03.08.2025 2:25;03.08.2025 2:25;0;1,20E-05;0;0;0;0;Filtered;Filtered;Weak Entry Signal;1
SHIBUSDT;Short;61.71307804332463;03.08.2025 3:05;03.08.2025 3:05;0;1,20E-05;0;0;0;0;Filtered;Filtered;Weak Entry Signal;1
SHIBUSDT;Short;61.21356509811603;03.08.2025 7:45;03.08.2025 7:45;0;1,20E-05;0;0;0;0;Filtered;Filtered;Weak Entry Signal;1
SHIBUSDT;Short;62.94749887800193;03.08.2025 8:00;03.08.2025 8:00;0;1,21E-05;0;0;0;0;Filtered;Filtered;Weak Entry Signal;1
SHIBUSDT;Short;58.76230988378798;03.08.2025 8:15;03.08.2025 8:15;0;1,21E-05;0;0;0;0;Filtered;Filtered;Weak Entry Signal;1
SHIBUSDT;Short;56.336406378336804;03.08.2025 9:05;03.08.2025 9:05;0;1,21E-05;0;0;0;0;Filtered;Filtered;Weak Entry Signal;1
SHIBUSDT;Short;62.037892653113154;03.08.2025 10:20;03.08.2025 10:20;0;1,21E-05;0;0;0;0;Filtered;Filtered;Weak Entry Signal;1
SHIBUSDT;Short;63.52510469522918;03.08.2025 10:40;03.08.2025 10:40;0;1,21E-05;0;0;0;0;Filtered;Filtered;Weak Entry Signal;1
SHIBUSDT;Short;65.88617524137223;03.08.2025 11:25;03.08.2025 11:25;0;1,22E-05;0;0;0;0;Filtered;Filtered;Weak Entry Signal;1
SHIBUSDT;Short;68.2352665773836;04.08.2025 1:05;04.08.2025 1:05;0;1,24E-05;0;0;0;0;Filtered;Filtered;Weak Entry Signal;1
SHIBUSDT;Short;53.31697947378723;04.08.2025 8:25;04.08.2025 8:25;0;1,23E-05;0;0;0;0;Filtered;Filtered;Weak Entry Signal;1
SHIBUSDT;Short;60.73452488706779;04.08.2025 14:35;04.08.2025 14:35;0;1,24E-05;0;0;0;0;Filtered;Filtered;Weak Entry Signal;1
SHIBUSDT;Short;63.63086773409915;04.08.2025 17:20;04.08.2025 17:20;0;1,25E-05;0;0;0;0;Filtered;Filtered;Weak Entry Signal;1
SHIBUSDT;Short;61.03239742494008;04.08.2025 21:55;04.08.2025 21:55;0;1,25E-05;0;0;0;0;Filtered;Filtered;Weak Entry Signal;1
SHIBUSDT;Short;59.00046206470658;04.08.2025 22:25;04.08.2025 22:25;0;1,25E-05;0;0;0;0;Filtered;Filtered;Weak Entry Signal;1
SHIBUSDT;Short;60.18236034200416;04.08.2025 23:05;04.08.2025 23:05;0;1,25E-05;0;0;0;0;Filtered;Filtered;Weak Entry Signal;1
SHIBUSDT;Long;41.68580201827222;05.08.2025 2:45;05.08.2025 2:45;0;1,25E-05;0;0;0;0;Filtered;Filtered;Weak Entry Signal;1
SHIBUSDT;Long;31.208611824594968;05.08.2025 4:05;05.08.2025 4:05;05.08.2025 06:40;1,23E-05;1,24E-05;0,429915639;2,583333333;1,20E-05;Profit;Reverse Signal (Short);;0
SHIBUSDT;Long;41.137851931334716;05.08.2025 8:15;05.08.2025 8:15;0;1,22E-05;0;0;0;0;Filtered;Filtered;Secondary TF Filter: Downtrend: avg_sma_change=-0.71, no_rsi_extreme=True;1
SHIBUSDT;Long;38.2838035900021;05.08.2025 8:40;05.08.2025 8:40;0;1,21E-05;0;0;0;0;Filtered;Filtered;Weak Entry Signal;1
SHIBUSDT;Short;61.065946270388814;05.08.2025 11:00;05.08.2025 11:00;0;1,23E-05;0;0;0;0;Filtered;Filtered;Weak Entry Signal;1
SHIBUSDT;Short;67.14207714954634;05.08.2025 11:25;05.08.2025 11:25;0;1,24E-05;0;0;0;0;Filtered;Filtered;Weak Entry Signal;1
SHIBUSDT;Long;42.169592239247244;05.08.2025 13:15;05.08.2025 13:15;0;1,22E-05;0;0;0;0;Filtered;Filtered;Weak Entry Signal;1
SHIBUSDT;Long;34.41010260136626;05.08.2025 14:55;05.08.2025 14:55;0;1,20E-05;0;0;0;0;Filtered;Filtered;Weak Entry Signal;1
SHIBUSDT;Short;65.29061783434364;05.08.2025 23:50;05.08.2025 23:50;0;1,21E-05;0;0;0;0;Filtered;Filtered;Weak Entry Signal;1
SHIBUSDT;Short;62.67927383493322;06.08.2025 5:50;06.08.2025 5:50;0;1,21E-05;0;0;0;0;Filtered;Filtered;Weak Entry Signal;1
SHIBUSDT;Short;61.79414724074576;06.08.2025 6:55;06.08.2025 6:55;0;1,21E-05;0;0;0;0;Filtered;Filtered;Weak Entry Signal;1
SHIBUSDT;Short;59.90754478279846;06.08.2025 7:35;06.08.2025 7:35;0;1,22E-05;0;0;0;0;Filtered;Filtered;Weak Entry Signal;1
SHIBUSDT;Short;59.11516463363016;06.08.2025 15:40;06.08.2025 15:40;0;1,23E-05;0;0;0;0;Filtered;Filtered;Weak Entry Signal;1
SHIBUSDT;Short;62.42942499672034;06.08.2025 16:05;06.08.2025 16:05;0;1,23E-05;0;0;0;0;Filtered;Filtered;Weak Entry Signal;1
SHIBUSDT;Long;38.85918756945255;07.08.2025 3:40;07.08.2025 3:40;0;1,23E-05;0;0;0;0;Filtered;Filtered;Weak Entry Signal;1
SHIBUSDT;Short;61.150062857567114;07.08.2025 6:35;07.08.2025 6:35;0;1,24E-05;0;0;0;0;Filtered;Filtered;Weak Entry Signal;1
SHIBUSDT;Short;54.904930400673294;07.08.2025 7:25;07.08.2025 7:25;0;1,24E-05;0;0;0;0;Filtered;Filtered;Weak Entry Signal;1
SHIBUSDT;Short;76.7950113456932;07.08.2025 11:30;07.08.2025 11:30;0;1,27E-05;0;0;0;0;Filtered;Filtered;Secondary TF Filter: Recent bull cross at RSI_SMA=60.74;1
SHIBUSDT;Long;39.93168744745276;07.08.2025 17:30;07.08.2025 17:30;0;1,25E-05;0;0;0;0;Filtered;Filtered;Weak Entry Signal;1
SHIBUSDT;Short;69.86101300987468;07.08.2025 20:50;07.08.2025 20:50;0;1,27E-05;0;0;0;0;Filtered;Filtered;Secondary TF Filter: Recent bull cross at RSI_SMA=64.74;1
SHIBUSDT;Short;68.79604029346932;07.08.2025 21:35;07.08.2025 21:35;0;1,27E-05;0;0;0;0;Filtered;Filtered;Secondary TF Filter: Uptrend: avg_sma_change=0.91, no_rsi_extreme=True;1
SHIBUSDT;Short;63.527273368950155;07.08.2025 21:50;07.08.2025 21:50;0;1,28E-05;0;0;0;0;Filtered;Filtered;Secondary TF Filter: Uptrend: avg_sma_change=0.91, no_rsi_extreme=True;1
SHIBUSDT;Short;59.936666757831624;08.08.2025 0:05;08.08.2025 0:05;0;1,29E-05;0;0;0;0;Filtered;Filtered;Weak Entry Signal;1
SHIBUSDT;Long;42.29803119630815;08.08.2025 6:00;08.08.2025 6:00;0;1,28E-05;0;0;0;0;Filtered;Filtered;Weak Entry Signal;1
SHIBUSDT;Short;61.014362087131836;08.08.2025 8:20;08.08.2025 8:20;0;1,30E-05;0;0;0;0;Filtered;Filtered;Weak Entry Signal;1
SHIBUSDT;Short;60.030255274363505;08.08.2025 14:15;08.08.2025 14:15;0;1,30E-05;0;0;0;0;Filtered;Filtered;Weak Entry Signal;1
SHIBUSDT;Short;72.34843396906322;08.08.2025 18:25;08.08.2025 18:25;0;1,33E-05;0;0;0;0;Filtered;Filtered;Secondary TF Filter: Recent bull cross at RSI_SMA=62.73;1
SHIBUSDT;Short;69.10697634704188;09.08.2025 6:00;09.08.2025 6:00;0;1,35E-05;0;0;0;0;Filtered;Filtered;Secondary TF Filter: Uptrend: avg_sma_change=0.77, no_rsi_extreme=True;1
SHIBUSDT;Short;61.26393809880747;09.08.2025 8:15;09.08.2025 8:15;0;1,35E-05;0;0;0;0;Filtered;Filtered;Weak Entry Signal;1
SHIBUSDT;Short;68.42426560030034;09.08.2025 10:55;09.08.2025 10:55;0;1,37E-05;0;0;0;0;Filtered;Filtered;Secondary TF Filter: Uptrend: avg_sma_change=0.92, no_rsi_extreme=True;1
SHIBUSDT;Long;39.951227204375655;09.08.2025 23:30;09.08.2025 23:30;0;1,37E-05;0;0;0;0;Filtered;Filtered;Weak Entry Signal;1
SHIBUSDT;Short;61.46453989157102;10.08.2025 4:30;10.08.2025 4:30;0;1,40E-05;0;0;0;0;Filtered;Filtered;Weak Entry Signal;1
SHIBUSDT;Short;60.1774017796799;10.08.2025 4:50;10.08.2025 4:50;0;1,40E-05;0;0;0;0;Filtered;Filtered;Weak Entry Signal;1
SHIBUSDT;Long;34.05195985779305;10.08.2025 6:40;10.08.2025 6:40;0;1,37E-05;0;0;0;0;Filtered;Filtered;Weak Entry Signal;1
SHIBUSDT;Long;31.797745912628343;10.08.2025 8:15;10.08.2025 8:15;10.08.2025 15:30;1,34E-05;1,35E-05;0,85112737;7,25;1,30E-05;Profit;Reverse Signal (Short);;0
SHIBUSDT;Short;64.28338106576055;10.08.2025 15:15;10.08.2025 15:15;0;1,36E-05;0;0;0;0;Filtered;Filtered;Weak Entry Signal;1
SHIBUSDT;Short;68.32545412104383;11.08.2025 2:55;11.08.2025 2:55;0;1,39E-05;0;0;0;0;Filtered;Filtered;Secondary TF Filter: Uptrend: avg_sma_change=2.00, no_rsi_extreme=True;1
SHIBUSDT;Long;32.91417204035811;11.08.2025 8:10;11.08.2025 8:10;0;1,35E-05;0;0;0;0;Filtered;Filtered;Weak Entry Signal;1
SHIBUSDT;Long;38.42991005430301;11.08.2025 10:25;11.08.2025 10:25;0;1,35E-05;0;0;0;0;Filtered;Filtered;Weak Entry Signal;1
SHIBUSDT;Long;25.698312180897375;11.08.2025 12:00;11.08.2025 12:00;11.08.2025 14:40;1,32E-05;1,32E-05;0,569735643;2,666666667;1,28E-05;Profit;Reverse Signal (Short);;0
SHIBUSDT;Long;26.664420719207527;11.08.2025 12:45;11.08.2025 12:45;11.08.2025 14:40;1,31E-05;1,32E-05;1,339559094;1,916666667;1,27E-05;Profit;Reverse Signal (Short);;0
SHIBUSDT;Long;31.709980801705626;11.08.2025 13:15;11.08.2025 13:15;11.08.2025 14:40;1,30E-05;1,32E-05;1,541647492;1,416666667;1,26E-05;Profit;Reverse Signal (Short);;0
SHIBUSDT;Long;39.76621033335182;11.08.2025 20:25;11.08.2025 20:25;0;1,31E-05;0;0;0;0;Filtered;Filtered;Weak Entry Signal;1
SHIBUSDT;Long;41.56246970245275;11.08.2025 21:55;11.08.2025 21:55;0;1,30E-05;0;0;0;0;Filtered;Filtered;Weak Entry Signal;1
SHIBUSDT;Long;35.614015168462174;11.08.2025 22:10;11.08.2025 22:10;0;1,29E-05;0;0;0;0;Filtered;Filtered;Weak Entry Signal;1
SHIBUSDT;Long;35.84364783582389;11.08.2025 22:25;11.08.2025 22:25;0;1,29E-05;0;0;0;0;Filtered;Filtered;Weak Entry Signal;1
SHIBUSDT;Short;59.64916464600577;12.08.2025 2:45;12.08.2025 2:45;0;1,31E-05;0;0;0;0;Filtered;Filtered;Weak Entry Signal;1
SHIBUSDT;Long;39.43930094509749;12.08.2025 10:20;12.08.2025 10:20;0;1,28E-05;0;0;0;0;Filtered;Filtered;Weak Entry Signal;1
SHIBUSDT;Long;38.87264083756086;12.08.2025 10:45;12.08.2025 10:45;0;1,28E-05;0;0;0;0;Filtered;Filtered;Weak Entry Signal;1
SHIBUSDT;Long;36.16282962245797;12.08.2025 11:15;12.08.2025 11:15;0;1,28E-05;0;0;0;0;Filtered;Filtered;Weak Entry Signal;1
SHIBUSDT;Short;60.264381127645976;12.08.2025 13:00;12.08.2025 13:00;0;1,31E-05;0;0;0;0;Filtered;Filtered;Weak Entry Signal;1
SHIBUSDT;Short;65.76773663962231;12.08.2025 13:30;12.08.2025 13:30;0;1,32E-05;0;0;0;0;Filtered;Filtered;Weak Entry Signal;1
SHIBUSDT;Short;71.96164570862568;12.08.2025 16:05;12.08.2025 16:05;0;1,34E-05;0;0;0;0;Filtered;Filtered;Secondary TF Filter: Uptrend: avg_sma_change=1.57, no_rsi_extreme=True;1
SHIBUSDT;Short;68.98571182863141;12.08.2025 17:25;12.08.2025 17:25;0;1,36E-05;0;0;0;0;Filtered;Filtered;Secondary TF Filter: Uptrend: avg_sma_change=1.71, no_rsi_extreme=True;1
SHIBUSDT;Long;44.124150316185876;13.08.2025 2:15;13.08.2025 2:15;0;1,35E-05;0;0;0;0;Filtered;Filtered;Weak Entry Signal;1
SHIBUSDT;Short;62.928959767626544;13.08.2025 3:45;13.08.2025 3:45;0;1,37E-05;0;0;0;0;Filtered;Filtered;Weak Entry Signal;1
SHIBUSDT;Short;60.17705499141752;13.08.2025 4:10;13.08.2025 4:10;0;1,37E-05;0;0;0;0;Filtered;Filtered;Weak Entry Signal;1
SHIBUSDT;Short;62.873624134830706;13.08.2025 4:35;13.08.2025 4:35;0;1,37E-05;0;0;0;0;Filtered;Filtered;Weak Entry Signal;1
SHIBUSDT;Short;59.38168797742115;13.08.2025 4:55;13.08.2025 4:55;0;1,37E-05;0;0;0;0;Filtered;Filtered;Weak Entry Signal;1
SHIBUSDT;Long;42.99910044445296;13.08.2025 6:30;13.08.2025 6:30;0;1,35E-05;0;0;0;0;Filtered;Filtered;Weak Entry Signal;1
SHIBUSDT;Short;68.8222893961456;13.08.2025 8:50;13.08.2025 8:50;13.08.2025 16:55;1,39E-05;1,38E-05;0,854885057;8,083333333;1,43E-05;Profit;Timeout;;0
SHIBUSDT;Short;60.0174225107074;13.08.2025 10:00;13.08.2025 10:00;0;1,40E-05;0;0;0;0;Filtered;Filtered;Weak Entry Signal;1
SHIBUSDT;Short;61.51918383043309;13.08.2025 10:30;13.08.2025 10:30;0;1,40E-05;0;0;0;0;Filtered;Filtered;Weak Entry Signal;1
SHIBUSDT;Short;64.02883322783075;14.08.2025 3:30;14.08.2025 3:30;0;1,41E-05;0;0;0;0;Filtered;Filtered;Weak Entry Signal;1
SHIBUSDT;Long;31.59474012967675;14.08.2025 6:25;14.08.2025 6:25;14.08.2025 10:20;1,38E-05;1,37E-05;-0,479755761;3,916666667;1,33E-05;Loss;Reverse Signal (Short);;0
SHIBUSDT;Long;38.52034425948871;14.08.2025 8:30;14.08.2025 8:30;0;1,37E-05;0;0;0;0;Filtered;Filtered;Weak Entry Signal;1
SHIBUSDT;Long;37.944722933981474;14.08.2025 8:55;14.08.2025 8:55;0;1,36E-05;0;0;0;0;Filtered;Filtered;Weak Entry Signal;1
SHIBUSDT;Long;39.79423734056021;14.08.2025 13:10;14.08.2025 13:10;0;1,31E-05;0;0;0;0;Filtered;Filtered;Weak Entry Signal;1
SHIBUSDT;Long;39.30064817865299;14.08.2025 16:50;14.08.2025 16:50;0;1,29E-05;0;0;0;0;Filtered;Filtered;Weak Entry Signal;1
SHIBUSDT;Short;60.676109991028746;14.08.2025 23:40;14.08.2025 23:40;0;1,29E-05;0;0;0;0;Filtered;Filtered;Weak Entry Signal;1
SHIBUSDT;Short;62.014686848837556;15.08.2025 2:30;15.08.2025 2:30;0;1,30E-05;0;0;0;0;Filtered;Filtered;Weak Entry Signal;1
SHIBUSDT;Short;61.30390255538446;15.08.2025 4:25;15.08.2025 4:25;0;1,30E-05;0;0;0;0;Filtered;Filtered;Weak Entry Signal;1
SHIBUSDT;Long;37.334080220592924;15.08.2025 15:15;15.08.2025 15:15;0;1,28E-05;0;0;0;0;Filtered;Filtered;Weak Entry Signal;1
SHIBUSDT;Long;37.22248202445669;15.08.2025 15:50;15.08.2025 15:50;0;1,26E-05;0;0;0;0;Filtered;Filtered;Weak Entry Signal;1
SHIBUSDT;Long;35.03949510079856;15.08.2025 16:10;15.08.2025 16:10;0;1,26E-05;0;0;0;0;Filtered;Filtered;Weak Entry Signal;1
SHIBUSDT;Short;58.60602879362469;15.08.2025 22:10;15.08.2025 22:10;0;1,28E-05;0;0;0;0;Filtered;Filtered;Weak Entry Signal;1
SHIBUSDT;Short;61.305018801016836;15.08.2025 22:25;15.08.2025 22:25;0;1,28E-05;0;0;0;0;Filtered;Filtered;Weak Entry Signal;1
SHIBUSDT;Short;59.86884162113542;15.08.2025 23:00;15.08.2025 23:00;0;1,29E-05;0;0;0;0;Filtered;Filtered;Weak Entry Signal;1
SHIBUSDT;Short;60.357086617704404;16.08.2025 1:15;16.08.2025 1:15;0;1,30E-05;0;0;0;0;Filtered;Filtered;Weak Entry Signal;1
SHIBUSDT;Long;45.02177872355502;16.08.2025 6:40;16.08.2025 6:40;0;1,29E-05;0;0;0;0;Filtered;Filtered;Weak Entry Signal;1
SHIBUSDT;Long;36.881781763051315;16.08.2025 10:55;16.08.2025 10:55;0;1,29E-05;0;0;0;0;Filtered;Filtered;Weak Entry Signal;1
SHIBUSDT;Short;59.09504213710217;16.08.2025 15:40;16.08.2025 15:40;0;1,30E-05;0;0;0;0;Filtered;Filtered;Weak Entry Signal;1
SHIBUSDT;Short;58.561656550274755;16.08.2025 16:05;16.08.2025 16:05;0;1,30E-05;0;0;0;0;Filtered;Filtered;Weak Entry Signal;1
SHIBUSDT;Short;55.442470899144254;16.08.2025 16:20;16.08.2025 16:20;0;1,30E-05;0;0;0;0;Filtered;Filtered;Weak Entry Signal;1
SHIBUSDT;Short;54.2523553725233;17.08.2025 3:20;17.08.2025 3:20;0;1,30E-05;0;0;0;0;Filtered;Filtered;Weak Entry Signal;1
SHIBUSDT;Short;59.21321997892184;17.08.2025 3:45;17.08.2025 3:45;0;1,30E-05;0;0;0;0;Filtered;Filtered;Weak Entry Signal;1
SHIBUSDT;Short;59.734911723226645;17.08.2025 4:25;17.08.2025 4:25;0;1,31E-05;0;0;0;0;Filtered;Filtered;Weak Entry Signal;1
SHIBUSDT;Short;60.96032092290838;17.08.2025 5:30;17.08.2025 5:30;0;1,31E-05;0;0;0;0;Filtered;Filtered;Weak Entry Signal;1
SHIBUSDT;Short;67.68539567155537;17.08.2025 16:10;17.08.2025 16:10;0;1,33E-05;0;0;0;0;Filtered;Filtered;Weak Entry Signal;1
SHIBUSDT;Long;40.67507701282551;17.08.2025 19:20;17.08.2025 19:20;0;1,31E-05;0;0;0;0;Filtered;Filtered;Weak Entry Signal;1
SHIBUSDT;Long;33.375020462868235;17.08.2025 20:10;17.08.2025 20:10;0;1,30E-05;0;0;0;0;Filtered;Filtered;Weak Entry Signal;1
SHIBUSDT;Long;35.18846662989854;18.08.2025 0:40;18.08.2025 0:40;0;1,30E-05;0;0;0;0;Filtered;Filtered;Weak Entry Signal;1
SHIBUSDT;Long;34.19468102323589;18.08.2025 2:35;18.08.2025 2:35;0;1,27E-05;0;0;0;0;Filtered;Filtered;Secondary TF Filter: Downtrend: avg_sma_change=-2.45, no_rsi_extreme=True;1
SHIBUSDT;Long;26.878555988295346;18.08.2025 2:55;18.08.2025 2:55;0;1,26E-05;0;0;0;0;Filtered;Filtered;Secondary TF Filter: Downtrend: avg_sma_change=-2.45, no_rsi_extreme=True;1
SHIBUSDT;Long;28.936201649870497;18.08.2025 3:40;18.08.2025 3:40;0;1,26E-05;0;0;0;0;Filtered;Filtered;Secondary TF Filter: Downtrend: avg_sma_change=-2.65, no_rsi_extreme=True;1
SHIBUSDT;Short;60.74416612447753;18.08.2025 13:05;18.08.2025 13:05;0;1,27E-05;0;0;0;0;Filtered;Filtered;Weak Entry Signal;1
SHIBUSDT;Short;59.28028945961542;18.08.2025 22:40;18.08.2025 22:40;0;1,28E-05;0;0;0;0;Filtered;Filtered;Weak Entry Signal;1
SHIBUSDT;Long;35.42857927924456;19.08.2025 0:35;19.08.2025 0:35;0;1,27E-05;0;0;0;0;Filtered;Filtered;Weak Entry Signal;1
SHIBUSDT;Long;43.86014586772525;19.08.2025 2:25;19.08.2025 2:25;0;1,27E-05;0;0;0;0;Filtered;Filtered;Weak Entry Signal;1
SHIBUSDT;Long;42.5515309969954;19.08.2025 3:15;19.08.2025 3:15;0;1,26E-05;0;0;0;0;Filtered;Filtered;Weak Entry Signal;1
SHIBUSDT;Long;35.2721300736583;19.08.2025 4:15;19.08.2025 4:15;19.08.2025 05:50;1,24E-05;1,25E-05;0,884386557;1,583333333;1,21E-05;Profit;Reverse Signal (Short);;0
SHIBUSDT;Short;58.981715287359876;19.08.2025 10:00;19.08.2025 10:00;0;1,26E-05;0;0;0;0;Filtered;Filtered;Weak Entry Signal;1
SHIBUSDT;Short;62.633034830834575;19.08.2025 10:15;19.08.2025 10:15;0;1,26E-05;0;0;0;0;Filtered;Filtered;Weak Entry Signal;1
SHIBUSDT;Short;61.83698827660092;19.08.2025 10:50;19.08.2025 10:50;0;1,26E-05;0;0;0;0;Filtered;Filtered;Weak Entry Signal;1
SHIBUSDT;Short;57.438504701045076;19.08.2025 11:25;19.08.2025 11:25;0;1,26E-05;0;0;0;0;Filtered;Filtered;Weak Entry Signal;1
SHIBUSDT;Long;34.36684207822594;19.08.2025 15:10;19.08.2025 15:10;0;1,23E-05;0;0;0;0;Filtered;Filtered;Weak Entry Signal;1
SHIBUSDT;Long;35.91557182788222;19.08.2025 16:50;19.08.2025 16:50;0;1,22E-05;0;0;0;0;Filtered;Filtered;Weak Entry Signal;1
SHIBUSDT;Long;39.81692039623144;19.08.2025 17:10;19.08.2025 17:10;0;1,22E-05;0;0;0;0;Filtered;Filtered;Weak Entry Signal;1
SHIBUSDT;Short;56.79045053030888;20.08.2025 15:45;20.08.2025 15:45;0;1,24E-05;0;0;0;0;Filtered;Filtered;Weak Entry Signal;1
SHIBUSDT;Short;60.52636506936888;20.08.2025 16:35;20.08.2025 16:35;0;1,25E-05;0;0;0;0;Filtered;Filtered;Weak Entry Signal;1
SHIBUSDT;Short;57.693722060087325;20.08.2025 16:55;20.08.2025 16:55;0;1,25E-05;0;0;0;0;Filtered;Filtered;Weak Entry Signal;1
SHIBUSDT;Short;57.90524385400781;20.08.2025 17:10;20.08.2025 17:10;0;1,25E-05;0;0;0;0;Filtered;Filtered;Weak Entry Signal;1
SHIBUSDT;Short;61.3435860137705;20.08.2025 20:15;20.08.2025 20:15;0;1,26E-05;0;0;0;0;Filtered;Filtered;Weak Entry Signal;1
SHIBUSDT;Short;56.75641361456145;21.08.2025 19:10;21.08.2025 19:10;0;1,24E-05;0;0;0;0;Filtered;Filtered;Weak Entry Signal;1
SHIBUSDT;Short;57.99382745642827;22.08.2025 2:35;22.08.2025 2:35;0;1,25E-05;0;0;0;0;Filtered;Filtered;Weak Entry Signal;1
SHIBUSDT;Long;30.995581820838268;22.08.2025 11:45;22.08.2025 11:45;22.08.2025 15:10;1,23E-05;1,29E-05;4,895561358;3,416666667;1,19E-05;Profit;Reverse Signal (Short);;0
SHIBUSDT;Long;32.70716350324942;22.08.2025 12:40;22.08.2025 12:40;22.08.2025 15:10;1,21E-05;1,29E-05;6,125144461;2,5;1,18E-05;Profit;Reverse Signal (Short);;0
SHIBUSDT;Short;73.26944649644251;22.08.2025 15:05;22.08.2025 15:05;0;1,29E-05;0;0;0;0;Filtered;Filtered;Secondary TF Filter: Recent bull cross at RSI_SMA=49.35;1
SHIBUSDT;Short;69.98794786164137;22.08.2025 16:35;22.08.2025 16:35;0;1,31E-05;0;0;0;0;Filtered;Filtered;Secondary TF Filter: Recent bull cross at RSI_SMA=49.35;1
SHIBUSDT;Long;31.255885955126843;23.08.2025 1:45;23.08.2025 1:45;0;1,31E-05;0;0;0;0;Filtered;Filtered;Weak Entry Signal;1
SHIBUSDT;Long;35.211194661249664;23.08.2025 2:50;23.08.2025 2:50;0;1,30E-05;0;0;0;0;Filtered;Filtered;Weak Entry Signal;1
SHIBUSDT;Short;69.53187334656243;23.08.2025 6:05;23.08.2025 6:05;0;1,33E-05;0;0;0;0;Filtered;Filtered;Secondary TF Filter: Uptrend: avg_sma_change=1.54, no_rsi_extreme=True;1
SHIBUSDT;Short;66.29716986896756;23.08.2025 20:00;23.08.2025 20:00;0;1,33E-05;0;0;0;0;Filtered;Filtered;Weak Entry Signal;1
SHIBUSDT;Long;29.619056336608992;24.08.2025 7:05;24.08.2025 7:05;24.08.2025 13:40;1,30E-05;1,29E-05;-0,924000924;6,583333333;1,26E-05;Loss;Reverse Signal (Short);;0
SHIBUSDT;Long;32.26492721756203;24.08.2025 10:50;24.08.2025 10:50;0;1,28E-05;0;0;0;0;Filtered;Filtered;Secondary TF Filter: Downtrend: avg_sma_change=-1.95, no_rsi_extreme=True;1
SHIBUSDT;Short;55.077608863283096;24.08.2025 15:35;24.08.2025 15:35;0;1,29E-05;0;0;0;0;Filtered;Filtered;Weak Entry Signal;1
SHIBUSDT;Short;80.23190321525982;24.08.2025 19:20;24.08.2025 19:20;0;1,35E-05;0;0;0;0;Filtered;Filtered;Secondary TF Filter: Recent bull cross at RSI_SMA=26.70;1
SHIBUSDT;Long;42.38904632370008;25.08.2025 1:10;25.08.2025 1:10;0;1,29E-05;0;0;0;0;Filtered;Filtered;Weak Entry Signal;1
SHIBUSDT;Short;57.29864023319185;25.08.2025 3:10;25.08.2025 3:10;0;1,31E-05;0;0;0;0;Filtered;Filtered;Weak Entry Signal;1
SHIBUSDT;Long;33.662042510141276;25.08.2025 5:40;25.08.2025 5:40;0;1,28E-05;0;0;0;0;Filtered;Filtered;Weak Entry Signal;1
SHIBUSDT;Long;29.132032269755996;25.08.2025 6:10;25.08.2025 6:10;25.08.2025 08:05;1,27E-05;1,23E-05;-3;1,916666667;1,23E-05;Loss;Stop Loss;;0
SHIBUSDT;Long;30.12168390800292;25.08.2025 6:35;25.08.2025 6:35;25.08.2025 10:25;1,27E-05;1,23E-05;-3;3,833333333;1,23E-05;Loss;Stop Loss;;0
SHIBUSDT;Long;29.18842217409862;25.08.2025 7:10;25.08.2025 7:10;25.08.2025 12:15;1,26E-05;1,24E-05;-1,660707191;5,083333333;1,22E-05;Loss;Reverse Signal (Short);;0
SHIBUSDT;Long;27.189090861612556;25.08.2025 8:10;25.08.2025 8:10;25.08.2025 12:15;1,24E-05;1,24E-05;-0,273972603;4,083333333;1,20E-05;Loss;Reverse Signal (Short);;0
SHIBUSDT;Long;30.68864962447256;25.08.2025 20:40;25.08.2025 20:40;0;1,19E-05;0;0;0;0;Filtered;Filtered;Secondary TF Filter: Downtrend: avg_sma_change=-1.91, no_rsi_extreme=True;1
SHIBUSDT;Short;58.655136015878846;26.08.2025 2:20;26.08.2025 2:20;0;1,21E-05;0;0;0;0;Filtered;Filtered;Weak Entry Signal;1
SHIBUSDT;Short;72.08687319291136;26.08.2025 20:20;26.08.2025 20:20;0;1,26E-05;0;0;0;0;Filtered;Filtered;Secondary TF Filter: Uptrend: avg_sma_change=2.06, no_rsi_extreme=True;1
SHIBUSDT;Long;37.500455116044236;27.08.2025 1:20;27.08.2025 1:20;0;1,24E-05;0;0;0;0;Filtered;Filtered;Weak Entry Signal;1
SHIBUSDT;Short;63.420031440240926;27.08.2025 4:50;27.08.2025 4:50;0;1,26E-05;0;0;0;0;Filtered;Filtered;Weak Entry Signal;1
SHIBUSDT;Long;34.291736644823686;27.08.2025 8:00;27.08.2025 8:00;0;1,25E-05;0;0;0;0;Filtered;Filtered;Weak Entry Signal;1
SHIBUSDT;Long;33.53415328583614;27.08.2025 8:20;27.08.2025 8:20;0;1,24E-05;0;0;0;0;Filtered;Filtered;Weak Entry Signal;1
SHIBUSDT;Short;59.01814677570653;27.08.2025 15:20;27.08.2025 15:20;0;1,26E-05;0;0;0;0;Filtered;Filtered;Weak Entry Signal;1
SHIBUSDT;Short;61.95952036753101;28.08.2025 5:10;28.08.2025 5:10;0;1,26E-05;0;0;0;0;Filtered;Filtered;Weak Entry Signal;1
